frame;landmark_id;landmark_name;x;y;z;visibility;presence;detected
0;0;NOSE;0.6795288920402527;0.5104683041572571;-0.059817373752593994;0.9999663829803467;0.9999896287918091;True
0;1;LEFT_EYE_INNER;0.6827736496925354;0.4995414912700653;-0.07098324596881866;0.999945878982544;0.9999877214431763;True
0;2;LEFT_EYE;0.6833949685096741;0.4998307526111603;-0.07112232595682144;0.9999550580978394;0.9999902248382568;True
0;3;LEFT_EYE_OUTER;0.6838262677192688;0.499862939119339;-0.07109105587005615;0.9999650716781616;0.9999897480010986;True
0;4;RIGHT_EYE_INNER;0.6835736632347107;0.4994219243526459;-0.04810773581266403;0.9999574422836304;0.9999830722808838;True
0;5;RIGHT_EYE;0.6848952174186707;0.49974262714385986;-0.04825003072619438;0.9999682903289795;0.9999867677688599;True
0;6;RIGHT_EYE_OUTER;0.6862271428108215;0.49989181756973267;-0.04831458628177643;0.9999737739562988;0.9999856948852539;True
0;7;LEFT_EAR;0.6923701763153076;0.5056217908859253;-0.09900123625993729;0.9999797344207764;0.9999914169311523;True
0;8;RIGHT_EAR;0.6937821507453918;0.5058958530426025;0.005298630800098181;0.999941349029541;0.9999867677688599;True
0;9;MOUTH_LEFT;0.6835519075393677;0.5240730047225952;-0.06688082218170166;0.999977707862854;0.9999970197677612;True
0;10;MOUTH_RIGHT;0.684702455997467;0.5244259238243103;-0.03809694945812225;0.9999592304229736;0.9999911785125732;True
0;11;LEFT_SHOULDER;0.719903290271759;0.5646489858627319;-0.1521112322807312;0.9999966621398926;0.9999990463256836;True
0;12;RIGHT_SHOULDER;0.7091779112815857;0.576955258846283;0.09316424280405045;0.9999352693557739;0.999990701675415;True
0;13;LEFT_ELBOW;0.7580156922340393;0.6303550601005554;-0.19382049143314362;0.9993841648101807;0.9999632835388184;True
0;14;RIGHT_ELBOW;0.7217944860458374;0.6625676155090332;0.10516907274723053;0.15477365255355835;0.9999642372131348;True
0;15;LEFT_WRIST;0.7476269602775574;0.7215210199356079;-0.20772768557071686;0.9972758889198303;0.9999903440475464;True
0;16;RIGHT_WRIST;0.7122014164924622;0.7294637560844421;0.01416111271828413;0.6571148037910461;0.9999972581863403;True
0;17;LEFT_PINKY;0.7473899722099304;0.7451475262641907;-0.23250415921211243;0.9938627481460571;0.9999752044677734;True
0;18;RIGHT_PINKY;0.7135981917381287;0.7502747774124146;0.003256599185988307;0.7271407246589661;0.9999961853027344;True
0;19;LEFT_INDEX;0.7400952577590942;0.7456176280975342;-0.2317265421152115;0.9933457374572754;0.9999728202819824;True
0;20;RIGHT_INDEX;0.7126092314720154;0.752031147480011;-0.0183835681527853;0.7362728714942932;0.9999957084655762;True
0;21;LEFT_THUMB;0.7393964529037476;0.7386757135391235;-0.20607329905033112;0.9868539571762085;0.9999849796295166;True
0;22;RIGHT_THUMB;0.7130165696144104;0.7454018592834473;0.0015187178505584598;0.7014473676681519;0.9999973773956299;True
0;23;LEFT_HIP;0.7541874051094055;0.7141180038452148;-0.07881681621074677;0.9999877214431763;0.9999984502792358;True
0;24;RIGHT_HIP;0.7518018484115601;0.7199028134346008;0.07882176339626312;0.9999792575836182;0.9999985694885254;True
0;25;LEFT_KNEE;0.7174524068832397;0.8219248652458191;-0.09817700833082199;0.9968327879905701;0.9999978542327881;True
0;26;RIGHT_KNEE;0.7679802775382996;0.8445112705230713;0.06003928557038307;0.8360258340835571;0.9999985694885254;True
0;27;LEFT_ANKLE;0.7468476891517639;0.9507163763046265;-0.036177512258291245;0.9966236352920532;0.9999803304672241;True
0;28;RIGHT_ANKLE;0.8123750686645508;0.9487665295600891;0.09195316582918167;0.9633050560951233;0.9999896287918091;True
0;29;LEFT_HEEL;0.7567164897918701;0.9739875197410583;-0.03410777077078819;0.9871600866317749;0.9999282360076904;True
0;30;RIGHT_HEEL;0.8259134888648987;0.9666597843170166;0.09205978363752365;0.9632962346076965;0.9999781847000122;True
0;31;LEFT_FOOT_INDEX;0.7150232791900635;0.9796580076217651;-0.08829052001237869;0.9965729713439941;0.9999305009841919;True
0;32;RIGHT_FOOT_INDEX;0.7904675602912903;0.984695553779602;0.04817016050219536;0.9789628386497498;0.999950647354126;True
1;0;NOSE;0.6795499324798584;0.5105178952217102;-0.062027476727962494;0.9999691843986511;0.9999983310699463;True
1;1;LEFT_EYE_INNER;0.6827710270881653;0.49963945150375366;-0.0749875009059906;0.9999505877494812;0.9999979734420776;True
1;2;LEFT_EYE;0.6833898425102234;0.49991557002067566;-0.07512552291154861;0.9999589323997498;0.9999984502792358;True
1;3;LEFT_EYE_OUTER;0.6838196516036987;0.4999420642852783;-0.07510542869567871;0.9999681115150452;0.9999984502792358;True
1;4;RIGHT_EYE_INNER;0.6835684180259705;0.4995059669017792;-0.05116044729948044;0.9999610781669617;0.9999966621398926;True
1;5;RIGHT_EYE;0.6848899126052856;0.4997997581958771;-0.051295939832925797;0.9999709725379944;0.9999971389770508;True
1;6;RIGHT_EYE_OUTER;0.6862262487411499;0.4999283254146576;-0.05133960396051407;0.9999759793281555;0.9999967813491821;True
1;7;LEFT_EAR;0.6923646330833435;0.5056226849555969;-0.10999761521816254;0.9999815225601196;0.9999990463256836;True
1;8;RIGHT_EAR;0.6937783360481262;0.5058942437171936;-0.0007421993068419397;0.9999461770057678;0.9999971389770508;True
1;9;MOUTH_LEFT;0.6836532950401306;0.524074912071228;-0.07129598408937454;0.9999797344207764;0.9999996423721313;True
1;10;MOUTH_RIGHT;0.6847683787345886;0.5244358777999878;-0.04115665704011917;0.9999628067016602;0.9999988079071045;True
1;11;LEFT_SHOULDER;0.7200793027877808;0.563858687877655;-0.1665879786014557;0.9999969601631165;0.9999998807907104;True
1;12;RIGHT_SHOULDER;0.709033727645874;0.5764503479003906;0.09009753912687302;0.9999401569366455;0.9999977350234985;True
1;13;LEFT_ELBOW;0.7574727535247803;0.6303592920303345;-0.20597553253173828;0.999420166015625;0.999992847442627;True
1;14;RIGHT_ELBOW;0.7217901349067688;0.6618105173110962;0.10890572518110275;0.16224685311317444;0.9999853372573853;True
1;15;LEFT_WRIST;0.7479856610298157;0.7209903597831726;-0.21027880907058716;0.997462272644043;0.9999977350234985;True
1;16;RIGHT_WRIST;0.7123144865036011;0.7287587523460388;0.02986931800842285;0.6735842823982239;0.9999990463256836;True
1;17;LEFT_PINKY;0.7479369640350342;0.7451364398002625;-0.2341012805700302;0.9942554831504822;0.9999935626983643;True
1;18;RIGHT_PINKY;0.7137243747711182;0.7502744197845459;0.02196410857141018;0.7410852313041687;0.9999985694885254;True
1;19;LEFT_INDEX;0.740979790687561;0.745499312877655;-0.2329282909631729;0.9937711358070374;0.9999924898147583;True
1;20;RIGHT_INDEX;0.7127663493156433;0.7519242167472839;-0.0013909188564866781;0.750006377696991;0.9999983310699463;True
1;21;LEFT_THUMB;0.7400070428848267;0.7385002970695496;-0.20819292962551117;0.9876770377159119;0.9999960660934448;True
1;22;RIGHT_THUMB;0.7133515477180481;0.7450771331787109;0.01680622063577175;0.7168237566947937;0.9999990463256836;True
1;23;LEFT_HIP;0.7538542151451111;0.7137271165847778;-0.07989099621772766;0.9999883770942688;0.9999992847442627;True
1;24;RIGHT_HIP;0.7519770264625549;0.7186301946640015;0.07986680418252945;0.9999803304672241;0.9999991655349731;True
1;25;LEFT_KNEE;0.7174591422080994;0.8219767808914185;-0.0981328934431076;0.9969361424446106;0.9999990463256836;True
1;26;RIGHT_KNEE;0.767462968826294;0.8427167534828186;0.06925199925899506;0.8436203002929688;0.9999990463256836;True
1;27;LEFT_ANKLE;0.7468528151512146;0.9503254294395447;-0.03773973882198334;0.9967390894889832;0.9999874830245972;True
1;28;RIGHT_ANKLE;0.8123772144317627;0.9493004679679871;0.09618321061134338;0.9649839997291565;0.9999905824661255;True
1;29;LEFT_HEEL;0.7568414807319641;0.9739077091217041;-0.035853780806064606;0.9874207377433777;0.9999450445175171;True
1;30;RIGHT_HEEL;0.8259384632110596;0.9666794538497925;0.09591791778802872;0.9646422863006592;0.9999778270721436;True
1;31;LEFT_FOOT_INDEX;0.7151930928230286;0.9799890518188477;-0.08854453265666962;0.9967070817947388;0.9999356269836426;True
1;32;RIGHT_FOOT_INDEX;0.7898333072662354;0.9855283498764038;0.0549112893640995;0.9799990057945251;0.9999397993087769;True
2;0;NOSE;0.6778174638748169;0.512026846408844;-0.06222206726670265;0.9999719858169556;0.9999992847442627;True
2;1;LEFT_EYE_INNER;0.6812177896499634;0.5019775032997131;-0.07505711913108826;0.9999552369117737;0.9999991655349731;True
2;2;LEFT_EYE;0.6820259690284729;0.5022802948951721;-0.0751948207616806;0.9999628067016602;0.9999992847442627;True
2;3;LEFT_EYE_OUTER;0.6826183795928955;0.5023190975189209;-0.07517621666193008;0.9999711513519287;0.9999992847442627;True
2;4;RIGHT_EYE_INNER;0.6822630763053894;0.5014739632606506;-0.051196616142988205;0.999964714050293;0.9999985694885254;True
2;5;RIGHT_EYE;0.6838952898979187;0.501621663570404;-0.051329877227544785;0.9999736547470093;0.9999988079071045;True
2;6;RIGHT_EYE_OUTER;0.6853634119033813;0.5016304850578308;-0.051369570195674896;0.9999781847000122;0.9999985694885254;True
2;7;LEFT_EAR;0.6906204223632812;0.5077448487281799;-0.10882890969514847;0.9999833106994629;0.9999995231628418;True
2;8;RIGHT_EAR;0.6925410032272339;0.5076701641082764;-9.195823076879606e-05;0.9999511241912842;0.9999986886978149;True
2;9;MOUTH_LEFT;0.6822144985198975;0.5252072811126709;-0.07140827924013138;0.9999816417694092;0.9999998807907104;True
2;10;MOUTH_RIGHT;0.6835487484931946;0.5254426598548889;-0.04119960963726044;0.9999663233757019;0.9999994039535522;True
2;11;LEFT_SHOULDER;0.7201948761940002;0.5649763345718384;-0.16505001485347748;0.9999971985816956;0.9999998807907104;True
2;12;RIGHT_SHOULDER;0.7049490213394165;0.5769714713096619;0.09063337743282318;0.9999449849128723;0.9999985694885254;True
2;13;LEFT_ELBOW;0.7558026909828186;0.6347364783287048;-0.203834667801857;0.9994625449180603;0.9999940395355225;True
2;14;RIGHT_ELBOW;0.7176530361175537;0.6617912650108337;0.11292849481105804;0.18041013181209564;0.9999896287918091;True
2;15;LEFT_WRIST;0.7468389272689819;0.7225318551063538;-0.20931094884872437;0.997668445110321;0.9999985694885254;True
2;16;RIGHT_WRIST;0.7045746445655823;0.7287769317626953;0.0322214812040329;0.6948617696762085;0.9999992847442627;True
2;17;LEFT_PINKY;0.7476661801338196;0.7471888661384583;-0.23309260606765747;0.994700014591217;0.9999963045120239;True
2;18;RIGHT_PINKY;0.7052236199378967;0.7511996030807495;0.02448795922100544;0.7585024833679199;0.9999990463256836;True
2;19;LEFT_INDEX;0.7406769394874573;0.7472596168518066;-0.23202893137931824;0.9942529797554016;0.9999957084655762;True
2;20;RIGHT_INDEX;0.7048481702804565;0.7526988983154297;0.000377698423108086;0.7670764923095703;0.9999988079071045;True
2;21;LEFT_THUMB;0.7395914793014526;0.7400388717651367;-0.20725487172603607;0.9886193871498108;0.9999978542327881;True
2;22;RIGHT_THUMB;0.705447256565094;0.7453823089599609;0.018873583525419235;0.7359820604324341;0.9999994039535522;True
2;23;LEFT_HIP;0.7535558342933655;0.7132911682128906;-0.08099807798862457;0.999988853931427;0.9999988079071045;True
2;24;RIGHT_HIP;0.7508575320243835;0.7181041836738586;0.08096174150705338;0.999981164932251;0.9999988079071045;True
2;25;LEFT_KNEE;0.7128083109855652;0.8219937086105347;-0.10608897358179092;0.9971131086349487;0.9999990463256836;True
2;26;RIGHT_KNEE;0.7674599885940552;0.8427022099494934;0.06475634127855301;0.853054404258728;0.9999990463256836;True
2;27;LEFT_ANKLE;0.7362926006317139;0.9508295059204102;-0.06701315939426422;0.9969298243522644;0.9999830722808838;True
2;28;RIGHT_ANKLE;0.8123595118522644;0.9494063854217529;0.07944872230291367;0.9668335318565369;0.9999866485595703;True
2;29;LEFT_HEEL;0.7472047209739685;0.9762815237045288;-0.0673530325293541;0.9881473779678345;0.9999234676361084;True
2;30;RIGHT_HEEL;0.8259099721908569;0.9667832851409912;0.07799902558326721;0.9665449261665344;0.9999674558639526;True
2;31;LEFT_FOOT_INDEX;0.7027289271354675;0.979303777217865;-0.1226562038064003;0.996911346912384;0.9999213218688965;True
2;32;RIGHT_FOOT_INDEX;0.7894185781478882;0.9853459000587463;0.03586450591683388;0.9811344742774963;0.9999265670776367;True
3;0;NOSE;0.6739251017570496;0.5157176852226257;-0.06187571585178375;0.9999746680259705;0.9999996423721313;True
3;1;LEFT_EYE_INNER;0.6777507066726685;0.5057712197303772;-0.07431260496377945;0.9999595284461975;0.9999995231628418;True
3;2;LEFT_EYE;0.6788946390151978;0.5062072277069092;-0.07444924861192703;0.9999663829803467;0.9999996423721313;True
3;3;LEFT_EYE_OUTER;0.6797679662704468;0.5063713788986206;-0.07443709671497345;0.9999739527702332;0.9999996423721313;True
3;4;RIGHT_EYE_INNER;0.678673505783081;0.505093514919281;-0.0500340536236763;0.9999681115150452;0.9999992847442627;True
3;5;RIGHT_EYE;0.6805703639984131;0.5053380727767944;-0.05016219615936279;0.9999761581420898;0.9999994039535522;True
3;6;RIGHT_EYE_OUTER;0.6822013258934021;0.505513608455658;-0.05018321052193642;0.9999802708625793;0.9999992847442627;True
3;7;LEFT_EAR;0.6880515813827515;0.512243390083313;-0.10722450911998749;0.9999849200248718;0.9999997615814209;True
3;8;RIGHT_EAR;0.6894277930259705;0.5121641755104065;0.0044411965645849705;0.9999557733535767;0.9999994039535522;True
3;9;MOUTH_LEFT;0.6791000962257385;0.5289660692214966;-0.07110151648521423;0.9999834299087524;0.9999998807907104;True
3;10;MOUTH_RIGHT;0.6801831126213074;0.5291957259178162;-0.040223218500614166;0.9999696016311646;0.9999996423721313;True
3;11;LEFT_SHOULDER;0.719450831413269;0.5691858530044556;-0.1624210923910141;0.9999974370002747;0.9999998807907104;True
3;12;RIGHT_SHOULDER;0.6991666555404663;0.5809736847877502;0.09704067558050156;0.9999498128890991;0.999998927116394;True
3;13;LEFT_ELBOW;0.7525308132171631;0.6407368779182434;-0.19423294067382812;0.9995062351226807;0.9999948740005493;True
3;14;RIGHT_ELBOW;0.7087951898574829;0.6620796322822571;0.12866802513599396;0.2228359878063202;0.999992847442627;True
3;15;LEFT_WRIST;0.744788408279419;0.7256934642791748;-0.19702188670635223;0.9978765249252319;0.9999991655349731;True
3;16;RIGHT_WRIST;0.695144772529602;0.7289211750030518;0.05339306220412254;0.7218824625015259;0.9999996423721313;True
3;17;LEFT_PINKY;0.7470688223838806;0.7494384050369263;-0.22148887813091278;0.9951595664024353;0.9999980926513672;True
3;18;RIGHT_PINKY;0.6939405798912048;0.7520299553871155;0.04724655672907829;0.779768705368042;0.9999994039535522;True
3;19;LEFT_INDEX;0.7395552396774292;0.7495637536048889;-0.22083033621311188;0.9947519302368164;0.9999978542327881;True
3;20;RIGHT_INDEX;0.6939116716384888;0.7533648014068604;0.021235262975096703;0.7877649068832397;0.9999994039535522;True
3;21;LEFT_THUMB;0.7384865880012512;0.7420812249183655;-0.19539089500904083;0.9896031022071838;0.999998927116394;True
3;22;RIGHT_THUMB;0.6949805021286011;0.7461907863616943;0.03953363746404648;0.7592418789863586;0.9999996423721313;True
3;23;LEFT_HIP;0.7533085942268372;0.713292121887207;-0.08147754520177841;0.9999890327453613;0.999997615814209;True
3;24;RIGHT_HIP;0.7475758790969849;0.7183202505111694;0.08142852783203125;0.9999817609786987;0.9999974966049194;True
3;25;LEFT_KNEE;0.7061789631843567;0.8205870985984802;-0.1289394646883011;0.9973112344741821;0.9999985694885254;True
3;26;RIGHT_KNEE;0.7674791216850281;0.8432856798171997;0.05703117325901985;0.8637498021125793;0.9999983310699463;True
3;27;LEFT_ANKLE;0.7233589291572571;0.9505554437637329;-0.10666035115718842;0.9971336722373962;0.999976634979248;True
3;28;RIGHT_ANKLE;0.8123690485954285;0.9493463635444641;0.07796086370944977;0.9689931869506836;0.999971866607666;True
3;29;LEFT_HEEL;0.7344928979873657;0.976933479309082;-0.10864998400211334;0.989016592502594;0.9999018907546997;True
3;30;RIGHT_HEEL;0.8259228467941284;0.9668337106704712;0.07720068842172623;0.968744695186615;0.9999384880065918;True
3;31;LEFT_FOOT_INDEX;0.6894950866699219;0.9730350971221924;-0.16653238236904144;0.9971300363540649;0.9998940229415894;True
3;32;RIGHT_FOOT_INDEX;0.7895916104316711;0.9848392009735107;0.03446872532367706;0.9823468923568726;0.9998915195465088;True
4;0;NOSE;0.6733502745628357;0.516616940498352;-0.053351469337940216;0.9999770522117615;0.9999996423721313;True
4;1;LEFT_EYE_INNER;0.6764599084854126;0.5068497657775879;-0.06623413413763046;0.9999634027481079;0.9999995231628418;True
4;2;LEFT_EYE;0.6773413419723511;0.5074846744537354;-0.06636517494916916;0.9999696016311646;0.9999996423721313;True
4;3;LEFT_EYE_OUTER;0.6780836582183838;0.5078976154327393;-0.06635657697916031;0.9999764561653137;0.9999996423721313;True
4;4;RIGHT_EYE_INNER;0.6773402690887451;0.5062845349311829;-0.041711047291755676;0.9999711513519287;0.9999992847442627;True
4;5;RIGHT_EYE;0.6790341138839722;0.506833016872406;-0.041828703135252;0.9999784231185913;0.9999994039535522;True
4;6;RIGHT_EYE_OUTER;0.6806629300117493;0.5073327422142029;-0.04183492437005043;0.9999821186065674;0.9999992847442627;True
4;7;LEFT_EAR;0.6868200898170471;0.5137038826942444;-0.10233056545257568;0.9999864101409912;0.9999997615814209;True
4;8;RIGHT_EAR;0.6880751252174377;0.5138025879859924;0.010544316843152046;0.9999599456787109;0.9999992847442627;True
4;9;MOUTH_LEFT;0.6778312921524048;0.529809832572937;-0.06367772817611694;0.9999850392341614;0.9999998807907104;True
4;10;MOUTH_RIGHT;0.6790361404418945;0.5300605893135071;-0.03237321600317955;0.9999725222587585;0.9999997615814209;True
4;11;LEFT_SHOULDER;0.7179043889045715;0.5715539455413818;-0.1619499772787094;0.9999976754188538;0.9999998807907104;True
4;12;RIGHT_SHOULDER;0.6987369060516357;0.5819156169891357;0.10106924176216125;0.9999542236328125;0.9999990463256836;True
4;13;LEFT_ELBOW;0.751068651676178;0.6424827575683594;-0.1979319453239441;0.9995419979095459;0.9999957084655762;True
4;14;RIGHT_ELBOW;0.7067674994468689;0.6623561978340149;0.1306091994047165;0.2525292932987213;0.9999932050704956;True
4;15;LEFT_WRIST;0.7440929412841797;0.7274835705757141;-0.2060791403055191;0.9980462789535522;0.9999990463256836;True
4;16;RIGHT_WRIST;0.6928403973579407;0.729280412197113;0.054605431854724884;0.7438926100730896;0.9999995231628418;True
4;17;LEFT_PINKY;0.746830403804779;0.7514646649360657;-0.231842502951622;0.9955254793167114;0.9999974966049194;True
4;18;RIGHT_PINKY;0.6918426156044006;0.7528203725814819;0.04860876873135567;0.7973020076751709;0.9999992847442627;True
4;19;LEFT_INDEX;0.7392780184745789;0.7510077357292175;-0.23040299117565155;0.9951485991477966;0.9999972581863403;True
4;20;RIGHT_INDEX;0.691524088382721;0.7540857791900635;0.02277207374572754;0.8049023151397705;0.9999991655349731;True
4;21;LEFT_THUMB;0.7382146120071411;0.743764340877533;-0.20435284078121185;0.9903815984725952;0.9999985694885254;True
4;22;RIGHT_THUMB;0.6921822428703308;0.7470412254333496;0.040774352848529816;0.7785200476646423;0.9999996423721313;True
4;23;LEFT_HIP;0.7525725960731506;0.7143595814704895;-0.08209235966205597;0.9999891519546509;0.9999978542327881;True
4;24;RIGHT_HIP;0.7464479207992554;0.7189235687255859;0.08202634751796722;0.9999822378158569;0.9999977350234985;True
4;25;LEFT_KNEE;0.7044653296470642;0.8203226327896118;-0.13668309152126312;0.9974443912506104;0.999998927116394;True
4;26;RIGHT_KNEE;0.7674340009689331;0.8433871865272522;0.05793198570609093;0.8702142834663391;0.9999983310699463;True
4;27;LEFT_ANKLE;0.7210538983345032;0.9504490494728088;-0.11615290492773056;0.9972652792930603;0.999980092048645;True
4;28;RIGHT_ANKLE;0.8124420642852783;0.9492852091789246;0.07989288866519928;0.9697535037994385;0.9999697208404541;True
4;29;LEFT_HEEL;0.7319228053092957;0.9770622849464417;-0.1181102767586708;0.9896648526191711;0.9999094009399414;True
4;30;RIGHT_HEEL;0.8259130120277405;0.9670928120613098;0.07936268299818039;0.9697681069374084;0.9999321699142456;True
4;31;LEFT_FOOT_INDEX;0.6872476935386658;0.9704222679138184;-0.17452938854694366;0.9972791075706482;0.9999018907546997;True
4;32;RIGHT_FOOT_INDEX;0.7897688150405884;0.9834737181663513;0.036286745220422745;0.9827776551246643;0.9998863935470581;True
5;0;NOSE;0.6702605485916138;0.5211739540100098;-0.05451367422938347;0.9999792575836182;0.9999997615814209;True
5;1;LEFT_EYE_INNER;0.6737963557243347;0.510343611240387;-0.06691813468933105;0.9999669790267944;0.9999997615814209;True
5;2;LEFT_EYE;0.6746475696563721;0.5109641551971436;-0.06705085933208466;0.9999725818634033;0.9999997615814209;True
5;3;LEFT_EYE_OUTER;0.675311267375946;0.511477530002594;-0.06703877449035645;0.99997878074646;0.9999997615814209;True
5;4;RIGHT_EYE_INNER;0.6748658418655396;0.5096265077590942;-0.042845189571380615;0.9999739527702332;0.9999996423721313;True
5;5;RIGHT_EYE;0.6765235066413879;0.5102574825286865;-0.042967479676008224;0.9999805092811584;0.9999996423721313;True
5;6;RIGHT_EYE_OUTER;0.6781747937202454;0.5108778476715088;-0.04298366606235504;0.9999838471412659;0.9999996423721313;True
5;7;LEFT_EAR;0.683344841003418;0.5171208381652832;-0.09998556971549988;0.9999877214431763;0.9999998807907104;True
5;8;RIGHT_EAR;0.6850286722183228;0.5173094868659973;0.009704094380140305;0.9999638199806213;0.9999996423721313;True
5;9;MOUTH_LEFT;0.6747809052467346;0.533315122127533;-0.06408913433551788;0.9999865293502808;1.0;True
5;10;MOUTH_RIGHT;0.6762352585792542;0.533634603023529;-0.0333549901843071;0.9999752044677734;0.9999997615814209;True
5;11;LEFT_SHOULDER;0.713370680809021;0.5772255659103394;-0.15544451773166656;0.9999978542327881;0.9999998807907104;True
5;12;RIGHT_SHOULDER;0.6954838633537292;0.5862077474594116;0.10051078349351883;0.9999582767486572;0.9999991655349731;True
5;13;LEFT_ELBOW;0.7480348944664001;0.646257758140564;-0.19015052914619446;0.9995812773704529;0.9999957084655762;True
5;14;RIGHT_ELBOW;0.6997010707855225;0.6646031737327576;0.13325375318527222;0.2898086905479431;0.9999926090240479;True
5;15;LEFT_WRIST;0.7414817810058594;0.7290806770324707;-0.20061959326267242;0.9982293844223022;0.9999995231628418;True
5;16;RIGHT_WRIST;0.6845752000808716;0.7297553420066833;0.06537754088640213;0.7667710185050964;0.9999996423721313;True
5;17;LEFT_PINKY;0.744343101978302;0.7534261345863342;-0.2263151854276657;0.995937705039978;0.9999988079071045;True
5;18;RIGHT_PINKY;0.681331992149353;0.753295361995697;0.06095035374164581;0.8153210282325745;0.9999994039535522;True
5;19;LEFT_INDEX;0.7367997765541077;0.75297611951828;-0.2250281721353531;0.9955960512161255;0.9999986886978149;True
5;20;RIGHT_INDEX;0.6806210875511169;0.7542861104011536;0.03443479165434837;0.8224061727523804;0.9999994039535522;True
5;21;LEFT_THUMB;0.7357608079910278;0.7451316118240356;-0.19914166629314423;0.9912644028663635;0.9999994039535522;True
5;22;RIGHT_THUMB;0.6828237771987915;0.7471842765808105;0.05157617852091789;0.7982363104820251;0.9999996423721313;True
5;23;LEFT_HIP;0.7505996823310852;0.7144002914428711;-0.08217453211545944;0.9999892115592957;0.999996542930603;True
5;24;RIGHT_HIP;0.7444559931755066;0.7198893427848816;0.08210883289575577;0.9999825358390808;0.9999963045120239;True
5;25;LEFT_KNEE;0.6996484994888306;0.8183390498161316;-0.13941790163516998;0.9976359009742737;0.9999985694885254;True
5;26;RIGHT_KNEE;0.7669012546539307;0.843866229057312;0.054382845759391785;0.8800534009933472;0.9999979734420776;True
5;27;LEFT_ANKLE;0.7092323303222656;0.9495469927787781;-0.12823882699012756;0.997462272644043;0.9999730587005615;True
5;28;RIGHT_ANKLE;0.8124573826789856;0.949000358581543;0.07566250115633011;0.9719762206077576;0.9999593496322632;True
5;29;LEFT_HEEL;0.7186347842216492;0.9772082567214966;-0.13126738369464874;0.9905151724815369;0.9998866319656372;True
5;30;RIGHT_HEEL;0.8260008692741394;0.9666852951049805;0.07497214525938034;0.9720810651779175;0.9999092817306519;True
5;31;LEFT_FOOT_INDEX;0.6746494770050049;0.9648379683494568;-0.18873780965805054;0.9974853992462158;0.9998759031295776;True
5;32;RIGHT_FOOT_INDEX;0.7897706627845764;0.98334801197052;0.03211643174290657;0.9840019345283508;0.9998568296432495;True
6;0;NOSE;0.666211724281311;0.5233386754989624;-0.04168390482664108;0.9999812245368958;0.9999996423721313;True
6;1;LEFT_EYE_INNER;0.6695888638496399;0.5131601691246033;-0.05367283523082733;0.9999701380729675;0.9999995231628418;True
6;2;LEFT_EYE;0.6701685786247253;0.5139772891998291;-0.05380229651927948;0.9999752640724182;0.9999996423721313;True
6;3;LEFT_EYE_OUTER;0.6705958247184753;0.5145982503890991;-0.05378998443484306;0.9999808669090271;0.9999996423721313;True
6;4;RIGHT_EYE_INNER;0.6708726286888123;0.5124927759170532;-0.030556490644812584;0.9999764561653137;0.9999991655349731;True
6;5;RIGHT_EYE;0.67243492603302;0.5132777690887451;-0.03067178651690483;0.9999823570251465;0.9999994039535522;True
6;6;RIGHT_EYE_OUTER;0.6739019155502319;0.5139298439025879;-0.03068053536117077;0.99998539686203;0.9999992847442627;True
6;7;LEFT_EAR;0.6780561208724976;0.5201988816261292;-0.08758685737848282;0.9999889135360718;0.9999997615814209;True
6;8;RIGHT_EAR;0.6804401278495789;0.5201785564422607;0.01802675798535347;0.9999672770500183;0.9999994039535522;True
6;9;MOUTH_LEFT;0.6698587536811829;0.5357201099395752;-0.0512901209294796;0.9999878406524658;0.9999998807907104;True
6;10;MOUTH_RIGHT;0.6716830134391785;0.5360138416290283;-0.021909218281507492;0.9999775886535645;0.9999996423721313;True
6;11;LEFT_SHOULDER;0.7057766318321228;0.5801928043365479;-0.14431343972682953;0.9999980330467224;0.9999998807907104;True
6;12;RIGHT_SHOULDER;0.6910259127616882;0.5896604657173157;0.10786840319633484;0.9999619126319885;0.9999991655349731;True
6;13;LEFT_ELBOW;0.742899477481842;0.6479488015174866;-0.18031224608421326;0.9996100664138794;0.999993085861206;True
6;14;RIGHT_ELBOW;0.6911102533340454;0.667466938495636;0.14495696127414703;0.32366251945495605;0.9999923706054688;True
6;15;LEFT_WRIST;0.7374138236045837;0.7311854362487793;-0.18722938001155853;0.9983771443367004;0.999998927116394;True
6;16;RIGHT_WRIST;0.6720597743988037;0.730128288269043;0.08295966684818268;0.7871626019477844;0.9999995231628418;True
6;17;LEFT_PINKY;0.7401264905929565;0.7551620602607727;-0.211336150765419;0.9962670803070068;0.9999977350234985;True
6;18;RIGHT_PINKY;0.6682846546173096;0.7530702948570251;0.07980640232563019;0.8313404321670532;0.9999992847442627;True
6;19;LEFT_INDEX;0.7334505319595337;0.7553204298019409;-0.20997370779514313;0.9959529042243958;0.999997615814209;True
6;20;RIGHT_INDEX;0.6672955751419067;0.7534273266792297;0.05380379408597946;0.837948203086853;0.9999992847442627;True
6;21;LEFT_THUMB;0.7324932813644409;0.7473145723342896;-0.18559573590755463;0.9919685125350952;0.9999986886978149;True
6;22;RIGHT_THUMB;0.669540524482727;0.7467999458312988;0.0693950429558754;0.8157508373260498;0.9999996423721313;True
6;23;LEFT_HIP;0.7465534806251526;0.7150568962097168;-0.08211661130189896;0.9999891519546509;0.999996542930603;True
6;24;RIGHT_HIP;0.7421534657478333;0.7207345366477966;0.08205271512269974;0.9999829530715942;0.9999967813491821;True
6;25;LEFT_KNEE;0.691925585269928;0.8124826550483704;-0.13009078800678253;0.9978153109550476;0.9999990463256836;True
6;26;RIGHT_KNEE;0.765137791633606;0.8439364433288574;0.05915117263793945;0.8900496959686279;0.9999988079071045;True
6;27;LEFT_ANKLE;0.6963074207305908;0.9468571543693542;-0.1130799874663353;0.9976530075073242;0.9999821186065674;True
6;28;RIGHT_ANKLE;0.8124653100967407;0.9469401240348816;0.07747291773557663;0.9743017554283142;0.9999687671661377;True
6;29;LEFT_HEEL;0.7046664953231812;0.9769212603569031;-0.11536513268947601;0.9913087487220764;0.9999274015426636;True
6;30;RIGHT_HEEL;0.8259994983673096;0.9634420871734619;0.0766853392124176;0.9743519425392151;0.9999293088912964;True
6;31;LEFT_FOOT_INDEX;0.6618039608001709;0.957430899143219;-0.16722099483013153;0.9976765513420105;0.9999173879623413;True
6;32;RIGHT_FOOT_INDEX;0.79006028175354;0.9818096160888672;0.03766656666994095;0.9852283000946045;0.999886155128479;True
7;0;NOSE;0.6652830243110657;0.5245028734207153;-0.026592714712023735;0.9999828934669495;0.9999991655349731;True
7;1;LEFT_EYE_INNER;0.6686229109764099;0.5154217481613159;-0.03879198059439659;0.9999728202819824;0.9999988079071045;True
7;2;LEFT_EYE;0.669479250907898;0.5161868929862976;-0.03891747072339058;0.9999775290489197;0.9999990463256836;True
7;3;LEFT_EYE_OUTER;0.6701465845108032;0.5167152285575867;-0.038902804255485535;0.9999825954437256;0.9999990463256836;True
7;4;RIGHT_EYE_INNER;0.6695552468299866;0.5147398114204407;-0.015768786892294884;0.9999786019325256;0.9999983310699463;True
7;5;RIGHT_EYE;0.6711718440055847;0.5152994990348816;-0.01588544435799122;0.9999839663505554;0.9999986886978149;True
7;6;RIGHT_EYE_OUTER;0.6727532148361206;0.5157073736190796;-0.015898266807198524;0.9999867081642151;0.9999985694885254;True
7;7;LEFT_EAR;0.6775763034820557;0.5223853588104248;-0.07501174509525299;0.999989926815033;0.9999994039535522;True
7;8;RIGHT_EAR;0.6796870827674866;0.5218954086303711;0.030186356976628304;0.9999702572822571;0.9999988079071045;True
7;9;MOUTH_LEFT;0.6691173315048218;0.5372464060783386;-0.03707566484808922;0.9999889731407166;0.9999998807907104;True
7;10;MOUTH_RIGHT;0.67034512758255;0.5376875400543213;-0.007828344590961933;0.9999796748161316;0.9999995231628418;True
7;11;LEFT_SHOULDER;0.7029268741607666;0.581843912601471;-0.13529329001903534;0.999998152256012;0.9999998807907104;True
7;12;RIGHT_SHOULDER;0.6907866597175598;0.5917489528656006;0.11613951623439789;0.9999650716781616;0.999998927116394;True
7;13;LEFT_ELBOW;0.7416635751724243;0.6483319997787476;-0.17743965983390808;0.9996318221092224;0.9999892711639404;True
7;14;RIGHT_ELBOW;0.6897158026695251;0.6688309907913208;0.14940299093723297;0.356247216463089;0.9999914169311523;True
7;15;LEFT_WRIST;0.7361708879470825;0.732081413269043;-0.18765057623386383;0.998500645160675;0.9999982118606567;True
7;16;RIGHT_WRIST;0.6700424551963806;0.7306512594223022;0.08557392656803131;0.8059782981872559;0.9999995231628418;True
7;17;LEFT_PINKY;0.7391326427459717;0.7559008598327637;-0.2119295299053192;0.996545135974884;0.999996542930603;True
7;18;RIGHT_PINKY;0.6660681366920471;0.7532690167427063;0.08227385580539703;0.8461786508560181;0.9999992847442627;True
7;19;LEFT_INDEX;0.7325710654258728;0.7563720345497131;-0.20996502041816711;0.9962537884712219;0.9999963045120239;True
7;20;RIGHT_INDEX;0.6650130152702332;0.7534530162811279;0.056689243763685226;0.8523232936859131;0.9999992847442627;True
7;21;LEFT_THUMB;0.7314045429229736;0.7482340335845947;-0.185831218957901;0.9925612211227417;0.9999979734420776;True
7;22;RIGHT_THUMB;0.6672676801681519;0.7468307018280029;0.07212266325950623;0.8319275379180908;0.9999996423721313;True
7;23;LEFT_HIP;0.7438281178474426;0.717793345451355;-0.08207201212644577;0.9999890327453613;0.9999963045120239;True
7;24;RIGHT_HIP;0.7423185706138611;0.7225983738899231;0.0820092111825943;0.9999833106994629;0.9999969005584717;True
7;25;LEFT_KNEE;0.6907932758331299;0.8107849955558777;-0.13205109536647797;0.9979819059371948;0.999998927116394;True
7;26;RIGHT_KNEE;0.7647992372512817;0.8446228504180908;0.06357445567846298;0.8991910219192505;0.9999986886978149;True
7;27;LEFT_ANKLE;0.6948827505111694;0.9449000954627991;-0.12151492387056351;0.9978305697441101;0.9999822378158569;True
7;28;RIGHT_ANKLE;0.8124741315841675;0.9462498426437378;0.07815306633710861;0.9764544367790222;0.9999685287475586;True
7;29;LEFT_HEEL;0.7030249834060669;0.9761428236961365;-0.12415582686662674;0.992040753364563;0.9999275207519531;True
7;30;RIGHT_HEEL;0.82598876953125;0.962849497795105;0.07684668898582458;0.976463258266449;0.9999284744262695;True
7;31;LEFT_FOOT_INDEX;0.6597148776054382;0.9569461345672607;-0.17550554871559143;0.9978514909744263;0.9999122619628906;True
7;32;RIGHT_FOOT_INDEX;0.7901812791824341;0.9812278747558594;0.03922094404697418;0.9863538146018982;0.9998836517333984;True
8;0;NOSE;0.6608875393867493;0.525291919708252;-0.03430964797735214;0.9999845623970032;0.9999997615814209;True
8;1;LEFT_EYE_INNER;0.6640731692314148;0.5157702565193176;-0.0464136004447937;0.9999755024909973;0.9999997615814209;True
8;2;LEFT_EYE;0.6647158265113831;0.5166216492652893;-0.04654091224074364;0.9999797344207764;0.9999997615814209;True
8;3;LEFT_EYE_OUTER;0.6652695536613464;0.5172907710075378;-0.046524371951818466;0.9999843239784241;0.9999997615814209;True
8;4;RIGHT_EYE_INNER;0.6651008129119873;0.5150724053382874;-0.022992635145783424;0.9999806880950928;0.9999996423721313;True
8;5;RIGHT_EYE;0.666668713092804;0.5158388018608093;-0.023110058158636093;0.9999855160713196;0.9999996423721313;True
8;6;RIGHT_EYE_OUTER;0.668328046798706;0.5166113972663879;-0.023119596764445305;0.9999880194664001;0.9999996423721313;True
8;7;LEFT_EAR;0.6731311678886414;0.5232799649238586;-0.08100154250860214;0.9999909400939941;0.9999998807907104;True
8;8;RIGHT_EAR;0.6753803491592407;0.5231183171272278;0.02575179561972618;0.9999731779098511;0.9999996423721313;True
8;9;MOUTH_LEFT;0.6646426320075989;0.5384490489959717;-0.04409794136881828;0.9999900460243225;1.0;True
8;10;MOUTH_RIGHT;0.6663860082626343;0.5388302803039551;-0.014394287951290607;0.9999816417694092;0.9999998807907104;True
8;11;LEFT_SHOULDER;0.7001356482505798;0.5843970775604248;-0.13876228034496307;0.9999982714653015;1.0;True
8;12;RIGHT_SHOULDER;0.6869823336601257;0.5935866236686707;0.11567404866218567;0.9999681115150452;0.9999992847442627;True
8;13;LEFT_ELBOW;0.738183319568634;0.6492440700531006;-0.17574681341648102;0.999661922454834;0.9999955892562866;True
8;14;RIGHT_ELBOW;0.6817048788070679;0.6696938276290894;0.1546468883752823;0.38858678936958313;0.9999938011169434;True
8;15;LEFT_WRIST;0.7318344712257385;0.7333841919898987;-0.18182876706123352;0.9986401796340942;0.9999994039535522;True
8;16;RIGHT_WRIST;0.6594905853271484;0.7305207848548889;0.09281475841999054;0.8236985802650452;0.9999996423721313;True
8;17;LEFT_PINKY;0.734545111656189;0.757672905921936;-0.2056436836719513;0.9968623518943787;0.9999988079071045;True
8;18;RIGHT_PINKY;0.6555402278900146;0.7517437934875488;0.0900530070066452;0.8601883053779602;0.9999996423721313;True
8;19;LEFT_INDEX;0.7278035879135132;0.7586967349052429;-0.2041568011045456;0.9965978264808655;0.9999988079071045;True
8;20;RIGHT_INDEX;0.6540969610214233;0.7516962289810181;0.06345867365598679;0.8658655881881714;0.9999995231628418;True
8;21;LEFT_THUMB;0.7268730998039246;0.7505049705505371;-0.18008379638195038;0.993242621421814;0.9999992847442627;True
8;22;RIGHT_THUMB;0.6560572385787964;0.745482861995697;0.07891908288002014;0.8472549319267273;0.9999997615814209;True
8;23;LEFT_HIP;0.7403371930122375;0.7190958261489868;-0.08214167505502701;0.9999890923500061;0.9999966621398926;True
8;24;RIGHT_HIP;0.7396081686019897;0.7243337631225586;0.0820779949426651;0.9999837875366211;0.9999966621398926;True
8;25;LEFT_KNEE;0.6852613687515259;0.8087923526763916;-0.12835386395454407;0.9981508851051331;0.9999990463256836;True
8;26;RIGHT_KNEE;0.7638360261917114;0.844765305519104;0.06329376250505447;0.9084951281547546;0.9999986886978149;True
8;27;LEFT_ANKLE;0.6854737401008606;0.9433897733688354;-0.12035666406154633;0.9980164766311646;0.9999810457229614;True
8;28;RIGHT_ANKLE;0.8124574422836304;0.944930911064148;0.0787976086139679;0.9786221981048584;0.9999692440032959;True
8;29;LEFT_HEEL;0.6919163465499878;0.9758684039115906;-0.1238849088549614;0.9927621483802795;0.9999239444732666;True
8;30;RIGHT_HEEL;0.8259983658790588;0.9600615501403809;0.07774778455495834;0.978604793548584;0.9999293088912964;True
8;31;LEFT_FOOT_INDEX;0.6483165621757507;0.9518734216690063;-0.17910771071910858;0.998038649559021;0.999919056892395;True
8;32;RIGHT_FOOT_INDEX;0.7901784181594849;0.979527473449707;0.035830020904541016;0.9875681400299072;0.9998966455459595;True
9;0;NOSE;0.6436838507652283;0.5248855352401733;-0.03800297528505325;0.9999860525131226;0.9999998807907104;True
9;1;LEFT_EYE_INNER;0.6476007699966431;0.5156224370002747;-0.04937482252717018;0.9999778866767883;0.9999997615814209;True
9;2;LEFT_EYE;0.6485702395439148;0.5162819027900696;-0.049497757107019424;0.9999817609786987;0.9999998807907104;True
9;3;LEFT_EYE_OUTER;0.6494629383087158;0.5168878436088562;-0.04947873577475548;0.9999858736991882;0.9999998807907104;True
9;4;RIGHT_EYE_INNER;0.6485062837600708;0.5149865746498108;-0.026156000792980194;0.9999825954437256;0.9999996423721313;True
9;5;RIGHT_EYE;0.650223970413208;0.5155507326126099;-0.026269709691405296;0.9999869465827942;0.9999996423721313;True
9;6;RIGHT_EYE_OUTER;0.652181088924408;0.5162189602851868;-0.02626790665090084;0.9999891519546509;0.9999996423721313;True
9;7;LEFT_EAR;0.6583510041236877;0.5230494737625122;-0.08051768690347672;0.9999918341636658;0.9999998807907104;True
9;8;RIGHT_EAR;0.6602136492729187;0.5227769613265991;0.024838367477059364;0.9999758005142212;0.9999995231628418;True
9;9;MOUTH_LEFT;0.6480172872543335;0.5378845930099487;-0.04663039371371269;0.9999909996986389;1.0;True
9;10;MOUTH_RIGHT;0.6492178440093994;0.5383081436157227;-0.01727389357984066;0.9999834299087524;0.9999997615814209;True
9;11;LEFT_SHOULDER;0.6838544011116028;0.5836638808250427;-0.13525743782520294;0.9999983906745911;1.0;True
9;12;RIGHT_SHOULDER;0.671273946762085;0.5929466485977173;0.11843612790107727;0.9999706149101257;0.9999985694885254;True
9;13;LEFT_ELBOW;0.7219133377075195;0.649718165397644;-0.17063595354557037;0.9996931552886963;0.9999955892562866;True
9;14;RIGHT_ELBOW;0.6594520211219788;0.6658811569213867;0.1581573635339737;0.40925779938697815;0.9999891519546509;True
9;15;LEFT_WRIST;0.7118244767189026;0.7337540984153748;-0.17774762213230133;0.9987727999687195;0.9999996423721313;True
9;16;RIGHT_WRIST;0.6326631903648376;0.7129294872283936;0.09928329288959503;0.8393881320953369;0.9999995231628418;True
9;17;LEFT_PINKY;0.7120555639266968;0.7578625679016113;-0.20140796899795532;0.9971669912338257;0.9999992847442627;True
9;18;RIGHT_PINKY;0.626477837562561;0.7323930263519287;0.09658576548099518;0.8725602030754089;0.9999992847442627;True
9;19;LEFT_INDEX;0.7062966823577881;0.758185625076294;-0.19928736984729767;0.996928334236145;0.9999991655349731;True
9;20;RIGHT_INDEX;0.6241953372955322;0.7314074039459229;0.0716356486082077;0.8778385519981384;0.9999992847442627;True
9;21;LEFT_THUMB;0.7056136727333069;0.7502672076225281;-0.17569686472415924;0.9938982129096985;0.9999995231628418;True
9;22;RIGHT_THUMB;0.6270707845687866;0.7255279421806335;0.0858868807554245;0.8608229160308838;0.9999996423721313;True
9;23;LEFT_HIP;0.7205613255500793;0.7194332480430603;-0.08218959718942642;0.9999896287918091;0.9999985694885254;True
9;24;RIGHT_HIP;0.7225865125656128;0.7248632907867432;0.08212543278932571;0.999984622001648;0.9999980926513672;True
9;25;LEFT_KNEE;0.6661723852157593;0.8016167879104614;-0.12048669159412384;0.9983102083206177;0.9999995231628418;True
9;26;RIGHT_KNEE;0.7568724155426025;0.8422099351882935;0.05436055734753609;0.9173958897590637;0.9999995231628418;True
9;27;LEFT_ANKLE;0.6660346984863281;0.9403072595596313;-0.10864897817373276;0.9981942176818848;0.9999932050704956;True
9;28;RIGHT_ANKLE;0.8115037679672241;0.931981086730957;0.06470923870801926;0.98072350025177;0.999993085861206;True
9;29;LEFT_HEEL;0.6722735166549683;0.9744782447814941;-0.11093620955944061;0.993445098400116;0.9999771118164062;True
9;30;RIGHT_HEEL;0.824741005897522;0.9420487880706787;0.06349626928567886;0.9806998372077942;0.9999836683273315;True
9;31;LEFT_FOOT_INDEX;0.63289874792099;0.9442414045333862;-0.16707982122898102;0.9982173442840576;0.9999706745147705;True
9;32;RIGHT_FOOT_INDEX;0.791562020778656;0.9726783037185669;0.020734796300530434;0.9887773990631104;0.9999706745147705;True
10;0;NOSE;0.6437433362007141;0.5244196653366089;-0.0231303833425045;0.9999873638153076;0.9999996423721313;True
10;1;LEFT_EYE_INNER;0.6471371054649353;0.5153546333312988;-0.03459237888455391;0.9999799728393555;0.9999995231628418;True
10;2;LEFT_EYE;0.6480617523193359;0.5160229802131653;-0.034711290150880814;0.9999834895133972;0.9999996423721313;True
10;3;LEFT_EYE_OUTER;0.6488316059112549;0.5165758728981018;-0.03468861058354378;0.9999871850013733;0.9999996423721313;True
10;4;RIGHT_EYE_INNER;0.647885262966156;0.5148010849952698;-0.011711652390658855;0.9999842047691345;0.9999994039535522;True
10;5;RIGHT_EYE;0.6494265198707581;0.5153685212135315;-0.01182669959962368;0.9999881982803345;0.9999995231628418;True
10;6;RIGHT_EYE_OUTER;0.6511534452438354;0.5159198045730591;-0.011824102140963078;0.9999901652336121;0.9999994039535522;True
10;7;LEFT_EAR;0.6565506458282471;0.522735059261322;-0.06846950948238373;0.9999926090240479;0.9999997615814209;True
10;8;RIGHT_EAR;0.6582563519477844;0.5223906636238098;0.03572749346494675;0.9999781250953674;0.9999995231628418;True
10;9;MOUTH_LEFT;0.6474785208702087;0.5374433994293213;-0.032663218677043915;0.9999918341636658;0.9999998807907104;True
10;10;MOUTH_RIGHT;0.6483620405197144;0.5378650426864624;-0.003688953584060073;0.9999849796295166;0.9999996423721313;True
10;11;LEFT_SHOULDER;0.6816468834877014;0.5831734538078308;-0.1245850995182991;0.9999985098838806;0.9999998807907104;True
10;12;RIGHT_SHOULDER;0.6678490042686462;0.5923569202423096;0.12220094352960587;0.9999730587005615;0.999998927116394;True
10;13;LEFT_ELBOW;0.7194268703460693;0.6494067907333374;-0.1589677780866623;0.9997210502624512;0.9999918937683105;True
10;14;RIGHT_ELBOW;0.6569814085960388;0.6641785502433777;0.15399330854415894;0.447323203086853;0.999993085861206;True
10;15;LEFT_WRIST;0.7096039652824402;0.7335240840911865;-0.1655188351869583;0.99889075756073;0.9999992847442627;True
10;16;RIGHT_WRIST;0.6296356320381165;0.7101014852523804;0.09197787195444107;0.8548288345336914;0.9999997615814209;True
10;17;LEFT_PINKY;0.7111343741416931;0.7575589418411255;-0.18766441941261292;0.997438907623291;0.999998927116394;True
10;18;RIGHT_PINKY;0.6236158609390259;0.7269042134284973;0.08888064324855804;0.8847689032554626;0.9999997615814209;True
10;19;LEFT_INDEX;0.7043651342391968;0.757780909538269;-0.1857660412788391;0.9972231388092041;0.9999988079071045;True
10;20;RIGHT_INDEX;0.6224785447120667;0.7263956665992737;0.06447858363389969;0.8895755410194397;0.9999996423721313;True
10;21;LEFT_THUMB;0.703718900680542;0.7499376535415649;-0.16354171931743622;0.9944833517074585;0.9999992847442627;True
10;22;RIGHT_THUMB;0.6252588033676147;0.7210820913314819;0.078861765563488;0.874144971370697;0.9999998807907104;True
10;23;LEFT_HIP;0.7193261981010437;0.7197462916374207;-0.08203906565904617;0.9999900460243225;0.9999978542327881;True
10;24;RIGHT_HIP;0.7205485701560974;0.7248886823654175;0.08196942508220673;0.99998539686203;0.9999977350234985;True
10;25;LEFT_KNEE;0.6641672849655151;0.8009507060050964;-0.12925291061401367;0.9984717965126038;0.9999991655349731;True
10;26;RIGHT_KNEE;0.7554128170013428;0.8412246704101562;0.04553971812129021;0.9255459904670715;0.9999994039535522;True
10;27;LEFT_ANKLE;0.665827751159668;0.9399415850639343;-0.1389647126197815;0.9983651638031006;0.9999849796295166;True
10;28;RIGHT_ANKLE;0.8102396130561829;0.9270382523536682;0.04932073876261711;0.9826309084892273;0.9999878406524658;True
10;29;LEFT_HEEL;0.6714614629745483;0.9738364815711975;-0.14389412105083466;0.9940804839134216;0.999947190284729;True
10;30;RIGHT_HEEL;0.8238624930381775;0.9370104670524597;0.04760964587330818;0.9826081395149231;0.9999709129333496;True
10;31;LEFT_FOOT_INDEX;0.6307153105735779;0.9436624050140381;-0.19550348818302155;0.9983871579170227;0.9999371767044067;True
10;32;RIGHT_FOOT_INDEX;0.7923151254653931;0.9706131815910339;0.007512268610298634;0.9898809194564819;0.999951958656311;True
11;0;NOSE;0.6397473812103271;0.5241780877113342;-0.0266010370105505;0.9999883770942688;0.9999991655349731;True
11;1;LEFT_EYE_INNER;0.6430130004882812;0.5152029991149902;-0.03784118965268135;0.999981701374054;0.9999991655349731;True
11;2;LEFT_EYE;0.643695056438446;0.5159115195274353;-0.03796305134892464;0.9999849796295166;0.9999992847442627;True
11;3;LEFT_EYE_OUTER;0.6442649364471436;0.5164996981620789;-0.037946902215480804;0.999988317489624;0.9999992847442627;True
11;4;RIGHT_EYE_INNER;0.6438369750976562;0.514672040939331;-0.014882570132613182;0.9999855756759644;0.9999985694885254;True
11;5;RIGHT_EYE;0.6451289057731628;0.5152953863143921;-0.014998163096606731;0.9999892115592957;0.9999988079071045;True
11;6;RIGHT_EYE_OUTER;0.6465311646461487;0.5156605839729309;-0.014996601268649101;0.9999909996986389;0.9999986886978149;True
11;7;LEFT_EAR;0.6519302725791931;0.5226277709007263;-0.07143969088792801;0.9999933242797852;0.9999995231628418;True
11;8;RIGHT_EAR;0.653487503528595;0.5220488905906677;0.033042699098587036;0.9999800324440002;0.9999988079071045;True
11;9;MOUTH_LEFT;0.6429603695869446;0.5373467803001404;-0.036059699952602386;0.9999925494194031;0.9999998807907104;True
11;10;MOUTH_RIGHT;0.6442482471466064;0.5377365946769714;-0.00703950272873044;0.9999862909317017;0.9999994039535522;True
11;11;LEFT_SHOULDER;0.6769518256187439;0.582553505897522;-0.12962833046913147;0.9999986290931702;0.9999998807907104;True
11;12;RIGHT_SHOULDER;0.661438524723053;0.5919127464294434;0.12295837700366974;0.9999750852584839;0.9999985694885254;True
11;13;LEFT_ELBOW;0.7154415249824524;0.6489267945289612;-0.16675442457199097;0.9997439980506897;0.9999911785125732;True
11;14;RIGHT_ELBOW;0.6501028537750244;0.6602563261985779;0.16449187695980072;0.46632421016693115;0.9999905824661255;True
11;15;LEFT_WRIST;0.7034099698066711;0.7310096025466919;-0.1739034652709961;0.9989930987358093;0.999998927116394;True
11;16;RIGHT_WRIST;0.6219650506973267;0.7031161785125732;0.11195715516805649;0.8682523965835571;0.9999996423721313;True
11;17;LEFT_PINKY;0.7032268047332764;0.7563521862030029;-0.19640327990055084;0.9976744651794434;0.9999980926513672;True
11;18;RIGHT_PINKY;0.6159746646881104;0.7206637859344482;0.11113576591014862;0.895430862903595;0.9999995231628418;True
11;19;LEFT_INDEX;0.6963415145874023;0.7558268308639526;-0.1937287151813507;0.997478723526001;0.9999979734420776;True
11;20;RIGHT_INDEX;0.6144068837165833;0.7193145155906677;0.08616597205400467;0.8998494148254395;0.9999995231628418;True
11;21;LEFT_THUMB;0.6959998607635498;0.7473255395889282;-0.1716149002313614;0.9949909448623657;0.9999988079071045;True
11;22;RIGHT_THUMB;0.6174928545951843;0.7140564322471619;0.09889259189367294;0.885798990726471;0.9999997615814209;True
11;23;LEFT_HIP;0.7116977572441101;0.719749391078949;-0.08219852298498154;0.9999904036521912;0.9999979734420776;True
11;24;RIGHT_HIP;0.7119872570037842;0.7248088121414185;0.08212932199239731;0.9999861717224121;0.9999977350234985;True
11;25;LEFT_KNEE;0.6582126617431641;0.8026769161224365;-0.12239982932806015;0.998603343963623;0.9999988079071045;True
11;26;RIGHT_KNEE;0.750502347946167;0.8377805948257446;0.030996788293123245;0.9328643083572388;0.9999992847442627;True
11;27;LEFT_ANKLE;0.6630838513374329;0.940101683139801;-0.12378372997045517;0.9985083341598511;0.9999791383743286;True
11;28;RIGHT_ANKLE;0.80800861120224;0.9200307130813599;0.024089384824037552;0.9843418598175049;0.9999880790710449;True
11;29;LEFT_HEEL;0.6699408292770386;0.9726523160934448;-0.1264672428369522;0.9946298003196716;0.9999305009841919;True
11;30;RIGHT_HEEL;0.8221383690834045;0.9270457029342651;0.021523864939808846;0.9843167662620544;0.999969482421875;True
11;31;LEFT_FOOT_INDEX;0.6299254298210144;0.9465489983558655;-0.18130868673324585;0.9985276460647583;0.9999107122421265;True
11;32;RIGHT_FOOT_INDEX;0.7929188013076782;0.9695038795471191;-0.019019994884729385;0.9908658266067505;0.999932050704956;True
12;0;NOSE;0.6347141265869141;0.5217654705047607;-0.01648489572107792;0.9999889731407166;0.9999979734420776;True
12;1;LEFT_EYE_INNER;0.6374220252037048;0.5137051939964294;-0.02786911651492119;0.9999827742576599;0.9999977350234985;True
12;2;LEFT_EYE;0.6377416849136353;0.5145780444145203;-0.027985941618680954;0.9999860525131226;0.9999982118606567;True
12;3;LEFT_EYE_OUTER;0.6378999352455139;0.5151844620704651;-0.02797425352036953;0.9999890327453613;0.9999980926513672;True
12;4;RIGHT_EYE_INNER;0.6390831470489502;0.513194739818573;-0.005068188067525625;0.999986469745636;0.9999971389770508;True
12;5;RIGHT_EYE;0.6405835747718811;0.5139029622077942;-0.005189612507820129;0.999989926815033;0.9999977350234985;True
12;6;RIGHT_EYE_OUTER;0.6420088410377502;0.5143054723739624;-0.005196762271225452;0.9999915361404419;0.999997615814209;True
12;7;LEFT_EAR;0.6455568671226501;0.5214663743972778;-0.06231119483709335;0.9999938607215881;0.9999985694885254;True
12;8;RIGHT_EAR;0.6486624479293823;0.5210163593292236;0.041072502732276917;0.9999814629554749;0.9999979734420776;True
12;9;MOUTH_LEFT;0.6376437544822693;0.5356152653694153;-0.026029713451862335;0.999993085861206;0.9999994039535522;True
12;10;MOUTH_RIGHT;0.6396706104278564;0.5357344150543213;0.0026607434265315533;0.9999871850013733;0.9999985694885254;True
12;11;LEFT_SHOULDER;0.6682222485542297;0.5821820497512817;-0.12057328224182129;0.9999986886978149;0.9999997615814209;True
12;12;RIGHT_SHOULDER;0.6560847759246826;0.5886773467063904;0.1306733936071396;0.9999769330024719;0.9999984502792358;True
12;13;LEFT_ELBOW;0.7095384001731873;0.6470468640327454;-0.14546634256839752;0.9997578859329224;0.999984860420227;True
12;14;RIGHT_ELBOW;0.6428886651992798;0.6557473540306091;0.1646834760904312;0.4850223958492279;0.9999915361404419;True
12;15;LEFT_WRIST;0.6958573460578918;0.7265055775642395;-0.13102731108665466;0.9990585446357727;0.9999971389770508;True
12;16;RIGHT_WRIST;0.6160265803337097;0.6964313983917236;0.09880959242582321;0.8804225921630859;0.9999996423721313;True
12;17;LEFT_PINKY;0.6951373219490051;0.7526500225067139;-0.148015096783638;0.9978330135345459;0.9999957084655762;True
12;18;RIGHT_PINKY;0.6101613640785217;0.7129149436950684;0.09589926153421402;0.9050652980804443;0.9999995231628418;True
12;19;LEFT_INDEX;0.6882967352867126;0.7517735362052917;-0.14527113735675812;0.9976519346237183;0.9999949932098389;True
12;20;RIGHT_INDEX;0.6089592576026917;0.7113581895828247;0.07236944139003754;0.9091174602508545;0.9999994039535522;True
12;21;LEFT_THUMB;0.6882965564727783;0.7426255345344543;-0.12787994742393494;0.9953539967536926;0.9999969005584717;True
12;22;RIGHT_THUMB;0.6120370030403137;0.7063830494880676;0.08594639599323273;0.8963093161582947;0.9999997615814209;True
12;23;LEFT_HIP;0.7027137875556946;0.7197253704071045;-0.08246456831693649;0.9999908804893494;0.9999985694885254;True
12;24;RIGHT_HIP;0.7053096294403076;0.7235138416290283;0.0823872983455658;0.9999870657920837;0.9999986886978149;True
12;25;LEFT_KNEE;0.650690495967865;0.803432285785675;-0.11450662463903427;0.9987211227416992;0.9999982118606567;True
12;26;RIGHT_KNEE;0.7442235946655273;0.835811197757721;0.03518497571349144;0.9394918084144592;0.9999994039535522;True
12;27;LEFT_ANKLE;0.6618186235427856;0.9392811059951782;-0.09973005205392838;0.9986328482627869;0.9999774694442749;True
12;28;RIGHT_ANKLE;0.8036826848983765;0.9137285947799683;0.02551373839378357;0.9858953356742859;0.999992847442627;True
12;29;LEFT_HEEL;0.6698949337005615;0.9704790115356445;-0.10124335438013077;0.9951117634773254;0.999940037727356;True
12;30;RIGHT_HEEL;0.818236768245697;0.917433500289917;0.022800682112574577;0.9858682751655579;0.9999834299087524;True
12;31;LEFT_FOOT_INDEX;0.6294759511947632;0.9480898380279541;-0.14144006371498108;0.9986473321914673;0.9999293088912964;True
12;32;RIGHT_FOOT_INDEX;0.7939325571060181;0.9649363160133362;-0.017207028344273567;0.9917632341384888;0.999962568283081;True
13;0;NOSE;0.629633367061615;0.5203585624694824;-0.021354205906391144;0.9999887943267822;0.9999949932098389;True
13;1;LEFT_EYE_INNER;0.6324822306632996;0.5122560262680054;-0.032042037695646286;0.9999828338623047;0.9999946355819702;True
13;2;LEFT_EYE;0.6330669522285461;0.5130165219306946;-0.032159268856048584;0.9999864101409912;0.9999958276748657;True
13;3;LEFT_EYE_OUTER;0.6334836483001709;0.513562023639679;-0.032146379351615906;0.9999890923500061;0.9999954700469971;True
13;4;RIGHT_EYE_INNER;0.6334654688835144;0.5117911100387573;-0.009516631253063679;0.9999865293502808;0.9999933242797852;True
13;5;RIGHT_EYE;0.6347997188568115;0.5124126672744751;-0.009639063850045204;0.9999902248382568;0.9999947547912598;True
13;6;RIGHT_EYE_OUTER;0.6360712051391602;0.5127267837524414;-0.009649844840168953;0.9999915361404419;0.9999946355819702;True
13;7;LEFT_EAR;0.6404849290847778;0.5201205015182495;-0.0640377327799797;0.999994158744812;0.9999964237213135;True
13;8;RIGHT_EAR;0.6421281695365906;0.5192208886146545;0.037979476153850555;0.9999821186065674;0.9999953508377075;True
13;9;MOUTH_LEFT;0.6321948766708374;0.5343347787857056;-0.030183494091033936;0.9999932050704956;0.9999985694885254;True
13;10;MOUTH_RIGHT;0.633470356464386;0.5342342853546143;-0.001833565067499876;0.9999874830245972;0.9999964237213135;True
13;11;LEFT_SHOULDER;0.6644981503486633;0.5820213556289673;-0.12160156667232513;0.9999986290931702;0.9999992847442627;True
13;12;RIGHT_SHOULDER;0.6475368738174438;0.5873740315437317;0.12733951210975647;0.9999781250953674;0.9999966621398926;True
13;13;LEFT_ELBOW;0.703620970249176;0.6469393968582153;-0.15019218623638153;0.9997713565826416;0.9999703168869019;True
13;14;RIGHT_ELBOW;0.6361132860183716;0.6513162851333618;0.16270770132541656;0.5073252320289612;0.999988317489624;True
13;15;LEFT_WRIST;0.6876901984214783;0.724833607673645;-0.14246495068073273;0.9991217255592346;0.9999954700469971;True
13;16;RIGHT_WRIST;0.6097825765609741;0.6922277808189392;0.10127806663513184;0.8915784955024719;0.9999995231628418;True
13;17;LEFT_PINKY;0.6861376166343689;0.7502922415733337;-0.16078563034534454;0.9979845285415649;0.999993085861206;True
13;18;RIGHT_PINKY;0.6040824055671692;0.7079694271087646;0.09891054034233093;0.9138369560241699;0.9999992847442627;True
13;19;LEFT_INDEX;0.6790539622306824;0.7484086155891418;-0.1574462354183197;0.9978174567222595;0.9999922513961792;True
13;20;RIGHT_INDEX;0.6032950282096863;0.706731379032135;0.07604203373193741;0.9175493717193604;0.9999991655349731;True
13;21;LEFT_THUMB;0.6792446374893188;0.7396516799926758;-0.13930335640907288;0.995695948600769;0.999995231628418;True
13;22;RIGHT_THUMB;0.6063902378082275;0.7014614939689636;0.0888194665312767;0.9058727622032166;0.9999995231628418;True
13;23;LEFT_HIP;0.6961796283721924;0.7194483280181885;-0.08262721449136734;0.9999911785125732;0.999997615814209;True
13;24;RIGHT_HIP;0.6963433623313904;0.7223665714263916;0.08255087584257126;0.9999877214431763;0.9999978542327881;True
13;25;LEFT_KNEE;0.6430002450942993;0.8039619326591492;-0.11503822356462479;0.9988278150558472;0.9999966621398926;True
13;26;RIGHT_KNEE;0.736141562461853;0.834654688835144;0.031691789627075195;0.9454519748687744;0.999998927116394;True
13;27;LEFT_ANKLE;0.6614622473716736;0.9392107725143433;-0.1005030944943428;0.9987474083900452;0.9999603033065796;True
13;28;RIGHT_ANKLE;0.7968652844429016;0.9071289300918579;0.02468588761985302;0.9872918128967285;0.9999908208847046;True
13;29;LEFT_HEEL;0.6692350506782532;0.9698202610015869;-0.10199893265962601;0.9955446720123291;0.9998971223831177;True
13;30;RIGHT_HEEL;0.8118077516555786;0.9080971479415894;0.02242947183549404;0.9872622489929199;0.9999799728393555;True
13;31;LEFT_FOOT_INDEX;0.6302307844161987;0.9484912157058716;-0.14502017199993134;0.9987568259239197;0.9998586177825928;True
13;32;RIGHT_FOOT_INDEX;0.7938206791877747;0.9635488986968994;-0.017637629061937332;0.9925689101219177;0.9999476671218872;True
14;0;NOSE;0.6284360289573669;0.5203402042388916;-0.022985586896538734;0.9999886751174927;0.9999948740005493;True
14;1;LEFT_EYE_INNER;0.6313768029212952;0.5122103691101074;-0.033761218190193176;0.9999828934669495;0.9999945163726807;True
14;2;LEFT_EYE;0.6321042776107788;0.5129900574684143;-0.033877234905958176;0.9999867677688599;0.9999957084655762;True
14;3;LEFT_EYE_OUTER;0.6326055526733398;0.5135136246681213;-0.03386341407895088;0.9999892115592957;0.9999954700469971;True
14;4;RIGHT_EYE_INNER;0.632205605506897;0.5117359161376953;-0.011463839560747147;0.9999865889549255;0.9999927282333374;True
14;5;RIGHT_EYE;0.6335558295249939;0.5122277736663818;-0.011587454006075859;0.9999904036521912;0.999994158744812;True
14;6;RIGHT_EYE_OUTER;0.6347078084945679;0.5123528838157654;-0.01160296518355608;0.9999914765357971;0.9999939203262329;True
14;7;LEFT_EAR;0.6391351819038391;0.5198347568511963;-0.06625531613826752;0.9999944567680359;0.999996542930603;True
14;8;RIGHT_EAR;0.6409456133842468;0.5186877846717834;0.0353364497423172;0.9999825954437256;0.9999946355819702;True
14;9;MOUTH_LEFT;0.6315439343452454;0.5336111783981323;-0.031962357461452484;0.9999933838844299;0.9999985694885254;True
14;10;MOUTH_RIGHT;0.6322620511054993;0.533581018447876;-0.003852246096357703;0.9999877214431763;0.9999961853027344;True
14;11;LEFT_SHOULDER;0.6618081331253052;0.5818338394165039;-0.12424164265394211;0.9999985694885254;0.9999992847442627;True
14;12;RIGHT_SHOULDER;0.6482473015785217;0.5854060649871826;0.12455704063177109;0.9999790787696838;0.9999957084655762;True
14;13;LEFT_ELBOW;0.7009567022323608;0.6467978954315186;-0.15672414004802704;0.9997835159301758;0.9999672174453735;True
14;14;RIGHT_ELBOW;0.6357389688491821;0.6488503217697144;0.158734530210495;0.5251295566558838;0.999983549118042;True
14;15;LEFT_WRIST;0.6861656904220581;0.7249995470046997;-0.1546797901391983;0.9991825819015503;0.9999954700469971;True
14;16;RIGHT_WRIST;0.6098918914794922;0.691092848777771;0.09762011468410492;0.9014226198196411;0.9999994039535522;True
14;17;LEFT_PINKY;0.6852025389671326;0.7500184774398804;-0.17475400865077972;0.9981293082237244;0.9999926090240479;True
14;18;RIGHT_PINKY;0.6034307479858398;0.7061293721199036;0.09521841257810593;0.9215842485427856;0.9999990463256836;True
14;19;LEFT_INDEX;0.6778477430343628;0.7478430271148682;-0.17198358476161957;0.9979763627052307;0.9999918937683105;True
14;20;RIGHT_INDEX;0.6020483374595642;0.7049601674079895;0.07221125811338425;0.9250052571296692;0.999998927116394;True
14;21;LEFT_THUMB;0.6779394745826721;0.7395445704460144;-0.15197569131851196;0.9960184693336487;0.9999951124191284;True
14;22;RIGHT_THUMB;0.6050668358802795;0.699686586856842;0.08516398072242737;0.9143223762512207;0.9999994039535522;True
14;23;LEFT_HIP;0.6948812007904053;0.7194243669509888;-0.08256828784942627;0.9999911785125732;0.9999961853027344;True
14;24;RIGHT_HIP;0.6972963213920593;0.7216242551803589;0.0824878141283989;0.9999879598617554;0.9999960660934448;True
14;25;LEFT_KNEE;0.642370343208313;0.8045133948326111;-0.12088204175233841;0.9989137649536133;0.9999957084655762;True
14;26;RIGHT_KNEE;0.7343100905418396;0.8342300653457642;0.034959424287080765;0.9507518410682678;0.9999982118606567;True
14;27;LEFT_ANKLE;0.661223292350769;0.9387003183364868;-0.1149442195892334;0.9988421201705933;0.9999409914016724;True
14;28;RIGHT_ANKLE;0.7962959408760071;0.9050599336624146;0.025898493826389313;0.9885375499725342;0.9999817609786987;True
14;29;LEFT_HEEL;0.6697487235069275;0.9685581922531128;-0.1177881732583046;0.9959195852279663;0.9998250603675842;True
14;30;RIGHT_HEEL;0.8103101253509521;0.9064289927482605;0.02324184775352478;0.9885053038597107;0.9999573230743408;True
14;31;LEFT_FOOT_INDEX;0.6283978819847107;0.9495636820793152;-0.16237176954746246;0.9988449215888977;0.9997685551643372;True
14;32;RIGHT_FOOT_INDEX;0.7937940359115601;0.9644562005996704;-0.01599186100065708;0.9932800531387329;0.9999027252197266;True
15;0;NOSE;0.6236799955368042;0.5184540748596191;-0.025277061387896538;0.9999884963035583;0.9999949932098389;True
15;1;LEFT_EYE_INNER;0.6271074414253235;0.5104604959487915;-0.03606146574020386;0.9999828934669495;0.9999947547912598;True
15;2;LEFT_EYE;0.6277450323104858;0.5112333297729492;-0.03617876395583153;0.9999870657920837;0.9999958276748657;True
15;3;LEFT_EYE_OUTER;0.6282005906105042;0.5117999315261841;-0.03616339713335037;0.9999892115592957;0.9999955892562866;True
15;4;RIGHT_EYE_INNER;0.6277816295623779;0.5099878311157227;-0.013590200804173946;0.9999865889549255;0.999993085861206;True
15;5;RIGHT_EYE;0.628897488117218;0.5104817152023315;-0.013710773549973965;0.9999905824661255;0.9999945163726807;True
15;6;RIGHT_EYE_OUTER;0.6299010515213013;0.5106435418128967;-0.013723761774599552;0.9999914169311523;0.999994158744812;True
15;7;LEFT_EAR;0.6347413659095764;0.5185616612434387;-0.06772784888744354;0.999994695186615;0.9999963045120239;True
15;8;RIGHT_EAR;0.6357101202011108;0.5171298384666443;0.034292422235012054;0.999983012676239;0.9999945163726807;True
15;9;MOUTH_LEFT;0.6260150671005249;0.5315066576004028;-0.03421879932284355;0.9999935030937195;0.9999985694885254;True
15;10;MOUTH_RIGHT;0.6267810463905334;0.5313923358917236;-0.005845257546752691;0.9999878406524658;0.9999963045120239;True
15;11;LEFT_SHOULDER;0.6570027470588684;0.5815345048904419;-0.12629181146621704;0.9999984502792358;0.9999991655349731;True
15;12;RIGHT_SHOULDER;0.6409942507743835;0.5842497944831848;0.12326109409332275;0.9999796748161316;0.9999953508377075;True
15;13;LEFT_ELBOW;0.6955377459526062;0.6461105346679688;-0.17234955728054047;0.9997946619987488;0.9999568462371826;True
15;14;RIGHT_ELBOW;0.6304872632026672;0.6465444564819336;0.1568838506937027;0.5348944067955017;0.9999827146530151;True
15;15;LEFT_WRIST;0.6792575716972351;0.7230367660522461;-0.18677261471748352;0.9992377161979675;0.9999943971633911;True
15;16;RIGHT_WRIST;0.6042508482933044;0.6906183362007141;0.09424028545618057;0.9101747274398804;0.9999994039535522;True
15;17;LEFT_PINKY;0.6776677370071411;0.7477499842643738;-0.2095891386270523;0.9982647895812988;0.9999912977218628;True
15;18;RIGHT_PINKY;0.598547101020813;0.706264317035675;0.09135572612285614;0.9285298585891724;0.9999990463256836;True
15;19;LEFT_INDEX;0.6698712706565857;0.7445653080940247;-0.20453287661075592;0.9981240034103394;0.9999908208847046;True
15;20;RIGHT_INDEX;0.5975162982940674;0.7047762870788574;0.06807302683591843;0.9316916465759277;0.9999990463256836;True
15;21;LEFT_THUMB;0.6703903675079346;0.7365840077400208;-0.18359671533107758;0.9963129162788391;0.9999943971633911;True
15;22;RIGHT_THUMB;0.6004024147987366;0.6992393732070923;0.08160720020532608;0.9219120144844055;0.9999995231628418;True
15;23;LEFT_HIP;0.6895378828048706;0.7191632986068726;-0.08359484374523163;0.9999912977218628;0.9999970197677612;True
15;24;RIGHT_HIP;0.6898402571678162;0.7215452194213867;0.08351191133260727;0.9999882578849792;0.9999972581863403;True
15;25;LEFT_KNEE;0.6376630067825317;0.8046337366104126;-0.12820665538311005;0.9989960193634033;0.9999954700469971;True
15;26;RIGHT_KNEE;0.7263026833534241;0.8344308733940125;0.02902771160006523;0.9555187821388245;0.9999980926513672;True
15;27;LEFT_ANKLE;0.6601630449295044;0.9373295903205872;-0.12352290749549866;0.9989364743232727;0.99994957447052;True
15;28;RIGHT_ANKLE;0.7892808318138123;0.902304470539093;0.020798195153474808;0.9896594285964966;0.9999891519546509;True
15;29;LEFT_HEEL;0.6697081327438354;0.9667963981628418;-0.1265624761581421;0.9962757229804993;0.9998559951782227;True
15;30;RIGHT_HEEL;0.803978681564331;0.8996742367744446;0.018365951254963875;0.9896280765533447;0.9999759197235107;True
15;31;LEFT_FOOT_INDEX;0.6281837821006775;0.9499233961105347;-0.17533686757087708;0.998935341835022;0.9997989535331726;True
15;32;RIGHT_FOOT_INDEX;0.7925131320953369;0.9623287916183472;-0.022861715406179428;0.9939222931861877;0.9999333620071411;True
16;0;NOSE;0.6171073913574219;0.5168396234512329;-0.02498660422861576;0.9999874234199524;0.9999878406524658;True
16;1;LEFT_EYE_INNER;0.6205776929855347;0.5090112090110779;-0.03560749813914299;0.9999815225601196;0.9999872446060181;True
16;2;LEFT_EYE;0.6212236881256104;0.5096919536590576;-0.035718679428100586;0.9999865293502808;0.9999899864196777;True
16;3;LEFT_EYE_OUTER;0.6217092275619507;0.5101976990699768;-0.03570174425840378;0.999988317489624;0.99998939037323;True
16;4;RIGHT_EYE_INNER;0.6211307644844055;0.5086488723754883;-0.013286021538078785;0.9999856948852539;0.9999845027923584;True
16;5;RIGHT_EYE;0.6221820116043091;0.5091285705566406;-0.01340527180582285;0.9999902844429016;0.9999880790710449;True
16;6;RIGHT_EYE_OUTER;0.6231774687767029;0.5093058943748474;-0.013419955037534237;0.9999907612800598;0.9999879598617554;True
16;7;LEFT_EAR;0.6283379197120667;0.5170618295669556;-0.06761674582958221;0.9999946355819702;0.9999915361404419;True
16;8;RIGHT_EAR;0.6291450262069702;0.5158350467681885;0.03381020203232765;0.9999828934669495;0.9999891519546509;True
16;9;MOUTH_LEFT;0.6191861033439636;0.5296443104743958;-0.03396271541714668;0.9999932050704956;0.9999970197677612;True
16;10;MOUTH_RIGHT;0.6198268532752991;0.5296179056167603;-0.005846359767019749;0.9999873042106628;0.9999927282333374;True
16;11;LEFT_SHOULDER;0.6517711877822876;0.5813271403312683;-0.127157524228096;0.9999982714653015;0.9999988079071045;True
16;12;RIGHT_SHOULDER;0.6332037448883057;0.583728551864624;0.12237970530986786;0.9999796748161316;0.999994158744812;True
16;13;LEFT_ELBOW;0.6882212162017822;0.647063136100769;-0.17199495434761047;0.9998048543930054;0.9999507665634155;True
16;14;RIGHT_ELBOW;0.6251891255378723;0.6456199884414673;0.15577244758605957;0.5404492020606995;0.999981164932251;True
16;15;LEFT_WRIST;0.6697004437446594;0.7232773303985596;-0.18229827284812927;0.9992854595184326;0.999992847442627;True
16;16;RIGHT_WRIST;0.5999553799629211;0.6908046007156372;0.09558571875095367;0.9178557991981506;0.9999992847442627;True
16;17;LEFT_PINKY;0.6678419709205627;0.7478915452957153;-0.2043314129114151;0.9983860850334167;0.9999889135360718;True
16;18;RIGHT_PINKY;0.5947745442390442;0.7071535587310791;0.09284568578004837;0.934621274471283;0.999998927116394;True
16;19;LEFT_INDEX;0.6598187685012817;0.7446134090423584;-0.20062658190727234;0.9982563853263855;0.9999880790710449;True
16;20;RIGHT_INDEX;0.5939687490463257;0.7058632373809814;0.07065605372190475;0.9375576376914978;0.9999986886978149;True
16;21;LEFT_THUMB;0.6604525446891785;0.7369486689567566;-0.1792660355567932;0.996579110622406;0.9999923706054688;True
16;22;RIGHT_THUMB;0.5967177152633667;0.6998621821403503;0.0834106057882309;0.9285997748374939;0.9999992847442627;True
16;23;LEFT_HIP;0.6826326847076416;0.7190808057785034;-0.08355583995580673;0.9999914169311523;0.9999970197677612;True
16;24;RIGHT_HIP;0.6818686127662659;0.7214864492416382;0.08347463607788086;0.9999885559082031;0.9999972581863403;True
16;25;LEFT_KNEE;0.6311544179916382;0.8055775165557861;-0.12166425585746765;0.9990723729133606;0.999991774559021;True
16;26;RIGHT_KNEE;0.7153184413909912;0.8347010016441345;0.02291567251086235;0.9598687887191772;0.9999969005584717;True
16;27;LEFT_ANKLE;0.6592791676521301;0.9373506903648376;-0.11359602957963943;0.9990226626396179;0.999896764755249;True
16;28;RIGHT_ANKLE;0.7797364592552185;0.8989684581756592;0.013484183698892593;0.9906746745109558;0.999985933303833;True
16;29;LEFT_HEEL;0.66900235414505;0.9651530981063843;-0.11595034599304199;0.9965909123420715;0.9997220635414124;True
16;30;RIGHT_HEEL;0.7943191528320312;0.8938854932785034;0.011083456687629223;0.9906419515609741;0.9999690055847168;True
16;31;LEFT_FOOT_INDEX;0.6273679137229919;0.9548981785774231;-0.16226337850093842;0.9990159869194031;0.9996471405029297;True
16;32;RIGHT_FOOT_INDEX;0.7875922322273254;0.9609570503234863;-0.030162643641233444;0.9945045709609985;0.9999083280563354;True
17;0;NOSE;0.6154848337173462;0.5163922905921936;-0.023947130888700485;0.9999843835830688;0.9999834299087524;True
17;1;LEFT_EYE_INNER;0.6191596388816833;0.5087090134620667;-0.03514562174677849;0.9999775290489197;0.9999845027923584;True
17;2;LEFT_EYE;0.6196461915969849;0.509343147277832;-0.035259708762168884;0.9999846816062927;0.999988317489624;True
17;3;LEFT_EYE_OUTER;0.6199405789375305;0.5098178386688232;-0.03524012863636017;0.9999858140945435;0.9999878406524658;True
17;4;RIGHT_EYE_INNER;0.620039165019989;0.5081467032432556;-0.01249631680548191;0.9999825954437256;0.9999804496765137;True
17;5;RIGHT_EYE;0.6210663318634033;0.5084367394447327;-0.012614788487553596;0.999988853931427;0.9999850988388062;True
17;6;RIGHT_EYE_OUTER;0.6219359040260315;0.508435845375061;-0.012630962766706944;0.9999886751174927;0.9999849796295166;True
17;7;LEFT_EAR;0.625921368598938;0.5166692137718201;-0.06863590329885483;0.9999942183494568;0.9999899864196777;True
17;8;RIGHT_EAR;0.6276457905769348;0.5153588056564331;0.03360217437148094;0.9999807476997375;0.9999858140945435;True
17;9;MOUTH_LEFT;0.6173117756843567;0.5284072160720825;-0.0335533507168293;0.9999922513961792;0.9999963045120239;True
17;10;MOUTH_RIGHT;0.6179498434066772;0.5285505652427673;-0.005084951873868704;0.99998539686203;0.9999904632568359;True
17;11;LEFT_SHOULDER;0.6475907564163208;0.5811544060707092;-0.12926077842712402;0.9999982118606567;0.9999990463256836;True
17;12;RIGHT_SHOULDER;0.634099006652832;0.581796407699585;0.12206065654754639;0.9999797344207764;0.9999935626983643;True
17;13;LEFT_ELBOW;0.6858236789703369;0.647216796875;-0.17484590411186218;0.9998155832290649;0.9999585151672363;True
17;14;RIGHT_ELBOW;0.6246309280395508;0.6448777914047241;0.15333932638168335;0.5421284437179565;0.9999786615371704;True
17;15;LEFT_WRIST;0.6689678430557251;0.7253040671348572;-0.1823825240135193;0.9993345141410828;0.9999934434890747;True
17;16;RIGHT_WRIST;0.5997437834739685;0.6898732781410217;0.08696343749761581;0.9246798157691956;0.9999991655349731;True
17;17;LEFT_PINKY;0.6674134135246277;0.7492218613624573;-0.20373667776584625;0.9985070824623108;0.9999903440475464;True
17;18;RIGHT_PINKY;0.5945068597793579;0.7087582945823669;0.08333060145378113;0.9400754570960999;0.999998927116394;True
17;19;LEFT_INDEX;0.6595739126205444;0.7448237538337708;-0.19929753243923187;0.9983881115913391;0.9999891519546509;True
17;20;RIGHT_INDEX;0.5927463173866272;0.7076416015625;0.06131385639309883;0.9428201913833618;0.9999988079071045;True
17;21;LEFT_THUMB;0.660163938999176;0.737400233745575;-0.17896389961242676;0.9968417286872864;0.9999927282333374;True
17;22;RIGHT_THUMB;0.5954946279525757;0.7003757357597351;0.07451928406953812;0.9345961809158325;0.9999994039535522;True
17;23;LEFT_HIP;0.6801602840423584;0.7191680073738098;-0.08352385461330414;0.9999917149543762;0.9999983310699463;True
17;24;RIGHT_HIP;0.6816769242286682;0.7213616371154785;0.08344438672065735;0.9999890327453613;0.9999980926513672;True
17;25;LEFT_KNEE;0.6305582523345947;0.8068865537643433;-0.11196614801883698;0.9991500377655029;0.9999927282333374;True
17;26;RIGHT_KNEE;0.7131920456886292;0.8347734808921814;0.02760600484907627;0.9638440012931824;0.9999974966049194;True
17;27;LEFT_ANKLE;0.6582087874412537;0.936918318271637;-0.08871970325708389;0.999106228351593;0.999923825263977;True
17;28;RIGHT_ANKLE;0.7793143391609192;0.8976054787635803;0.023000700399279594;0.9916008710861206;0.9999905824661255;True
17;29;LEFT_HEEL;0.6682382225990295;0.9636777639389038;-0.08976859599351883;0.9968869090080261;0.9998133778572083;True
17;30;RIGHT_HEEL;0.7933148145675659;0.8922973871231079;0.021054616197943687;0.9915679693222046;0.9999798536300659;True
17;31;LEFT_FOOT_INDEX;0.6254116296768188;0.9553893208503723;-0.13566797971725464;0.9990950226783752;0.9997716546058655;True
17;32;RIGHT_FOOT_INDEX;0.7869072556495667;0.9599082469940186;-0.020274674519896507;0.9950436353683472;0.9999430179595947;True
18;0;NOSE;0.615074098110199;0.5163791179656982;-0.024835409596562386;0.9999811053276062;0.9999781847000122;True
18;1;LEFT_EYE_INNER;0.6185872554779053;0.5086807012557983;-0.035675231367349625;0.9999735951423645;0.9999788999557495;True
18;2;LEFT_EYE;0.619297206401825;0.5093119740486145;-0.03579140827059746;0.9999826550483704;0.9999842643737793;True
18;3;LEFT_EYE_OUTER;0.6197605133056641;0.509771466255188;-0.03577372059226036;0.9999834895133972;0.9999836683273315;True
18;4;RIGHT_EYE_INNER;0.6194556355476379;0.5080826282501221;-0.01315282378345728;0.9999793767929077;0.9999722242355347;True
18;5;RIGHT_EYE;0.620753824710846;0.5083438158035278;-0.0132698779925704;0.9999871253967285;0.9999785423278809;True
18;6;RIGHT_EYE_OUTER;0.6218435764312744;0.5083072185516357;-0.013281716033816338;0.999986469745636;0.9999780654907227;True
18;7;LEFT_EAR;0.626008152961731;0.5165084004402161;-0.07201072573661804;0.9999937415122986;0.9999880790710449;True
18;8;RIGHT_EAR;0.6278131008148193;0.515150785446167;0.03158853203058243;0.999978244304657;0.9999810457229614;True
18;9;MOUTH_LEFT;0.6174514293670654;0.52825927734375;-0.03395911306142807;0.9999914765357971;0.9999958276748657;True
18;10;MOUTH_RIGHT;0.618112325668335;0.5284768342971802;-0.005612011067569256;0.9999836087226868;0.999988317489624;True
18;11;LEFT_SHOULDER;0.6469290852546692;0.5805121064186096;-0.13511770963668823;0.9999980926513672;0.999998927116394;True
18;12;RIGHT_SHOULDER;0.6342341303825378;0.5814048051834106;0.11944270879030228;0.9999794960021973;0.9999922513961792;True
18;13;LEFT_ELBOW;0.6850011944770813;0.6471502184867859;-0.17972061038017273;0.9998237490653992;0.9999614953994751;True
18;14;RIGHT_ELBOW;0.6247805953025818;0.6446055173873901;0.15203498303890228;0.5433698892593384;0.9999780654907227;True
18;15;LEFT_WRIST;0.6692758798599243;0.7261317372322083;-0.18557007610797882;0.999372661113739;0.999992847442627;True
18;16;RIGHT_WRIST;0.6000935435295105;0.6888622641563416;0.08843541145324707;0.9302154779434204;0.999998927116394;True
18;17;LEFT_PINKY;0.6673371195793152;0.7498306035995483;-0.20640964806079865;0.9985989928245544;0.999988317489624;True
18;18;RIGHT_PINKY;0.5946918725967407;0.7086035013198853;0.08538556843996048;0.9444090127944946;0.9999983310699463;True
18;19;LEFT_INDEX;0.6595470905303955;0.7450650334358215;-0.2015276402235031;0.9984877109527588;0.9999867677688599;True
18;20;RIGHT_INDEX;0.5927720665931702;0.7073857188224792;0.06312953680753708;0.947024405002594;0.9999979734420776;True
18;21;LEFT_THUMB;0.660332977771759;0.7377562522888184;-0.1819479912519455;0.9970420598983765;0.9999915361404419;True
18;22;RIGHT_THUMB;0.5955850481987;0.6995549201965332;0.07603057473897934;0.9393808245658875;0.999998927116394;True
18;23;LEFT_HIP;0.6792793273925781;0.7191425561904907;-0.08301898837089539;0.9999920129776001;0.9999984502792358;True
18;24;RIGHT_HIP;0.6817643642425537;0.7213160991668701;0.08294256776571274;0.9999895095825195;0.9999982118606567;True
18;25;LEFT_KNEE;0.6309598088264465;0.8080528378486633;-0.10077400505542755;0.9992115497589111;0.9999933242797852;True
18;26;RIGHT_KNEE;0.7125517725944519;0.8353015184402466;0.02587992697954178;0.967414140701294;0.9999978542327881;True
18;27;LEFT_ANKLE;0.6582880616188049;0.9368321895599365;-0.06905948370695114;0.9991723895072937;0.9999003410339355;True
18;28;RIGHT_ANKLE;0.7794449329376221;0.8980299234390259;0.019320551306009293;0.9924303293228149;0.9999881982803345;True
18;29;LEFT_HEEL;0.6686492562294006;0.9632013440132141;-0.06934700906276703;0.9971215724945068;0.9997323155403137;True
18;30;RIGHT_HEEL;0.7936773896217346;0.8937771916389465;0.017390843480825424;0.9923955202102661;0.9999725818634033;True
18;31;LEFT_FOOT_INDEX;0.6251161694526672;0.9554245471954346;-0.11351872980594635;0.9991522431373596;0.9996732473373413;True
18;32;RIGHT_FOOT_INDEX;0.7863365411758423;0.9601761698722839;-0.022796548902988434;0.99552321434021;0.999914288520813;True
19;0;NOSE;0.6010438203811646;0.5173462629318237;-0.05207062512636185;0.9999791383743286;0.9999842643737793;True
19;1;LEFT_EYE_INNER;0.6054490804672241;0.5088757872581482;-0.06211354210972786;0.9999715685844421;0.9999825954437256;True
19;2;LEFT_EYE;0.6061975955963135;0.5094794034957886;-0.06222770735621452;0.9999810457229614;0.9999858140945435;True
19;3;LEFT_EYE_OUTER;0.6067244410514832;0.5099164247512817;-0.06220575422048569;0.9999819993972778;0.9999845027923584;True
19;4;RIGHT_EYE_INNER;0.606705904006958;0.5082050561904907;-0.040369611233472824;0.9999779462814331;0.9999781847000122;True
19;5;RIGHT_EYE;0.6083405017852783;0.5084318518638611;-0.040495578199625015;0.9999861717224121;0.9999829530715942;True
19;6;RIGHT_EYE_OUTER;0.6098508834838867;0.508398175239563;-0.04051809757947922;0.9999855160713196;0.9999822378158569;True
19;7;LEFT_EAR;0.6138458847999573;0.5166001319885254;-0.08843090385198593;0.999993085861206;0.9999854564666748;True
19;8;RIGHT_EAR;0.6170256733894348;0.5153259634971619;0.009957042522728443;0.9999762773513794;0.9999821186065674;True
19;9;MOUTH_LEFT;0.6046648621559143;0.5294132232666016;-0.05854266881942749;0.9999905824661255;0.9999953508377075;True
19;10;MOUTH_RIGHT;0.6058719158172607;0.529418408870697;-0.03138088062405586;0.9999821186065674;0.9999885559082031;True
19;11;LEFT_SHOULDER;0.6345900893211365;0.5820185542106628;-0.13991603255271912;0.9999978542327881;0.9999980926513672;True
19;12;RIGHT_SHOULDER;0.6239321231842041;0.5812689065933228;0.10099299997091293;0.9999785423278809;0.9999912977218628;True
19;13;LEFT_ELBOW;0.6708813905715942;0.6521271467208862;-0.17873355746269226;0.9998087882995605;0.9999501705169678;True
19;14;RIGHT_ELBOW;0.6183887720108032;0.6452177166938782;0.12858013808727264;0.5312575101852417;0.9999761581420898;True
19;15;LEFT_WRIST;0.653448760509491;0.7260456085205078;-0.18031726777553558;0.9993617534637451;0.9999918937683105;True
19;16;RIGHT_WRIST;0.5959237217903137;0.697185754776001;0.053041137754917145;0.9339028596878052;0.9999984502792358;True
19;17;LEFT_PINKY;0.65034019947052;0.7498563528060913;-0.1998795121908188;0.9985958337783813;0.9999840259552002;True
19;18;RIGHT_PINKY;0.5923905968666077;0.7211621403694153;0.04705106094479561;0.9471662044525146;0.9999971389770508;True
19;19;LEFT_INDEX;0.6436951160430908;0.7453415989875793;-0.19614815711975098;0.9984879493713379;0.9999825954437256;True
19;20;RIGHT_INDEX;0.5911873579025269;0.722568690776825;0.02362886257469654;0.9497784972190857;0.9999966621398926;True
19;21;LEFT_THUMB;0.6442340612411499;0.7380155324935913;-0.17705446481704712;0.9970588088035583;0.9999895095825195;True
19;22;RIGHT_THUMB;0.5928406119346619;0.7153492569923401;0.040028881281614304;0.9423703551292419;0.9999984502792358;True
19;23;LEFT_HIP;0.6670176982879639;0.7193074822425842;-0.08113966137170792;0.9999921917915344;0.9999985694885254;True
19;24;RIGHT_HIP;0.6693689823150635;0.7211830615997314;0.08107160776853561;0.9999898076057434;0.9999988079071045;True
19;25;LEFT_KNEE;0.6213012337684631;0.8129923343658447;-0.10509487241506577;0.9991996884346008;0.9999885559082031;True
19;26;RIGHT_KNEE;0.688788652420044;0.8368102312088013;0.023031948134303093;0.9702528715133667;0.9999953508377075;True
19;27;LEFT_ANKLE;0.6574394106864929;0.9366647005081177;-0.07520050555467606;0.9991801381111145;0.9999265670776367;True
19;28;RIGHT_ANKLE;0.758345365524292;0.8913549184799194;0.022870097309350967;0.993094265460968;0.9999918937683105;True
19;29;LEFT_HEEL;0.6691570281982422;0.9590904116630554;-0.07541630417108536;0.9971754550933838;0.9998239874839783;True
19;30;RIGHT_HEEL;0.7725028395652771;0.8869315385818481;0.021309869363904;0.9930298328399658;0.9999853372573853;True
19;31;LEFT_FOOT_INDEX;0.6263637542724609;0.9584529399871826;-0.12238441407680511;0.9991572499275208;0.9997581839561462;True
19;32;RIGHT_FOOT_INDEX;0.7678752541542053;0.9520261287689209;-0.02003309316933155;0.9958712458610535;0.9999501705169678;True
20;0;NOSE;0.5963004231452942;0.5173853635787964;-0.04654833301901817;0.9999768137931824;0.9999872446060181;True
20;1;LEFT_EYE_INNER;0.599122941493988;0.5089861750602722;-0.056890878826379776;0.9999698400497437;0.9999856948852539;True
20;2;LEFT_EYE;0.5993659496307373;0.5095348954200745;-0.057003654539585114;0.9999794363975525;0.9999881982803345;True
20;3;LEFT_EYE_OUTER;0.5995099544525146;0.5099300146102905;-0.05697943642735481;0.999980628490448;0.9999871253967285;True
20;4;RIGHT_EYE_INNER;0.6005771160125732;0.5084403157234192;-0.0349249467253685;0.9999765157699585;0.9999808073043823;True
20;5;RIGHT_EYE;0.6019289493560791;0.5086845755577087;-0.035043369978666306;0.9999850392341614;0.9999843835830688;True
20;6;RIGHT_EYE_OUTER;0.6031930446624756;0.5086429119110107;-0.03506196290254593;0.9999843835830688;0.9999830722808838;True
20;7;LEFT_EAR;0.6051032543182373;0.5165988802909851;-0.08522544801235199;0.9999924302101135;0.999988317489624;True
20;8;RIGHT_EAR;0.6096459627151489;0.5155836939811707;0.014041964896023273;0.9999740719795227;0.999981164932251;True
20;9;MOUTH_LEFT;0.5982337594032288;0.5293291807174683;-0.0540786050260067;0.9999899864196777;0.9999964237213135;True
20;10;MOUTH_RIGHT;0.6000141501426697;0.5293552875518799;-0.02661145105957985;0.9999807476997375;0.9999902248382568;True
20;11;LEFT_SHOULDER;0.6236503720283508;0.5829948782920837;-0.14091624319553375;0.999997615814209;0.9999982118606567;True
20;12;RIGHT_SHOULDER;0.6200523376464844;0.5783422589302063;0.10301994532346725;0.9999755024909973;0.9999867677688599;True
20;13;LEFT_ELBOW;0.6586238145828247;0.6579188108444214;-0.18586744368076324;0.9998002648353577;0.9999402761459351;True
20;14;RIGHT_ELBOW;0.6164608001708984;0.6454771757125854;0.11951954662799835;0.5086902976036072;0.999954104423523;True
20;15;LEFT_WRIST;0.6425626873970032;0.7337770462036133;-0.19861826300621033;0.9993639588356018;0.99998939037323;True
20;16;RIGHT_WRIST;0.596074640750885;0.7028610110282898;0.03380248323082924;0.9334555864334106;0.9999966621398926;True
20;17;LEFT_PINKY;0.6408570408821106;0.7577725052833557;-0.22141751646995544;0.998609185218811;0.9999768733978271;True
20;18;RIGHT_PINKY;0.5928269624710083;0.7267338037490845;0.02651895023882389;0.9471983909606934;0.9999939203262329;True
20;19;LEFT_INDEX;0.6350038647651672;0.7544686794281006;-0.2158777117729187;0.9985009431838989;0.9999768733978271;True
20;20;RIGHT_INDEX;0.5918180346488953;0.7287174463272095;0.004229983780533075;0.9499685764312744;0.9999935626983643;True
20;21;LEFT_THUMB;0.6353279948234558;0.7462890148162842;-0.19500917196273804;0.9970676302909851;0.9999860525131226;True
20;22;RIGHT_THUMB;0.5936129689216614;0.7224875688552856;0.0210939459502697;0.9424278736114502;0.9999967813491821;True
20;23;LEFT_HIP;0.6596396565437317;0.7193108201026917;-0.08042923361063004;0.9999921321868896;0.9999983310699463;True
20;24;RIGHT_HIP;0.6619346141815186;0.7200837731361389;0.08036971092224121;0.9999896883964539;0.9999984502792358;True
20;25;LEFT_KNEE;0.6161612272262573;0.817986786365509;-0.10692112892866135;0.9991894364356995;0.9999819993972778;True
20;26;RIGHT_KNEE;0.6735112071037292;0.8382208347320557;0.017402751371264458;0.9724359512329102;0.9999889135360718;True
20;27;LEFT_ANKLE;0.657492458820343;0.937293529510498;-0.09233465790748596;0.9992191791534424;0.9998998641967773;True
20;28;RIGHT_ANKLE;0.7433023452758789;0.8880359530448914;0.020807432010769844;0.9935687184333801;0.9999901056289673;True
20;29;LEFT_HEEL;0.6692167520523071;0.9572800397872925;-0.09429987519979477;0.9972948431968689;0.9997178912162781;True
20;30;RIGHT_HEEL;0.7569981217384338;0.8804237842559814;0.019590212032198906;0.9934712052345276;0.9999821186065674;True
20;31;LEFT_FOOT_INDEX;0.6272925734519958;0.9617299437522888;-0.15654851496219635;0.9991909265518188;0.999591052532196;True
20;32;RIGHT_FOOT_INDEX;0.7521559000015259;0.9478693604469299;-0.027682900428771973;0.9960809350013733;0.9999327659606934;True
21;0;NOSE;0.5936511754989624;0.5181452035903931;-0.07377038151025772;0.9999775290489197;0.9999955892562866;True
21;1;LEFT_EYE_INNER;0.5972384810447693;0.5096573829650879;-0.0844724103808403;0.9999712109565735;0.9999948740005493;True
21;2;LEFT_EYE;0.5979486107826233;0.5101519823074341;-0.08458194136619568;0.9999802112579346;0.9999957084655762;True
21;3;LEFT_EYE_OUTER;0.5984779596328735;0.5105063915252686;-0.08454872667789459;0.9999814033508301;0.999995231628418;True
21;4;RIGHT_EYE_INNER;0.5981627702713013;0.5090324282646179;-0.06238630786538124;0.9999775886535645;0.9999934434890747;True
21;5;RIGHT_EYE;0.5996353626251221;0.5091896653175354;-0.06250422447919846;0.9999856352806091;0.9999946355819702;True
21;6;RIGHT_EYE_OUTER;0.6009874939918518;0.5090786218643188;-0.06252152472734451;0.9999850392341614;0.999994158744812;True
21;7;LEFT_EAR;0.6043269038200378;0.5168995261192322;-0.11094055324792862;0.9999926686286926;0.9999954700469971;True
21;8;RIGHT_EAR;0.6072053909301758;0.5158506035804749;-0.01110030710697174;0.9999748468399048;0.9999938011169434;True
21;9;MOUTH_LEFT;0.5967258810997009;0.5295220017433167;-0.08059892058372498;0.9999904036521912;0.9999988079071045;True
21;10;MOUTH_RIGHT;0.5974694490432739;0.5296478271484375;-0.05287932604551315;0.9999815225601196;0.9999966621398926;True
21;11;LEFT_SHOULDER;0.6249212622642517;0.5851601958274841;-0.16296370327472687;0.9999974966049194;0.999998927116394;True
21;12;RIGHT_SHOULDER;0.6177444458007812;0.5781136751174927;0.08330351859331131;0.9999755024909973;0.9999946355819702;True
21;13;LEFT_ELBOW;0.657149612903595;0.6610975861549377;-0.20956937968730927;0.9997892379760742;0.9999523162841797;True
21;14;RIGHT_ELBOW;0.6150329113006592;0.6455080509185791;0.10410333424806595;0.49425390362739563;0.9999736547470093;True
21;15;LEFT_WRIST;0.6412655711174011;0.7375065684318542;-0.22868545353412628;0.9993695616722107;0.9999910593032837;True
21;16;RIGHT_WRIST;0.5962902903556824;0.7043914198875427;0.020526520907878876;0.935589611530304;0.9999984502792358;True
21;17;LEFT_PINKY;0.6402262449264526;0.761599600315094;-0.2539314329624176;0.9986361861228943;0.9999818801879883;True
21;18;RIGHT_PINKY;0.5930538773536682;0.7279515862464905;0.012854588218033314;0.9493106603622437;0.9999973773956299;True
21;19;LEFT_INDEX;0.6336750388145447;0.7587341070175171;-0.2491704374551773;0.998532235622406;0.9999817609786987;True
21;20;RIGHT_INDEX;0.5923221707344055;0.7297680974006653;-0.010518583469092846;0.9520800113677979;0.9999972581863403;True
21;21;LEFT_THUMB;0.6334568858146667;0.750801146030426;-0.22558465600013733;0.9971095323562622;0.9999889135360718;True
21;22;RIGHT_THUMB;0.5942254662513733;0.7237166166305542;0.0075742751359939575;0.9446880221366882;0.9999985694885254;True
21;23;LEFT_HIP;0.6588978171348572;0.7192974090576172;-0.08018670231103897;0.9999920725822449;0.9999985694885254;True
21;24;RIGHT_HIP;0.6601370573043823;0.7191826701164246;0.08012448996305466;0.9999897480010986;0.999998927116394;True
21;25;LEFT_KNEE;0.6150123476982117;0.821222722530365;-0.1105792224407196;0.99913090467453;0.9999867677688599;True
21;26;RIGHT_KNEE;0.670660674571991;0.8395662307739258;0.01828964799642563;0.974543035030365;0.9999924898147583;True
21;27;LEFT_ANKLE;0.6572199463844299;0.9373413920402527;-0.09237182140350342;0.9992238879203796;0.9999099969863892;True
21;28;RIGHT_ANKLE;0.7403357028961182;0.886138379573822;0.030817078426480293;0.9939857721328735;0.9999914169311523;True
21;29;LEFT_HEEL;0.6690550446510315;0.9573439955711365;-0.09398313611745834;0.9972912669181824;0.9997419714927673;True
21;30;RIGHT_HEEL;0.7543408870697021;0.8799365162849426;0.031548626720905304;0.9938456416130066;0.9999840259552002;True
21;31;LEFT_FOOT_INDEX;0.6276376247406006;0.9620590806007385;-0.15332967042922974;0.9991922378540039;0.999636173248291;True
21;32;RIGHT_FOOT_INDEX;0.7489007711410522;0.9442242383956909;-0.015126737765967846;0.9962578415870667;0.9999423027038574;True
22;0;NOSE;0.5739671587944031;0.5165895819664001;-0.11428508907556534;0.9999724626541138;0.9999803304672241;True
22;1;LEFT_EYE_INNER;0.5772106647491455;0.509567379951477;-0.1252329796552658;0.9999672770500183;0.9999798536300659;True
22;2;LEFT_EYE;0.5776348114013672;0.5101463198661804;-0.12537509202957153;0.9999765157699585;0.999984860420227;True
22;3;LEFT_EYE_OUTER;0.5779249668121338;0.5105580687522888;-0.12536555528640747;0.9999793171882629;0.9999855756759644;True
22;4;RIGHT_EYE_INNER;0.5782768726348877;0.5088021159172058;-0.10373516380786896;0.9999721050262451;0.9999603033065796;True
22;5;RIGHT_EYE;0.5794531106948853;0.5089931488037109;-0.10383771359920502;0.9999803900718689;0.9999631643295288;True
22;6;RIGHT_EYE_OUTER;0.5805895328521729;0.5089594125747681;-0.10386607050895691;0.9999804496765137;0.9999547004699707;True
22;7;LEFT_EAR;0.583678662776947;0.5177050828933716;-0.14834703505039215;0.9999911785125732;0.9999878406524658;True
22;8;RIGHT_EAR;0.5860927104949951;0.5158518552780151;-0.050884850323200226;0.9999624490737915;0.9999347925186157;True
22;9;MOUTH_LEFT;0.5752974152565002;0.5285781025886536;-0.11978055536746979;0.9999885559082031;0.9999953508377075;True
22;10;MOUTH_RIGHT;0.5758411288261414;0.5283829569816589;-0.0927739068865776;0.9999755024909973;0.9999812841415405;True
22;11;LEFT_SHOULDER;0.6017268896102905;0.5850964188575745;-0.1947314292192459;0.9999973177909851;0.9999985694885254;True
22;12;RIGHT_SHOULDER;0.5973458886146545;0.5779813528060913;0.045377217233181;0.9999513030052185;0.9999535083770752;True
22;13;LEFT_ELBOW;0.6292386651039124;0.665128231048584;-0.22842662036418915;0.9997857809066772;0.999976634979248;True
22;14;RIGHT_ELBOW;0.6133481860160828;0.65236896276474;0.06067858636379242;0.4534314274787903;0.9998830556869507;True
22;15;LEFT_WRIST;0.6181014180183411;0.7456735968589783;-0.23766456544399261;0.999362051486969;0.9999963045120239;True
22;16;RIGHT_WRIST;0.5964178442955017;0.7192499041557312;-0.021602511405944824;0.8797957897186279;0.9999847412109375;True
22;17;LEFT_PINKY;0.6179482936859131;0.7670068144798279;-0.26315271854400635;0.9985969066619873;0.9999903440475464;True
22;18;RIGHT_PINKY;0.5999972224235535;0.7376313209533691;-0.030179372057318687;0.9038004875183105;0.9999802112579346;True
22;19;LEFT_INDEX;0.613799512386322;0.7665639519691467;-0.26041319966316223;0.9984838366508484;0.99998939037323;True
22;20;RIGHT_INDEX;0.598095715045929;0.7393651008605957;-0.05301733687520027;0.9080408215522766;0.9999772310256958;True
22;21;LEFT_THUMB;0.6140369772911072;0.7596179246902466;-0.23523905873298645;0.9969149231910706;0.999994158744812;True
22;22;RIGHT_THUMB;0.5971044301986694;0.7313434481620789;-0.03421006724238396;0.8994642496109009;0.9999871253967285;True
22;23;LEFT_HIP;0.6408647894859314;0.7159559726715088;-0.07957914471626282;0.999991774559021;0.9999988079071045;True
22;24;RIGHT_HIP;0.6384099721908569;0.7150924205780029;0.07955585420131683;0.9999879002571106;0.9999982118606567;True
22;25;LEFT_KNEE;0.6084854006767273;0.8284392952919006;-0.12203516066074371;0.99908846616745;0.9999957084655762;True
22;26;RIGHT_KNEE;0.6240442991256714;0.83478844165802;0.04526199400424957;0.9588098526000977;0.9999876022338867;True
22;27;LEFT_ANKLE;0.6561748385429382;0.9373088479042053;-0.09490993618965149;0.999255359172821;0.9999827146530151;True
22;28;RIGHT_ANKLE;0.6888235807418823;0.884349524974823;0.10384874790906906;0.9898685812950134;0.9999954700469971;True
22;29;LEFT_HEEL;0.6688235402107239;0.9560960531234741;-0.09606987982988358;0.9972193837165833;0.9999336004257202;True
22;30;RIGHT_HEEL;0.7029847502708435;0.8808243870735168;0.10708679258823395;0.9899500608444214;0.9999935626983643;True
22;31;LEFT_FOOT_INDEX;0.6267027258872986;0.9628092646598816;-0.16942259669303894;0.9992154240608215;0.9998948574066162;True
22;32;RIGHT_FOOT_INDEX;0.687141478061676;0.9452374577522278;0.058135852217674255;0.9939200282096863;0.9999748468399048;True
23;0;NOSE;0.5645018219947815;0.5165746808052063;-0.08117079734802246;0.999972403049469;0.9999910593032837;True
23;1;LEFT_EYE_INNER;0.5669357180595398;0.5097024440765381;-0.0926508978009224;0.9999675750732422;0.9999880790710449;True
23;2;LEFT_EYE;0.5670940279960632;0.5104045271873474;-0.09277378767728806;0.9999760985374451;0.9999909400939941;True
23;3;LEFT_EYE_OUTER;0.5672028064727783;0.5109590888023376;-0.09275727719068527;0.9999794363975525;0.999990701675415;True
23;4;RIGHT_EYE_INNER;0.5684619545936584;0.5089383721351624;-0.07133354991674423;0.9999719858169556;0.9999772310256958;True
23;5;RIGHT_EYE;0.5697357058525085;0.5092608332633972;-0.07144200056791306;0.9999796152114868;0.9999786615371704;True
23;6;RIGHT_EYE_OUTER;0.5712076425552368;0.5093845129013062;-0.07146596908569336;0.9999799132347107;0.9999724626541138;True
23;7;LEFT_EAR;0.5719558596611023;0.5185503363609314;-0.12330427020788193;0.9999909996986389;0.9999938011169434;True
23;8;RIGHT_EAR;0.57733553647995;0.5168651342391968;-0.028855465352535248;0.9999610781669617;0.9999673366546631;True
23;9;MOUTH_LEFT;0.5653699040412903;0.5286785364151001;-0.08891750872135162;0.9999879002571106;0.999996542930603;True
23;10;MOUTH_RIGHT;0.5672410726547241;0.5286440849304199;-0.06215911731123924;0.999973475933075;0.9999867677688599;True
23;11;LEFT_SHOULDER;0.588397741317749;0.5857406854629517;-0.17397798597812653;0.9999971985816956;0.999998927116394;True
23;12;RIGHT_SHOULDER;0.5929763317108154;0.5752915740013123;0.053821440786123276;0.9999260902404785;0.9999605417251587;True
23;13;LEFT_ELBOW;0.6144654154777527;0.6675295233726501;-0.2140592485666275;0.9997283816337585;0.9999715089797974;True
23;14;RIGHT_ELBOW;0.6162289381027222;0.6583409309387207;0.06330457329750061;0.4097098410129547;0.9998130202293396;True
23;15;LEFT_WRIST;0.6084792613983154;0.7488985061645508;-0.19050005078315735;0.9990649223327637;0.9999912977218628;True
23;16;RIGHT_WRIST;0.6093747019767761;0.7368075847625732;-0.00019415457791183144;0.7962071299552917;0.9999159574508667;True
23;17;LEFT_PINKY;0.6108817458152771;0.7706937789916992;-0.20942412316799164;0.9978870749473572;0.9999760389328003;True
23;18;RIGHT_PINKY;0.6128528118133545;0.7574845552444458;-0.005382925271987915;0.8207942247390747;0.9998968839645386;True
23;19;LEFT_INDEX;0.6060693264007568;0.770322859287262;-0.2063983529806137;0.9976722002029419;0.9999738931655884;True
23;20;RIGHT_INDEX;0.6067575216293335;0.7604448199272156;-0.024789493530988693;0.8247119784355164;0.9998759031295776;True
23;21;LEFT_THUMB;0.6050657033920288;0.763480007648468;-0.18753042817115784;0.9950838685035706;0.9999852180480957;True
23;22;RIGHT_THUMB;0.6049554944038391;0.7520187497138977;-0.010960962623357773;0.8173283338546753;0.999927282333374;True
23;23;LEFT_HIP;0.6290684938430786;0.7175619602203369;-0.07601272314786911;0.9999912977218628;0.9999990463256836;True
23;24;RIGHT_HIP;0.6308185458183289;0.7135491371154785;0.0759926363825798;0.9999852180480957;0.9999986886978149;True
23;25;LEFT_KNEE;0.6029253602027893;0.8350487947463989;-0.1063072681427002;0.9990438222885132;0.9999969005584717;True
23;26;RIGHT_KNEE;0.6030532121658325;0.8244578242301941;0.09765557944774628;0.9180746674537659;0.999988317489624;True
23;27;LEFT_ANKLE;0.6552056074142456;0.9368080496788025;-0.07612396031618118;0.9992510080337524;0.999968409538269;True
23;28;RIGHT_ANKLE;0.6633996963500977;0.8847115635871887;0.17011313140392303;0.9761635661125183;0.9999932050704956;True
23;29;LEFT_HEEL;0.6679267883300781;0.954894483089447;-0.07631642371416092;0.9968316555023193;0.9998507499694824;True
23;30;RIGHT_HEEL;0.6762946248054504;0.8833116292953491;0.17499075829982758;0.9785438179969788;0.99998939037323;True
23;31;LEFT_FOOT_INDEX;0.626551628112793;0.9641125798225403;-0.14248932898044586;0.9991653561592102;0.9997929930686951;True
23;32;RIGHT_FOOT_INDEX;0.6499102115631104;0.9328764081001282;0.14097504317760468;0.9853174686431885;0.9999681711196899;True
24;0;NOSE;0.5624678730964661;0.5165777206420898;-0.08210429549217224;0.9999721050262451;0.9999860525131226;True
24;1;LEFT_EYE_INNER;0.5652551054954529;0.5101615190505981;-0.09434309601783752;0.9999676942825317;0.9999812841415405;True
24;2;LEFT_EYE;0.5655437707901001;0.5110344290733337;-0.0944572389125824;0.9999754428863525;0.9999855756759644;True
24;3;LEFT_EYE_OUTER;0.5657281875610352;0.5117479562759399;-0.09444327652454376;0.9999794363975525;0.9999850988388062;True
24;4;RIGHT_EYE_INNER;0.5669711232185364;0.5093113780021667;-0.07526704668998718;0.9999719262123108;0.9999667406082153;True
24;5;RIGHT_EYE;0.5686062574386597;0.5097262859344482;-0.07538124918937683;0.9999788999557495;0.9999698400497437;True
24;6;RIGHT_EYE_OUTER;0.5702246427536011;0.5099648237228394;-0.07541520893573761;0.999979555606842;0.9999616146087646;True
24;7;LEFT_EAR;0.570699155330658;0.5195975303649902;-0.12605831027030945;0.9999907612800598;0.9999905824661255;True
24;8;RIGHT_EAR;0.5762224793434143;0.5176907777786255;-0.04035000875592232;0.9999603629112244;0.9999586343765259;True
24;9;MOUTH_LEFT;0.5639854073524475;0.5286893844604492;-0.09022247791290283;0.9999873042106628;0.9999955892562866;True
24;10;MOUTH_RIGHT;0.5659177899360657;0.5286882519721985;-0.06636113673448563;0.999971866607666;0.9999839067459106;True
24;11;LEFT_SHOULDER;0.5865646004676819;0.5867136716842651;-0.17141181230545044;0.9999970197677612;0.9999986886978149;True
24;12;RIGHT_SHOULDER;0.5941228866577148;0.5750240683555603;0.03945362567901611;0.9999041557312012;0.9999637603759766;True
24;13;LEFT_ELBOW;0.614296555519104;0.6675736904144287;-0.19343692064285278;0.9996364116668701;0.9999653100967407;True
24;14;RIGHT_ELBOW;0.6184017062187195;0.6575881242752075;0.05251705273985863;0.3703823983669281;0.9997876286506653;True
24;15;LEFT_WRIST;0.6067179441452026;0.748932957649231;-0.16254666447639465;0.998620331287384;0.9999871253967285;True
24;16;RIGHT_WRIST;0.6163792014122009;0.7376130223274231;-0.000511823920533061;0.7209084033966064;0.9998785257339478;True
24;17;LEFT_PINKY;0.6099689602851868;0.7707415819168091;-0.17843475937843323;0.9969050288200378;0.9999632835388184;True
24;18;RIGHT_PINKY;0.6178448796272278;0.7558215260505676;-0.005168720614165068;0.7459765672683716;0.9998472929000854;True
24;19;LEFT_INDEX;0.6053408980369568;0.7704870700836182;-0.17633414268493652;0.9965758919715881;0.9999576807022095;True
24;20;RIGHT_INDEX;0.6126125454902649;0.7587798833847046;-0.02319360338151455;0.7494727373123169;0.9998086094856262;True
24;21;LEFT_THUMB;0.6031486392021179;0.7635602951049805;-0.1595880538225174;0.9928115606307983;0.9999761581420898;True
24;22;RIGHT_THUMB;0.6123508810997009;0.7525744438171387;-0.01042747963219881;0.7432337999343872;0.9998890161514282;True
24;23;LEFT_HIP;0.6267088651657104;0.7191120982170105;-0.07124493271112442;0.9999909400939941;0.9999990463256836;True
24;24;RIGHT_HIP;0.6304118037223816;0.7123556137084961;0.07123389840126038;0.9999832510948181;0.9999986886978149;True
24;25;LEFT_KNEE;0.6012932062149048;0.836787223815918;-0.09264033287763596;0.9989855885505676;0.9999953508377075;True
24;26;RIGHT_KNEE;0.6021875739097595;0.8199240565299988;0.0842239111661911;0.8965964317321777;0.9999858140945435;True
24;27;LEFT_ANKLE;0.6555975079536438;0.9357422590255737;-0.03855054825544357;0.9991877675056458;0.9999464750289917;True
24;28;RIGHT_ANKLE;0.6641110181808472;0.8839937448501587;0.15501578152179718;0.9669784307479858;0.9999908208847046;True
24;29;LEFT_HEEL;0.6678909659385681;0.9535123705863953;-0.03572838753461838;0.995976448059082;0.9997630715370178;True
24;30;RIGHT_HEEL;0.6774402856826782;0.8829907178878784;0.16024304926395416;0.9699316024780273;0.999984860420227;True
24;31;LEFT_FOOT_INDEX;0.6269076466560364;0.9641123414039612;-0.08710977435112;0.9990103244781494;0.9996683597564697;True
24;32;RIGHT_FOOT_INDEX;0.6495221257209778;0.9295878410339355;0.13196519017219543;0.9786888957023621;0.9999452829360962;True
25;0;NOSE;0.5635759830474854;0.5166059732437134;-0.07959307730197906;0.9999722838401794;0.999988317489624;True
25;1;LEFT_EYE_INNER;0.5662822723388672;0.5107173323631287;-0.09191972762346268;0.9999682307243347;0.9999841451644897;True
25;2;LEFT_EYE;0.5664264559745789;0.5117121338844299;-0.09203194081783295;0.9999752044677734;0.9999877214431763;True
25;3;LEFT_EYE_OUTER;0.5664682388305664;0.512572705745697;-0.09201722592115402;0.9999796748161316;0.9999872446060181;True
25;4;RIGHT_EYE_INNER;0.5682245492935181;0.5097188949584961;-0.07326751202344894;0.9999722838401794;0.9999724626541138;True
25;5;RIGHT_EYE;0.5699608325958252;0.5101363062858582;-0.07338201254606247;0.9999786615371704;0.9999749660491943;True
25;6;RIGHT_EYE_OUTER;0.5716251730918884;0.5103933811187744;-0.07341310381889343;0.9999796152114868;0.9999680519104004;True
25;7;LEFT_EAR;0.5710833668708801;0.5203989148139954;-0.12390553206205368;0.9999906420707703;0.9999918937683105;True
25;8;RIGHT_EAR;0.5771529674530029;0.5181050896644592;-0.03993777185678482;0.9999603033065796;0.9999651908874512;True
25;9;MOUTH_LEFT;0.5652625560760498;0.5288147926330566;-0.08778741210699081;0.9999869465827942;0.9999960660934448;True
25;10;MOUTH_RIGHT;0.5674923658370972;0.528741717338562;-0.06449439376592636;0.9999709725379944;0.999985933303833;True
25;11;LEFT_SHOULDER;0.5865533351898193;0.5883979797363281;-0.16899380087852478;0.9999968409538269;0.9999988079071045;True
25;12;RIGHT_SHOULDER;0.5950353741645813;0.5747737884521484;0.03998630866408348;0.999887228012085;0.9999669790267944;True
25;13;LEFT_ELBOW;0.6146513223648071;0.6688327789306641;-0.18303099274635315;0.9995238184928894;0.9999630451202393;True
25;14;RIGHT_ELBOW;0.6191990375518799;0.6573840379714966;0.05378502607345581;0.33486971259117126;0.9997838139533997;True
25;15;LEFT_WRIST;0.6060413718223572;0.7492430806159973;-0.154710054397583;0.9981530904769897;0.9999865293502808;True
25;16;RIGHT_WRIST;0.6179111003875732;0.7379150390625;0.001270042615942657;0.6531906127929688;0.9998764991760254;True
25;17;LEFT_PINKY;0.6092280149459839;0.77085942029953;-0.1704411655664444;0.9959048628807068;0.9999626874923706;True
25;18;RIGHT_PINKY;0.6184460520744324;0.7554797530174255;-0.0032530990429222584;0.6788429021835327;0.9998444318771362;True
25;19;LEFT_INDEX;0.6048305630683899;0.7706440687179565;-0.16842608153820038;0.9954653382301331;0.9999569654464722;True
25;20;RIGHT_INDEX;0.6136847734451294;0.7583392262458801;-0.02130364440381527;0.6819683909416199;0.9998050332069397;True
25;21;LEFT_THUMB;0.6026332974433899;0.7635952234268188;-0.15178684890270233;0.9905157685279846;0.9999754428863525;True
25;22;RIGHT_THUMB;0.6139035820960999;0.753085732460022;-0.00864393450319767;0.6766957640647888;0.9998871088027954;True
25;23;LEFT_HIP;0.6260640025138855;0.7205413579940796;-0.06978233903646469;0.9999904632568359;0.999998927116394;True
25;24;RIGHT_HIP;0.6304318308830261;0.7119402289390564;0.06976967304944992;0.9999812245368958;0.9999985694885254;True
25;25;LEFT_KNEE;0.6007264256477356;0.8367440700531006;-0.08859193325042725;0.9989063739776611;0.9999947547912598;True
25;26;RIGHT_KNEE;0.6010586023330688;0.8183855414390564;0.08595369011163712;0.8741688132286072;0.9999849796295166;True
25;27;LEFT_ANKLE;0.655663788318634;0.934885561466217;-0.03243657946586609;0.9990963935852051;0.9999380111694336;True
25;28;RIGHT_ANKLE;0.6632348895072937;0.8835230469703674;0.15663598477840424;0.9569706916809082;0.9999902248382568;True
25;29;LEFT_HEEL;0.6678987741470337;0.9527596831321716;-0.029368899762630463;0.9949955344200134;0.9997307658195496;True
25;30;RIGHT_HEEL;0.6762769818305969;0.882579505443573;0.1618221551179886;0.9606891870498657;0.9999837875366211;True
25;31;LEFT_FOOT_INDEX;0.6272021532058716;0.9639694690704346;-0.0790899470448494;0.9988139867782593;0.9996449947357178;True
25;32;RIGHT_FOOT_INDEX;0.6483482122421265;0.9275235533714294;0.1339564025402069;0.9714608788490295;0.9999442100524902;True
26;0;NOSE;0.5553168654441833;0.5152072310447693;-0.09966658055782318;0.9999712705612183;0.999983549118042;True
26;1;LEFT_EYE_INNER;0.5585834383964539;0.5103703737258911;-0.11168978363275528;0.9999669194221497;0.9999746084213257;True
26;2;LEFT_EYE;0.5588147044181824;0.5114099979400635;-0.1118045300245285;0.9999732375144958;0.999980092048645;True
26;3;LEFT_EYE_OUTER;0.5589924454689026;0.5123164653778076;-0.11178687959909439;0.9999785423278809;0.9999792575836182;True
26;4;RIGHT_EYE_INNER;0.5597861409187317;0.5093632340431213;-0.09272085875272751;0.9999710321426392;0.9999583959579468;True
26;5;RIGHT_EYE;0.5609418153762817;0.5098374485969543;-0.09283394366502762;0.9999770522117615;0.9999641180038452;True
26;6;RIGHT_EYE_OUTER;0.5620579123497009;0.5101493000984192;-0.09286614507436752;0.9999785423278809;0.9999568462371826;True
26;7;LEFT_EAR;0.5639677047729492;0.5203361511230469;-0.13938502967357635;0.9999898076057434;0.9999860525131226;True
26;8;RIGHT_EAR;0.5683308243751526;0.5180909037590027;-0.05350782349705696;0.9999585747718811;0.999955415725708;True
26;9;MOUTH_LEFT;0.5557612776756287;0.5277017951011658;-0.1063573807477951;0.9999861717224121;0.9999948740005493;True
26;10;MOUTH_RIGHT;0.5571867227554321;0.5276284217834473;-0.08264679461717606;0.9999694228172302;0.9999836683273315;True
26;11;LEFT_SHOULDER;0.5795618295669556;0.5883525609970093;-0.18215464055538177;0.9999966621398926;0.9999984502792358;True
26;12;RIGHT_SHOULDER;0.5853734612464905;0.572905421257019;0.0306708924472332;0.9998722672462463;0.9999692440032959;True
26;13;LEFT_ELBOW;0.6049195528030396;0.6675513982772827;-0.20696520805358887;0.9995004534721375;0.9999703168869019;True
26;14;RIGHT_ELBOW;0.6079209446907043;0.659466028213501;0.04737980291247368;0.3045390844345093;0.999893069267273;True
26;15;LEFT_WRIST;0.6001551747322083;0.7482207417488098;-0.2014068067073822;0.9980429410934448;0.9999876022338867;True
26;16;RIGHT_WRIST;0.6086262464523315;0.7341738343238831;-0.00863086897879839;0.5993581414222717;0.9999701976776123;True
26;17;LEFT_PINKY;0.6039682626724243;0.7701125144958496;-0.2220151573419571;0.9956228733062744;0.9999635219573975;True
26;18;RIGHT_PINKY;0.6120585203170776;0.7555599212646484;-0.014692272990942001;0.6282203793525696;0.9999598264694214;True
26;19;LEFT_INDEX;0.5997976660728455;0.7693113684654236;-0.22159191966056824;0.9951564073562622;0.9999598264694214;True
26;20;RIGHT_INDEX;0.6042856574058533;0.7582488059997559;-0.03395718336105347;0.6315175890922546;0.999954342842102;True
26;21;LEFT_THUMB;0.5975130796432495;0.7624948024749756;-0.19974324107170105;0.9897839426994324;0.9999781847000122;True
26;22;RIGHT_THUMB;0.6022481918334961;0.751178503036499;-0.019007576629519463;0.6261157393455505;0.9999735355377197;True
26;23;LEFT_HIP;0.6218233108520508;0.7204210758209229;-0.06912732124328613;0.9999894499778748;0.9999985694885254;True
26;24;RIGHT_HIP;0.6190515756607056;0.7121779322624207;0.0691174566745758;0.9999780058860779;0.9999983310699463;True
26;25;LEFT_KNEE;0.5980941653251648;0.8371663689613342;-0.09057195484638214;0.9987029433250427;0.9999887943267822;True
26;26;RIGHT_KNEE;0.5857773423194885;0.81937175989151;0.07167896628379822;0.8491414785385132;0.9999771118164062;True
26;27;LEFT_ANKLE;0.6531718969345093;0.9336675405502319;-0.03452935442328453;0.9988599419593811;0.9998868703842163;True
26;28;RIGHT_ANKLE;0.6446631550788879;0.8838094472885132;0.1350197196006775;0.9364109039306641;0.9999829530715942;True
26;29;LEFT_HEEL;0.6664751768112183;0.9503856301307678;-0.031781114637851715;0.9933021068572998;0.9995214939117432;True
26;30;RIGHT_HEEL;0.6572942733764648;0.8829632997512817;0.13979259133338928;0.94346684217453;0.9999736547470093;True
26;31;LEFT_FOOT_INDEX;0.6266340017318726;0.9635652899742126;-0.08591987192630768;0.9984510540962219;0.9995712637901306;True
26;32;RIGHT_FOOT_INDEX;0.6312161087989807;0.9297184348106384;0.10772810131311417;0.9578260183334351;0.9999295473098755;True
27;0;NOSE;0.5482854247093201;0.5132338404655457;-0.08097855001688004;0.999972403049469;0.9999969005584717;True
27;1;LEFT_EYE_INNER;0.5512561798095703;0.5093396306037903;-0.09721154719591141;0.9999685883522034;0.9999953508377075;True
27;2;LEFT_EYE;0.5512955188751221;0.5103871822357178;-0.0973186194896698;0.9999743103981018;0.9999964237213135;True
27;3;LEFT_EYE_OUTER;0.5512872934341431;0.5113124847412109;-0.09729154407978058;0.9999796152114868;0.9999963045120239;True
27;4;RIGHT_EYE_INNER;0.5525493621826172;0.5083011388778687;-0.0783018171787262;0.9999721646308899;0.9999903440475464;True
27;5;RIGHT_EYE;0.5535457134246826;0.5087383389472961;-0.07837700843811035;0.9999775290489197;0.9999903440475464;True
27;6;RIGHT_EYE_OUTER;0.5547142624855042;0.50893634557724;-0.07833138853311539;0.9999789595603943;0.9999865293502808;True
27;7;LEFT_EAR;0.5555922985076904;0.5198417901992798;-0.13120271265506744;0.9999902844429016;0.999997615814209;True
27;8;RIGHT_EAR;0.5606526136398315;0.5172789096832275;-0.03984955698251724;0.9999594688415527;0.9999830722808838;True
27;9;MOUTH_LEFT;0.5479690432548523;0.5254388451576233;-0.092576764523983;0.9999865889549255;0.9999988079071045;True
27;10;MOUTH_RIGHT;0.5496225953102112;0.5248969197273254;-0.06872875988483429;0.9999697208404541;0.9999947547912598;True
27;11;LEFT_SHOULDER;0.568047821521759;0.5863736867904663;-0.17462880909442902;0.9999968409538269;0.9999996423721313;True
27;12;RIGHT_SHOULDER;0.5781955718994141;0.568285346031189;0.048771973699331284;0.9998525381088257;0.9999740123748779;True
27;13;LEFT_ELBOW;0.5942295789718628;0.6616207957267761;-0.2094864398241043;0.9995253682136536;0.9999877214431763;True
27;14;RIGHT_ELBOW;0.6076452136039734;0.6321545839309692;0.06709800660610199;0.27594223618507385;0.9998935461044312;True
27;15;LEFT_WRIST;0.5925893187522888;0.7449687123298645;-0.21123819053173065;0.9981414079666138;0.999993085861206;True
27;16;RIGHT_WRIST;0.6088962554931641;0.6976380348205566;0.01320516224950552;0.5469256639480591;0.9999561309814453;True
27;17;LEFT_PINKY;0.5960941910743713;0.766913115978241;-0.23279306292533875;0.9958066344261169;0.9999767541885376;True
27;18;RIGHT_PINKY;0.6118001341819763;0.711937427520752;0.010521543212234974;0.5784686207771301;0.9999427795410156;True
27;19;LEFT_INDEX;0.5928407311439514;0.7677879929542542;-0.22870895266532898;0.995339572429657;0.9999761581420898;True
27;20;RIGHT_INDEX;0.6044545769691467;0.7137031555175781;-0.004262234549969435;0.5811057090759277;0.9999351501464844;True
27;21;LEFT_THUMB;0.591769814491272;0.762423574924469;-0.20799009501934052;0.9900358319282532;0.9999872446060181;True
27;22;RIGHT_THUMB;0.6043881773948669;0.7099741697311401;0.0056847152300179005;0.5762743949890137;0.9999614953994751;True
27;23;LEFT_HIP;0.6131071448326111;0.718711793422699;-0.07042574882507324;0.9999891519546509;0.9999990463256836;True
27;24;RIGHT_HIP;0.6111151576042175;0.7107815146446228;0.0704067200422287;0.9999750852584839;0.9999983310699463;True
27;25;LEFT_KNEE;0.5981231331825256;0.8390420079231262;-0.09214627742767334;0.9987756609916687;0.9999909400939941;True
27;26;RIGHT_KNEE;0.5688751935958862;0.8122960925102234;0.06229209527373314;0.846351146697998;0.9999711513519287;True
27;27;LEFT_ANKLE;0.6538916826248169;0.933448851108551;-0.0656883642077446;0.9989277720451355;0.9998903274536133;True
27;28;RIGHT_ANKLE;0.6246092915534973;0.8843507766723633;0.12172665446996689;0.931670069694519;0.999984622001648;True
27;29;LEFT_HEEL;0.6665815114974976;0.9487081170082092;-0.06586679071187973;0.9934971928596497;0.9994737505912781;True
27;30;RIGHT_HEEL;0.6375643014907837;0.8909496665000916;0.12614332139492035;0.9391494393348694;0.9999759197235107;True
27;31;LEFT_FOOT_INDEX;0.6274070739746094;0.9638023376464844;-0.12822216749191284;0.9985142946243286;0.9992856383323669;True
27;32;RIGHT_FOOT_INDEX;0.6089244484901428;0.9322129487991333;0.09526073932647705;0.9547764658927917;0.9998998641967773;True
28;0;NOSE;0.5416812300682068;0.513416588306427;0.03555472567677498;0.9999738931655884;0.9999991655349731;True
28;1;LEFT_EYE_INNER;0.5432897210121155;0.5090020298957825;0.02099405974149704;0.9999702572822571;0.9999979734420776;True
28;2;LEFT_EYE;0.5429635643959045;0.5100163817405701;0.02090577967464924;0.9999750256538391;0.9999979734420776;True
28;3;LEFT_EYE_OUTER;0.5426033735275269;0.5109027028083801;0.02092241309583187;0.9999802112579346;0.9999973773956299;True
28;4;RIGHT_EYE_INNER;0.5455502271652222;0.5077376961708069;0.03714894875884056;0.9999738931655884;0.999997615814209;True
28;5;RIGHT_EYE;0.546923041343689;0.5080047249794006;0.037045612931251526;0.99997878074646;0.9999979734420776;True
28;6;RIGHT_EYE_OUTER;0.5482957363128662;0.5080897808074951;0.03705345466732979;0.9999802708625793;0.9999974966049194;True
28;7;LEFT_EAR;0.5453625917434692;0.5188364386558533;-0.02955693006515503;0.9999902248382568;0.9999972581863403;True
28;8;RIGHT_EAR;0.5539331436157227;0.5151940584182739;0.04317401722073555;0.9999620914459229;0.9999966621398926;True
28;9;MOUTH_LEFT;0.541320264339447;0.5256326198577881;0.020013567060232162;0.9999863505363464;0.9999985694885254;True
28;10;MOUTH_RIGHT;0.5449304580688477;0.5251892805099487;0.040023792535066605;0.9999701976776123;0.9999972581863403;True
28;11;LEFT_SHOULDER;0.5570906400680542;0.5847829580307007;-0.10382594913244247;0.9999968409538269;0.9999980926513672;True
28;12;RIGHT_SHOULDER;0.576328456401825;0.5654304027557373;0.0853523537516594;0.999862790107727;0.9999935626983643;True
28;13;LEFT_ELBOW;0.5816527009010315;0.6548235416412354;-0.1612745225429535;0.9992055296897888;0.9999631643295288;True
28;14;RIGHT_ELBOW;0.6066082119941711;0.6172741055488586;0.07672015577554703;0.27487537264823914;0.9999829530715942;True
28;15;LEFT_WRIST;0.5857784748077393;0.7366802096366882;-0.16871309280395508;0.997442364692688;0.99997878074646;True
28;16;RIGHT_WRIST;0.6201000213623047;0.6786602735519409;0.026065850630402565;0.5798501372337341;0.999998927116394;True
28;17;LEFT_PINKY;0.5897219181060791;0.7556912302970886;-0.18694673478603363;0.9946740865707397;0.9999152421951294;True
28;18;RIGHT_PINKY;0.6292650103569031;0.6900597810745239;0.019389575347304344;0.6103174090385437;0.9999967813491821;True
28;19;LEFT_INDEX;0.5876557230949402;0.7585113048553467;-0.1834406852722168;0.9939931035041809;0.9999198913574219;True
28;20;RIGHT_INDEX;0.6279247999191284;0.6904845833778381;0.00930829532444477;0.6119637489318848;0.9999970197677612;True
28;21;LEFT_THUMB;0.5862608551979065;0.7541812658309937;-0.1660299152135849;0.9869425892829895;0.9999611377716064;True
28;22;RIGHT_THUMB;0.624171257019043;0.6879163384437561;0.02005474641919136;0.6034057140350342;0.9999985694885254;True
28;23;LEFT_HIP;0.6033573746681213;0.7202669382095337;-0.06841437518596649;0.9999874830245972;0.9999967813491821;True
28;24;RIGHT_HIP;0.6078845262527466;0.7111033797264099;0.0683603584766388;0.9999722838401794;0.999997615814209;True
28;25;LEFT_KNEE;0.5966196060180664;0.8442984819412231;-0.09548243135213852;0.9984504580497742;0.9999464750289917;True
28;26;RIGHT_KNEE;0.5581810474395752;0.8041162490844727;0.047263726592063904;0.8245586156845093;0.9999576807022095;True
28;27;LEFT_ANKLE;0.6542055010795593;0.933542788028717;-0.11870989948511124;0.9986869692802429;0.9996703863143921;True
28;28;RIGHT_ANKLE;0.6011757254600525;0.8907589912414551;0.07254074513912201;0.9117181301116943;0.9999653100967407;True
28;29;LEFT_HEEL;0.6667152047157288;0.948796808719635;-0.12383978068828583;0.9927507638931274;0.9983019828796387;True
28;30;RIGHT_HEEL;0.6139159798622131;0.9079636335372925;0.07346127182245255;0.9314101934432983;0.9999310970306396;True
28;31;LEFT_FOOT_INDEX;0.6268025636672974;0.9639816880226135;-0.17820779979228973;0.9981319904327393;0.9982786178588867;True
28;32;RIGHT_FOOT_INDEX;0.5817407965660095;0.9325557351112366;0.05078258365392685;0.941345751285553;0.9997838139533997;True
29;0;NOSE;0.5352952480316162;0.5137559175491333;0.0504152774810791;0.9999758005142212;0.9999995231628418;True
29;1;LEFT_EYE_INNER;0.5360447764396667;0.5090081691741943;0.034787219017744064;0.9999721050262451;0.9999986886978149;True
29;2;LEFT_EYE;0.5353758931159973;0.5100196003913879;0.0346984900534153;0.9999762177467346;0.9999986886978149;True
29;3;LEFT_EYE_OUTER;0.5347205996513367;0.5109038352966309;0.034727565944194794;0.9999810457229614;0.9999983310699463;True
29;4;RIGHT_EYE_INNER;0.5390081405639648;0.5076534152030945;0.050424132496118546;0.9999757409095764;0.9999986886978149;True
29;5;RIGHT_EYE;0.5404725670814514;0.507819414138794;0.05030867084860802;0.9999802708625793;0.999998927116394;True
29;6;RIGHT_EYE_OUTER;0.5418891310691833;0.5078133344650269;0.05031844228506088;0.999981701374054;0.9999988079071045;True
29;7;LEFT_EAR;0.5375873446464539;0.5179393291473389;-0.017755772918462753;0.9999904036521912;0.9999982118606567;True
29;8;RIGHT_EAR;0.5469672083854675;0.5133548974990845;0.052880968898534775;0.9999650120735168;0.9999984502792358;True
29;9;MOUTH_LEFT;0.5347386598587036;0.5257150530815125;0.03469904884696007;0.9999867081642151;0.9999991655349731;True
29;10;MOUTH_RIGHT;0.5390008091926575;0.5253972411155701;0.05408981814980507;0.9999716877937317;0.9999984502792358;True
29;11;LEFT_SHOULDER;0.547035276889801;0.5795968770980835;-0.09022387117147446;0.9999969601631165;0.9999988079071045;True
29;12;RIGHT_SHOULDER;0.57334965467453;0.5619185566902161;0.09448818862438202;0.9998741745948792;0.9999974966049194;True
29;13;LEFT_ELBOW;0.568733274936676;0.6339232921600342;-0.15970320999622345;0.9990012049674988;0.9999774694442749;True
29;14;RIGHT_ELBOW;0.6044809818267822;0.6026104688644409;0.10640685260295868;0.3096449077129364;0.9999946355819702;True
29;15;LEFT_WRIST;0.5776029229164124;0.7194226384162903;-0.18197527527809143;0.997083842754364;0.9999899864196777;True
29;16;RIGHT_WRIST;0.6265819668769836;0.6600000858306885;0.07153178751468658;0.6177944540977478;0.9999997615814209;True
29;17;LEFT_PINKY;0.5827320218086243;0.7377103567123413;-0.2051009237766266;0.994166374206543;0.9999634027481079;True
29;18;RIGHT_PINKY;0.6383846402168274;0.667880117893219;0.06564739346504211;0.6453173756599426;0.9999991655349731;True
29;19;LEFT_INDEX;0.581258237361908;0.7415093779563904;-0.2013721615076065;0.9933620095252991;0.9999656677246094;True
29;20;RIGHT_INDEX;0.6375283598899841;0.6699548363685608;0.054974861443042755;0.6465076804161072;0.9999992847442627;True
29;21;LEFT_THUMB;0.5794069170951843;0.7364972829818726;-0.18056760728359222;0.9853560924530029;0.9999828338623047;True
29;22;RIGHT_THUMB;0.6332797408103943;0.669025182723999;0.0655154287815094;0.6366161704063416;0.9999996423721313;True
29;23;LEFT_HIP;0.5945685505867004;0.7186195254325867;-0.06680958718061447;0.9999865293502808;0.9999974966049194;True
29;24;RIGHT_HIP;0.5983549356460571;0.7107645273208618;0.06674230843782425;0.9999707341194153;0.9999982118606567;True
29;25;LEFT_KNEE;0.5956653356552124;0.84287428855896;-0.09610321372747421;0.9983556270599365;0.9999616146087646;True
29;26;RIGHT_KNEE;0.5428650379180908;0.792118489742279;0.040712594985961914;0.81863933801651;0.9999792575836182;True
29;27;LEFT_ANKLE;0.654054582118988;0.9326056241989136;-0.11628282070159912;0.9985030889511108;0.9996411800384521;True
29;28;RIGHT_ANKLE;0.574885368347168;0.8932139277458191;0.07405027747154236;0.8999043107032776;0.9999556541442871;True
29;29;LEFT_HEEL;0.6665886044502258;0.9467542171478271;-0.1209273636341095;0.9920767545700073;0.9981679916381836;True
29;30;RIGHT_HEEL;0.5861780047416687;0.9125584959983826;0.07584874331951141;0.9262445569038391;0.9999175071716309;True
29;31;LEFT_FOOT_INDEX;0.626883864402771;0.9638431072235107;-0.1732998490333557;0.9978162050247192;0.9984632730484009;True
29;32;RIGHT_FOOT_INDEX;0.5544920563697815;0.9333201050758362;0.05458838865160942;0.9325002431869507;0.999762237071991;True
30;0;NOSE;0.5351362824440002;0.5135656595230103;0.06787193566560745;0.9999766945838928;0.9999994039535522;True
30;1;LEFT_EYE_INNER;0.5354188084602356;0.5078372359275818;0.052288174629211426;0.9999725818634033;0.9999985694885254;True
30;2;LEFT_EYE;0.5346839427947998;0.508513331413269;0.05220070108771324;0.9999756813049316;0.9999985694885254;True
30;3;LEFT_EYE_OUTER;0.5339626669883728;0.5090503692626953;0.052214961498975754;0.999980628490448;0.9999979734420776;True
30;4;RIGHT_EYE_INNER;0.5385919213294983;0.5069637894630432;0.06873467564582825;0.9999764561653137;0.9999984502792358;True
30;5;RIGHT_EYE;0.54013592004776;0.5071274638175964;0.06862905621528625;0.9999806880950928;0.9999985694885254;True
30;6;RIGHT_EYE_OUTER;0.5416370630264282;0.5070404410362244;0.06864297389984131;0.9999822974205017;0.9999983310699463;True
30;7;LEFT_EAR;0.5364440083503723;0.5157061815261841;-0.003380557056516409;0.9999894499778748;0.999997615814209;True
30;8;RIGHT_EAR;0.5474861860275269;0.5126652717590332;0.07077553868293762;0.9999660849571228;0.999997615814209;True
30;9;MOUTH_LEFT;0.5341944098472595;0.5247316956520081;0.050791095942258835;0.9999856352806091;0.9999988079071045;True
30;10;MOUTH_RIGHT;0.5388273596763611;0.5246904492378235;0.07123387604951859;0.9999708533287048;0.9999978542327881;True
30;11;LEFT_SHOULDER;0.5452642440795898;0.5773394703865051;-0.08439645171165466;0.9999969601631165;0.9999980926513672;True
30;12;RIGHT_SHOULDER;0.5730429291725159;0.5606502890586853;0.11015786975622177;0.999883234500885;0.9999954700469971;True
30;13;LEFT_ELBOW;0.5699590444564819;0.633291482925415;-0.15966416895389557;0.9987601637840271;0.9999735355377197;True
30;14;RIGHT_ELBOW;0.6032949090003967;0.6017845869064331;0.11849067360162735;0.3218754529953003;0.9999920129776001;True
30;15;LEFT_WRIST;0.5761001706123352;0.7182657718658447;-0.18390636146068573;0.9965857267379761;0.9999852180480957;True
30;16;RIGHT_WRIST;0.6280284523963928;0.659050464630127;0.07649783790111542;0.6481800675392151;0.9999995231628418;True
30;17;LEFT_PINKY;0.5822659730911255;0.7364897727966309;-0.20777632296085358;0.993317723274231;0.9999394416809082;True
30;18;RIGHT_PINKY;0.6397326588630676;0.6658385992050171;0.07065478712320328;0.6735418438911438;0.9999984502792358;True
30;19;LEFT_INDEX;0.58087557554245;0.7399167418479919;-0.20312722027301788;0.9923427700996399;0.9999436140060425;True
30;20;RIGHT_INDEX;0.6384037733078003;0.6680278182029724;0.059894684702157974;0.6740396022796631;0.9999985694885254;True
30;21;LEFT_THUMB;0.578537106513977;0.7350022196769714;-0.18237917125225067;0.98291015625;0.9999730587005615;True
30;22;RIGHT_THUMB;0.633849561214447;0.6681138277053833;0.07006732374429703;0.661760151386261;0.9999994039535522;True
30;23;LEFT_HIP;0.590903639793396;0.7186214923858643;-0.06783938407897949;0.9999833703041077;0.9999945163726807;True
30;24;RIGHT_HIP;0.5994255542755127;0.7104118466377258;0.06777376681566238;0.9999655485153198;0.9999961853027344;True
30;25;LEFT_KNEE;0.5955401062965393;0.8435633778572083;-0.10562876611948013;0.9976478219032288;0.9998805522918701;True
30;26;RIGHT_KNEE;0.542355477809906;0.7905256748199463;0.03561990708112717;0.7927836179733276;0.999942421913147;True
30;27;LEFT_ANKLE;0.653050422668457;0.9321706295013428;-0.13537272810935974;0.9974326491355896;0.998979389667511;True
30;28;RIGHT_ANKLE;0.574371337890625;0.8965665102005005;0.060141656547784805;0.8705810308456421;0.9998762607574463;True
30;29;LEFT_HEEL;0.6657293438911438;0.9444313049316406;-0.14073199033737183;0.9895848631858826;0.9951689839363098;True
30;30;RIGHT_HEEL;0.5853567123413086;0.917042076587677;0.060893334448337555;0.9144842624664307;0.9997616410255432;True
30;31;LEFT_FOOT_INDEX;0.6256047487258911;0.963797926902771;-0.19309335947036743;0.9962534308433533;0.9965022802352905;True
30;32;RIGHT_FOOT_INDEX;0.5531809329986572;0.9338175654411316;0.03950877860188484;0.9084447026252747;0.9994215965270996;True
31;0;NOSE;0.5256320238113403;0.510159432888031;0.05627458542585373;0.99997878074646;0.9999998807907104;True
31;1;LEFT_EYE_INNER;0.5263859629631042;0.5045158267021179;0.04075521230697632;0.9999748468399048;0.9999996423721313;True
31;2;LEFT_EYE;0.5256608128547668;0.5055082440376282;0.04066522419452667;0.9999776482582092;0.9999996423721313;True
31;3;LEFT_EYE_OUTER;0.5249702334403992;0.5063319802284241;0.04068565368652344;0.9999819993972778;0.9999994039535522;True
31;4;RIGHT_EYE_INNER;0.5296103954315186;0.502769410610199;0.056827154010534286;0.9999784827232361;0.9999996423721313;True
31;5;RIGHT_EYE;0.5312126874923706;0.5027578473091125;0.05672244355082512;0.9999823570251465;0.9999996423721313;True
31;6;RIGHT_EYE_OUTER;0.5326632857322693;0.5026902556419373;0.05672759935259819;0.9999837875366211;0.9999996423721313;True
31;7;LEFT_EAR;0.5279548168182373;0.5124326348304749;-0.013734614476561546;0.9999902248382568;0.9999992847442627;True
31;8;RIGHT_EAR;0.5376384258270264;0.5081525444984436;0.05909927561879158;0.9999691247940063;0.9999994039535522;True
31;9;MOUTH_LEFT;0.5247529149055481;0.5214472413063049;0.039600618183612823;0.999986469745636;0.9999995231628418;True
31;10;MOUTH_RIGHT;0.5295244455337524;0.5211547613143921;0.05955241993069649;0.999972939491272;0.9999991655349731;True
31;11;LEFT_SHOULDER;0.5349171161651611;0.5744200348854065;-0.09220294654369354;0.999997079372406;0.999998927116394;True
31;12;RIGHT_SHOULDER;0.5670183300971985;0.5576270222663879;0.09921722859144211;0.9998937249183655;0.9999986886978149;True
31;13;LEFT_ELBOW;0.5563536286354065;0.6255317330360413;-0.16743777692317963;0.9987870454788208;0.9999741315841675;True
31;14;RIGHT_ELBOW;0.5996138453483582;0.5936047434806824;0.10660464316606522;0.3830776810646057;0.9999969005584717;True
31;15;LEFT_WRIST;0.5704979300498962;0.7127551436424255;-0.20871280133724213;0.9966132044792175;0.9999828338623047;True
31;16;RIGHT_WRIST;0.6310656070709229;0.645029604434967;0.053972337394952774;0.6824931502342224;0.9999997615814209;True
31;17;LEFT_PINKY;0.5780789256095886;0.7285137176513672;-0.23410844802856445;0.9934141635894775;0.9999450445175171;True
31;18;RIGHT_PINKY;0.6423431634902954;0.6484403014183044;0.04015880078077316;0.7052780985832214;0.9999992847442627;True
31;19;LEFT_INDEX;0.5763476490974426;0.733481764793396;-0.23145951330661774;0.9924296140670776;0.9999505281448364;True
31;20;RIGHT_INDEX;0.6412975788116455;0.6514350771903992;0.04918888583779335;0.7056301236152649;0.9999994039535522;True
31;21;LEFT_THUMB;0.5730254650115967;0.7288817167282104;-0.20783206820487976;0.9831504821777344;0.999974250793457;True
31;22;RIGHT_THUMB;0.6370933651924133;0.6528691053390503;0.05756717547774315;0.6940047144889832;0.9999996423721313;True
31;23;LEFT_HIP;0.5815232992172241;0.7164396047592163;-0.07059570401906967;0.9999836683273315;0.9999977350234985;True
31;24;RIGHT_HIP;0.5852741003036499;0.7088962197303772;0.07056654989719391;0.999966561794281;0.9999986886978149;True
31;25;LEFT_KNEE;0.5924672484397888;0.8422914147377014;-0.1050586998462677;0.9978554248809814;0.9999529123306274;True
31;26;RIGHT_KNEE;0.5299663543701172;0.7867484092712402;0.04925094172358513;0.8074812889099121;0.9999889135360718;True
31;27;LEFT_ANKLE;0.6518353819847107;0.9284932017326355;-0.11745236814022064;0.9976055026054382;0.9995655417442322;True
31;28;RIGHT_ANKLE;0.5514901876449585;0.897646427154541;0.0720592811703682;0.8806473016738892;0.9999610185623169;True
31;29;LEFT_HEEL;0.6650431156158447;0.9396823644638062;-0.12143038958311081;0.9901931285858154;0.9979756474494934;True
31;30;RIGHT_HEEL;0.5627910494804382;0.9183962345123291;0.07301648706197739;0.921363890171051;0.999921441078186;True
31;31;LEFT_FOOT_INDEX;0.625285267829895;0.963866651058197;-0.1757652461528778;0.9964947700500488;0.9987737536430359;True
31;32;RIGHT_FOOT_INDEX;0.526114821434021;0.9331050515174866;0.04760085791349411;0.9155817031860352;0.9997889399528503;True
32;0;NOSE;0.5163447856903076;0.5066235661506653;0.08436517417430878;0.9999773502349854;0.9999990463256836;True
32;1;LEFT_EYE_INNER;0.5178056955337524;0.5002922415733337;0.06803048402070999;0.9999694228172302;0.9999970197677612;True
32;2;LEFT_EYE;0.5173126459121704;0.5012104511260986;0.06794001907110214;0.9999709129333496;0.9999971389770508;True
32;3;LEFT_EYE_OUTER;0.5168087482452393;0.5020161867141724;0.06794039905071259;0.9999752044677734;0.9999959468841553;True
32;4;RIGHT_EYE_INNER;0.5209622979164124;0.4981362819671631;0.08570508658885956;0.9999740123748779;0.9999967813491821;True
32;5;RIGHT_EYE;0.5227275490760803;0.4978359639644623;0.08561177551746368;0.9999787211418152;0.9999972581863403;True
32;6;RIGHT_EYE_OUTER;0.524455726146698;0.49749138951301575;0.08562897145748138;0.9999808073043823;0.9999966621398926;True
32;7;LEFT_EAR;0.5203949809074402;0.5070240497589111;0.006917625665664673;0.9999859929084778;0.9999947547912598;True
32;8;RIGHT_EAR;0.5294604897499084;0.5026951432228088;0.08746030926704407;0.9999650120735168;0.9999958276748657;True
32;9;MOUTH_LEFT;0.516224205493927;0.5172510147094727;0.06529733538627625;0.9999794960021973;0.9999977350234985;True
32;10;MOUTH_RIGHT;0.5205601453781128;0.5165855288505554;0.08751389384269714;0.9999643564224243;0.9999958276748657;True
32;11;LEFT_SHOULDER;0.5244743227958679;0.5665135979652405;-0.07944143563508987;0.9999970197677612;0.9999966621398926;True
32;12;RIGHT_SHOULDER;0.5582405924797058;0.5517565608024597;0.12070851773023605;0.999901533126831;0.9999961853027344;True
32;13;LEFT_ELBOW;0.5445961356163025;0.6169155836105347;-0.17046137154102325;0.9986218810081482;0.9999649524688721;True
32;14;RIGHT_ELBOW;0.5960146188735962;0.5848267078399658;0.12353906035423279;0.4286300539970398;0.9999963045120239;True
32;15;LEFT_WRIST;0.5623072981834412;0.7033863663673401;-0.22388814389705658;0.9957227110862732;0.9999586343765259;True
32;16;RIGHT_WRIST;0.6313921213150024;0.6270891427993774;0.08234990388154984;0.7114312648773193;0.9999996423721313;True
32;17;LEFT_PINKY;0.5701475739479065;0.7175076603889465;-0.2509579658508301;0.991966724395752;0.9998733997344971;True
32;18;RIGHT_PINKY;0.6417312622070312;0.6250348687171936;0.07456985116004944;0.7319422960281372;0.9999990463256836;True
32;19;LEFT_INDEX;0.5690352916717529;0.7222264409065247;-0.24669478833675385;0.9905872941017151;0.999887228012085;True
32;20;RIGHT_INDEX;0.6404911279678345;0.6277133226394653;0.06969714909791946;0.7319022417068481;0.9999990463256836;True
32;21;LEFT_THUMB;0.5659692287445068;0.7177754640579224;-0.22246547043323517;0.9794647097587585;0.999941349029541;True
32;22;RIGHT_THUMB;0.6367108821868896;0.6301366686820984;0.07843263447284698;0.7198375463485718;0.9999995231628418;True
32;23;LEFT_HIP;0.5684987902641296;0.7126367688179016;-0.07519696652889252;0.999982476234436;0.9999957084655762;True
32;24;RIGHT_HIP;0.5744574666023254;0.7068099975585938;0.07510706037282944;0.9999651908874512;0.9999977350234985;True
32;25;LEFT_KNEE;0.5851566791534424;0.8418087363243103;-0.11634200066328049;0.9979739785194397;0.9999253749847412;True
32;26;RIGHT_KNEE;0.5218478441238403;0.7822167873382568;0.07748451083898544;0.8035659790039062;0.999987006187439;True
32;27;LEFT_ANKLE;0.6476808190345764;0.9216092228889465;-0.12331023812294006;0.9974676966667175;0.9992337226867676;True
32;28;RIGHT_ANKLE;0.5289991497993469;0.8975560665130615;0.09931513667106628;0.8841454982757568;0.9998940229415894;True
32;29;LEFT_HEEL;0.6612729430198669;0.928551435470581;-0.1267978549003601;0.9898889660835266;0.9964674711227417;True
32;30;RIGHT_HEEL;0.5376811623573303;0.9202126860618591;0.0992574393749237;0.9254491925239563;0.9997934699058533;True
32;31;LEFT_FOOT_INDEX;0.6254315972328186;0.9638556838035583;-0.1809612214565277;0.996208131313324;0.9982495903968811;True
32;32;RIGHT_FOOT_INDEX;0.5009785294532776;0.9233123064041138;0.07625207304954529;0.9177200794219971;0.9996032118797302;True
33;0;NOSE;0.517163097858429;0.5061857104301453;0.15265114605426788;0.9999682307243347;0.999998927116394;True
33;1;LEFT_EYE_INNER;0.5178225040435791;0.4995412826538086;0.1373910754919052;0.9999446868896484;0.9999967813491821;True
33;2;LEFT_EYE;0.5169420838356018;0.5000966787338257;0.13730649650096893;0.9999399781227112;0.9999967813491821;True
33;3;LEFT_EYE_OUTER;0.5160514712333679;0.5005794763565063;0.13729922473430634;0.9999504685401917;0.9999957084655762;True
33;4;RIGHT_EYE_INNER;0.5215907692909241;0.49804070591926575;0.15592293441295624;0.9999520778656006;0.999996542930603;True
33;5;RIGHT_EYE;0.5232561230659485;0.49774712324142456;0.1558496356010437;0.9999589920043945;0.9999969005584717;True
33;6;RIGHT_EYE_OUTER;0.5247070789337158;0.4972974359989166;0.15588639676570892;0.9999668598175049;0.9999963045120239;True
33;7;LEFT_EAR;0.5189253091812134;0.5059203505516052;0.06896266341209412;0.9999676942825317;0.9999936819076538;True
33;8;RIGHT_EAR;0.5297992825508118;0.5022954344749451;0.15377895534038544;0.9999425411224365;0.9999953508377075;True
33;9;MOUTH_LEFT;0.5159923434257507;0.5161906480789185;0.1302378922700882;0.9999600648880005;0.9999978542327881;True
33;10;MOUTH_RIGHT;0.5205034613609314;0.515612781047821;0.15369051694869995;0.9999376535415649;0.9999960660934448;True
33;11;LEFT_SHOULDER;0.5247409343719482;0.5638970732688904;-0.029470169916749;0.9999967217445374;0.9999947547912598;True
33;12;RIGHT_SHOULDER;0.5582075119018555;0.5518594980239868;0.16876091063022614;0.9999088644981384;0.9999948740005493;True
33;13;LEFT_ELBOW;0.5456581711769104;0.6167305707931519;-0.1428530514240265;0.9982538819313049;0.9999685287475586;True
33;14;RIGHT_ELBOW;0.5952205657958984;0.5839859843254089;0.17016713321208954;0.4563245177268982;0.9999946355819702;True
33;15;LEFT_WRIST;0.5621709823608398;0.6986244320869446;-0.2121729850769043;0.9954391121864319;0.9999842643737793;True
33;16;RIGHT_WRIST;0.6305587887763977;0.6270883679389954;0.13464398682117462;0.7375227212905884;0.9999997615814209;True
33;17;LEFT_PINKY;0.5711803436279297;0.7145000100135803;-0.23666860163211823;0.9916128516197205;0.999946117401123;True
33;18;RIGHT_PINKY;0.6418977975845337;0.6251627802848816;0.12689179182052612;0.7559640407562256;0.9999994039535522;True
33;19;LEFT_INDEX;0.5702193379402161;0.7189812064170837;-0.23238356411457062;0.9901116490364075;0.9999548196792603;True
33;20;RIGHT_INDEX;0.6406838893890381;0.6280106902122498;0.12304963916540146;0.7555264830589294;0.9999995231628418;True
33;21;LEFT_THUMB;0.5664832592010498;0.7143998146057129;-0.21004121005535126;0.9781937003135681;0.9999780654907227;True
33;22;RIGHT_THUMB;0.6362510323524475;0.6308091282844543;0.1308019608259201;0.7427173852920532;0.9999997615814209;True
33;23;LEFT_HIP;0.5647871494293213;0.7064774632453918;-0.0744432657957077;0.9999781847000122;0.9999903440475464;True
33;24;RIGHT_HIP;0.577396810054779;0.7015178799629211;0.07430312037467957;0.9999619126319885;0.9999953508377075;True
33;25;LEFT_KNEE;0.5647982358932495;0.8412431478500366;-0.11357150971889496;0.9971710443496704;0.999932050704956;True
33;26;RIGHT_KNEE;0.5203365683555603;0.7813675403594971;0.07013260573148727;0.804749608039856;0.9999908208847046;True
33;27;LEFT_ANKLE;0.6225189566612244;0.9224736094474792;-0.07597775757312775;0.9925078749656677;0.9992938041687012;True
33;28;RIGHT_ANKLE;0.5439695715904236;0.9187667369842529;0.07708092033863068;0.8830536007881165;0.999841570854187;True
33;29;LEFT_HEEL;0.6402021646499634;0.9316303730010986;-0.07429829984903336;0.9817123413085938;0.9972948431968689;True
33;30;RIGHT_HEEL;0.5361509323120117;0.9270936846733093;0.07660342007875443;0.9272525906562805;0.9996812343597412;True
33;31;LEFT_FOOT_INDEX;0.6016782522201538;0.9586188197135925;-0.11065741628408432;0.9867355227470398;0.9989651441574097;True
33;32;RIGHT_FOOT_INDEX;0.50824373960495;0.9298774600028992;0.056785810738801956;0.912557065486908;0.9994845390319824;True
34;0;NOSE;0.5100743174552917;0.5056474208831787;0.15512895584106445;0.9998864531517029;0.9999911785125732;True
34;1;LEFT_EYE_INNER;0.5102985501289368;0.49864479899406433;0.13816218078136444;0.9998185634613037;0.9999794960021973;True
34;2;LEFT_EYE;0.5094681978225708;0.49894216656684875;0.13807909190654755;0.9997966289520264;0.9999808073043823;True
34;3;LEFT_EYE_OUTER;0.5086082816123962;0.49913251399993896;0.13806557655334473;0.9998520612716675;0.9999768733978271;True
34;4;RIGHT_EYE_INNER;0.5142638683319092;0.4973067045211792;0.15593233704566956;0.9998241066932678;0.9999717473983765;True
34;5;RIGHT_EYE;0.5161521434783936;0.4969075620174408;0.15586641430854797;0.9998275637626648;0.9999735355377197;True
34;6;RIGHT_EYE_OUTER;0.5179269909858704;0.4964276850223541;0.15589258074760437;0.9998773336410522;0.9999674558639526;True
34;7;LEFT_EAR;0.5116823315620422;0.5035236477851868;0.06366182863712311;0.9998881816864014;0.999967098236084;True
34;8;RIGHT_EAR;0.5227888822555542;0.5012400150299072;0.145351380109787;0.9997955560684204;0.9999582767486572;True
34;9;MOUTH_LEFT;0.5093700289726257;0.5150719881057739;0.13110096752643585;0.9998541474342346;0.9999889135360718;True
34;10;MOUTH_RIGHT;0.5141371488571167;0.5144033432006836;0.15359006822109222;0.9997382760047913;0.9999736547470093;True
34;11;LEFT_SHOULDER;0.5156102776527405;0.5581555366516113;-0.03297165781259537;0.9999950528144836;0.9999855756759644;True
34;12;RIGHT_SHOULDER;0.5511597990989685;0.5484399199485779;0.15888868272304535;0.9999123215675354;0.9999791383743286;True
34;13;LEFT_ELBOW;0.5353265404701233;0.6075225472450256;-0.1538228541612625;0.9960432052612305;0.9999281167984009;True
34;14;RIGHT_ELBOW;0.5872586369514465;0.5729759335517883;0.1852118819952011;0.46725228428840637;0.9999864101409912;True
34;15;LEFT_WRIST;0.5568967461585999;0.6916959285736084;-0.2292110025882721;0.9925735592842102;0.9999600648880005;True
34;16;RIGHT_WRIST;0.62898850440979;0.6102027297019958;0.1864650696516037;0.7597970366477966;0.9999997615814209;True
34;17;LEFT_PINKY;0.5664475560188293;0.7046099901199341;-0.2585420310497284;0.9877219200134277;0.9998433589935303;True
34;18;RIGHT_PINKY;0.6400400400161743;0.6047303080558777;0.18320341408252716;0.776479959487915;0.9999994039535522;True
34;19;LEFT_INDEX;0.5668172240257263;0.7088841795921326;-0.2534352242946625;0.9855861067771912;0.9998780488967896;True
34;20;RIGHT_INDEX;0.6388549208641052;0.6076629161834717;0.17673882842063904;0.7755106091499329;0.9999994039535522;True
34;21;LEFT_THUMB;0.5636122226715088;0.7053952217102051;-0.22790509462356567;0.9680787324905396;0.9999451637268066;True
34;22;RIGHT_THUMB;0.6347455382347107;0.6120766997337341;0.18257348239421844;0.7611683011054993;0.9999997615814209;True
34;23;LEFT_HIP;0.5522047281265259;0.7075660824775696;-0.07014204561710358;0.9999735951423645;0.999990701675415;True
34;24;RIGHT_HIP;0.5678215622901917;0.7022647857666016;0.07001255452632904;0.9999598264694214;0.9999948740005493;True
34;25;LEFT_KNEE;0.513683557510376;0.8016874194145203;-0.035860802978277206;0.9857866764068604;0.9999608993530273;True
34;26;RIGHT_KNEE;0.552696943283081;0.8178211450576782;0.042426541447639465;0.8088598847389221;0.9999946355819702;True
34;27;LEFT_ANKLE;0.5539242029190063;0.9102892279624939;0.0013251622440293431;0.9823147654533386;0.9997521042823792;True
34;28;RIGHT_ANKLE;0.5729576349258423;0.940334677696228;0.0512540303170681;0.8806678652763367;0.9999183416366577;True
34;29;LEFT_HEEL;0.5658988356590271;0.9258174896240234;0.0026500460226088762;0.9699395895004272;0.9991180300712585;True
34;30;RIGHT_HEEL;0.5793370604515076;0.9631136059761047;0.05157462880015373;0.9283285737037659;0.999782145023346;True
34;31;LEFT_FOOT_INDEX;0.5282549262046814;0.9309992790222168;-0.021970698609948158;0.9618431925773621;0.9995989203453064;True
34;32;RIGHT_FOOT_INDEX;0.5436207056045532;0.9616889953613281;0.035738710314035416;0.8965266346931458;0.9995875954627991;True
35;0;NOSE;0.5084165930747986;0.5047011375427246;0.11892525106668472;0.9998955726623535;0.9999997615814209;True
35;1;LEFT_EYE_INNER;0.5090306401252747;0.4973486363887787;0.10121426731348038;0.9998311400413513;0.9999991655349731;True
35;2;LEFT_EYE;0.508114755153656;0.49771207571029663;0.10112083703279495;0.999809741973877;0.9999991655349731;True
35;3;LEFT_EYE_OUTER;0.5072426795959473;0.4979807436466217;0.1011267676949501;0.9998605251312256;0.9999988079071045;True
35;4;RIGHT_EYE_INNER;0.512737512588501;0.4962053596973419;0.12015850841999054;0.9998370409011841;0.9999992847442627;True
35;5;RIGHT_EYE;0.5145299434661865;0.4959549009799957;0.12007398903369904;0.9998409152030945;0.9999994039535522;True
35;6;RIGHT_EYE_OUTER;0.5162630677223206;0.49555087089538574;0.12011841684579849;0.9998867511749268;0.9999992847442627;True
35;7;LEFT_EAR;0.5108511447906494;0.5027186870574951;0.030148524791002274;0.9998949766159058;0.9999982118606567;True
35;8;RIGHT_EAR;0.5219001173973083;0.5007149577140808;0.11683066934347153;0.9998115301132202;0.9999990463256836;True
35;9;MOUTH_LEFT;0.5074840188026428;0.5141881704330444;0.09572863578796387;0.9998630881309509;0.9999991655349731;True
35;10;MOUTH_RIGHT;0.5121486783027649;0.5135354995727539;0.11983859539031982;0.9997573494911194;0.9999985694885254;True
35;11;LEFT_SHOULDER;0.5152075290679932;0.557051420211792;-0.06445959210395813;0.999995231628418;0.9999973773956299;True
35;12;RIGHT_SHOULDER;0.5506250858306885;0.5482711791992188;0.13656459748744965;0.999920129776001;0.999998927116394;True
35;13;LEFT_ELBOW;0.5358193516731262;0.606334924697876;-0.20809610188007355;0.9963036179542542;0.999976396560669;True
35;14;RIGHT_ELBOW;0.5874112248420715;0.5720929503440857;0.15030227601528168;0.5113740563392639;0.9999985694885254;True
35;15;LEFT_WRIST;0.5554165244102478;0.6878296136856079;-0.3048855662345886;0.9929296374320984;0.9999839067459106;True
35;16;RIGHT_WRIST;0.6280571818351746;0.6088866591453552;0.12265826761722565;0.7830554842948914;0.9999998807907104;True
35;17;LEFT_PINKY;0.5647460222244263;0.703538179397583;-0.33794721961021423;0.9883409738540649;0.9999513626098633;True
35;18;RIGHT_PINKY;0.6381922960281372;0.6064778566360474;0.11707081645727158;0.7979845404624939;0.9999997615814209;True
35;19;LEFT_INDEX;0.5644401907920837;0.7083297967910767;-0.33467358350753784;0.9863279461860657;0.9999561309814453;True
35;20;RIGHT_INDEX;0.6369087100028992;0.609247088432312;0.1116437092423439;0.7969789505004883;0.9999997615814209;True
35;21;LEFT_THUMB;0.5610743761062622;0.703778088092804;-0.3053126633167267;0.9697716236114502;0.9999779462814331;True
35;22;RIGHT_THUMB;0.633230447769165;0.6123703122138977;0.11849777400493622;0.7834284901618958;0.9999998807907104;True
35;23;LEFT_HIP;0.5544468760490417;0.7083259224891663;-0.07495149970054626;0.9999749064445496;0.9999983310699463;True
35;24;RIGHT_HIP;0.5637915730476379;0.7023863196372986;0.07479892671108246;0.999962329864502;0.9999992847442627;True
35;25;LEFT_KNEE;0.5344957113265991;0.8117774724960327;-0.09890830516815186;0.9871224164962769;0.9999607801437378;True
35;26;RIGHT_KNEE;0.512601375579834;0.7934128642082214;0.10898881405591965;0.8103492259979248;0.9999959468841553;True
35;27;LEFT_ANKLE;0.6092965602874756;0.9099096655845642;-0.09145540744066238;0.9837427735328674;0.999873161315918;True
35;28;RIGHT_ANKLE;0.511286735534668;0.9252284169197083;0.1415119767189026;0.8869943618774414;0.9999756813049316;True
35;29;LEFT_HEEL;0.6272385120391846;0.9188333749771118;-0.09272147715091705;0.9722171425819397;0.9995390176773071;True
35;30;RIGHT_HEEL;0.5158436298370361;0.9509316682815552;0.14274533092975616;0.9334962368011475;0.9999592304229736;True
35;31;LEFT_FOOT_INDEX;0.6131674647331238;0.944619357585907;-0.13423994183540344;0.9651310443878174;0.9997033476829529;True
35;32;RIGHT_FOOT_INDEX;0.4828794598579407;0.9237596392631531;0.12557385861873627;0.9031313061714172;0.9999260902404785;True
36;0;NOSE;0.47802066802978516;0.5049216151237488;0.17845338582992554;0.999762773513794;0.9999943971633911;True
36;1;LEFT_EYE_INNER;0.4775408208370209;0.4976714551448822;0.1609620898962021;0.9994406700134277;0.999984622001648;True
36;2;LEFT_EYE;0.47670161724090576;0.498264342546463;0.16087906062602997;0.9992839097976685;0.9999871253967285;True
36;3;LEFT_EYE_OUTER;0.4757571220397949;0.4986540675163269;0.16084186732769012;0.9995284676551819;0.9999841451644897;True
36;4;RIGHT_EYE_INNER;0.4814195930957794;0.4963383972644806;0.17810048162937164;0.9993725419044495;0.9999774694442749;True
36;5;RIGHT_EYE;0.48342418670654297;0.4963478446006775;0.17799176275730133;0.9993618130683899;0.9999778270721436;True
36;6;RIGHT_EYE_OUTER;0.4852788746356964;0.4960871934890747;0.178087517619133;0.9995664358139038;0.9999710321426392;True
36;7;LEFT_EAR;0.4782802164554596;0.5030762553215027;0.0868503525853157;0.9996126294136047;0.999982476234436;True
36;8;RIGHT_EAR;0.48999494314193726;0.5014296174049377;0.16585701704025269;0.9989937543869019;0.9999537467956543;True
36;9;MOUTH_LEFT;0.47754672169685364;0.5149003863334656;0.15419165790081024;0.9995213747024536;0.9999911785125732;True
36;10;MOUTH_RIGHT;0.4816420376300812;0.514310896396637;0.17596067488193512;0.9990929365158081;0.9999724626541138;True
36;11;LEFT_SHOULDER;0.477857768535614;0.5533941388130188;-0.013061498291790485;0.9999949932098389;0.9999934434890747;True
36;12;RIGHT_SHOULDER;0.5191846489906311;0.5466988682746887;0.16513198614120483;0.9999217391014099;0.9999879598617554;True
36;13;LEFT_ELBOW;0.5042765736579895;0.5911846160888672;-0.17540952563285828;0.9946703314781189;0.9999741315841675;True
36;14;RIGHT_ELBOW;0.5623849034309387;0.5552570223808289;0.1631445437669754;0.5401725769042969;0.9999942779541016;True
36;15;LEFT_WRIST;0.5282572507858276;0.6569209098815918;-0.2780166566371918;0.9872856140136719;0.9999322891235352;True
36;16;RIGHT_WRIST;0.6083447337150574;0.5724824070930481;0.1468680500984192;0.7991928458213806;0.9999988079071045;True
36;17;LEFT_PINKY;0.537078857421875;0.6698668599128723;-0.30883872509002686;0.9818434715270996;0.9997509121894836;True
36;18;RIGHT_PINKY;0.6150954961776733;0.5655795335769653;0.14159750938415527;0.812735378742218;0.9999953508377075;True
36;19;LEFT_INDEX;0.5381096005439758;0.6730527877807617;-0.30198538303375244;0.9790411591529846;0.999776303768158;True
36;20;RIGHT_INDEX;0.6148141622543335;0.5658931732177734;0.1417132318019867;0.8107376098632812;0.9999958276748657;True
36;21;LEFT_THUMB;0.5348871350288391;0.6692808270454407;-0.27717193961143494;0.9584744572639465;0.9998788833618164;True
36;22;RIGHT_THUMB;0.6125786304473877;0.5703923106193542;0.14481964707374573;0.7951766848564148;0.9999979734420776;True
36;23;LEFT_HIP;0.5158382654190063;0.7088263630867004;-0.07212267071008682;0.9999758005142212;0.9999991655349731;True
36;24;RIGHT_HIP;0.5270068645477295;0.705155611038208;0.0719178095459938;0.9999645948410034;0.9999994039535522;True
36;25;LEFT_KNEE;0.5206595063209534;0.8251255750656128;-0.09803350269794464;0.984710156917572;0.9998911619186401;True
36;26;RIGHT_KNEE;0.49336618185043335;0.8017465472221375;0.06640542298555374;0.7905423045158386;0.999985933303833;True
36;27;LEFT_ANKLE;0.5832175612449646;0.8802822232246399;-0.060990624129772186;0.9642720818519592;0.9997722506523132;True
36;28;RIGHT_ANKLE;0.45089995861053467;0.9208744168281555;0.026443758979439735;0.8800339102745056;0.9997962117195129;True
36;29;LEFT_HEEL;0.5959487557411194;0.8762948513031006;-0.05752769857645035;0.9622937440872192;0.9994625449180603;True
36;30;RIGHT_HEEL;0.45342493057250977;0.9404680728912354;0.021617140620946884;0.9359292387962341;0.9997196793556213;True
36;31;LEFT_FOOT_INDEX;0.5889338850975037;0.930456280708313;-0.06425853818655014;0.9400925040245056;0.9995964169502258;True
36;32;RIGHT_FOOT_INDEX;0.4504104554653168;0.9381670355796814;0.0085795558989048;0.8997648358345032;0.9992918968200684;True
37;0;NOSE;0.4742385745048523;0.5058180093765259;0.18165257573127747;0.9997859001159668;1.0;True
37;1;LEFT_EYE_INNER;0.4744007885456085;0.49793609976768494;0.16425219178199768;0.9994950294494629;1.0;True
37;2;LEFT_EYE;0.47367799282073975;0.49859920144081116;0.16417339444160461;0.9993535876274109;1.0;True
37;3;LEFT_EYE_OUTER;0.4729407727718353;0.49904853105545044;0.16415876150131226;0.9995738863945007;0.9999998807907104;True
37;4;RIGHT_EYE_INNER;0.47794756293296814;0.4966180920600891;0.18082234263420105;0.9994338154792786;0.9999998807907104;True
37;5;RIGHT_EYE;0.47969597578048706;0.4966873228549957;0.18067751824855804;0.9994244575500488;1.0;True
37;6;RIGHT_EYE_OUTER;0.48138028383255005;0.49646347761154175;0.18077166378498077;0.9996086359024048;0.9999998807907104;True
37;7;LEFT_EAR;0.4762382507324219;0.503624677658081;0.09216797351837158;0.999650239944458;0.9999998807907104;True
37;8;RIGHT_EAR;0.4865895211696625;0.5018673539161682;0.16816315054893494;0.9990924000740051;0.9999998807907104;True
37;9;MOUTH_LEFT;0.4737413823604584;0.5150061249732971;0.15812784433364868;0.9995667934417725;0.9999998807907104;True
37;10;MOUTH_RIGHT;0.47793298959732056;0.5145819783210754;0.17907752096652985;0.9991799592971802;0.9999997615814209;True
37;11;LEFT_SHOULDER;0.47748690843582153;0.5540863871574402;-0.011021198704838753;0.9999954104423523;0.9999996423721313;True
37;12;RIGHT_SHOULDER;0.5169965028762817;0.5463552474975586;0.1695418804883957;0.9999292492866516;0.9999997615814209;True
37;13;LEFT_ELBOW;0.5028628706932068;0.5948528051376343;-0.17406399548053741;0.9951544404029846;0.9999942779541016;True
37;14;RIGHT_ELBOW;0.5590270757675171;0.5524399280548096;0.16239343583583832;0.585573673248291;0.9999991655349731;True
37;15;LEFT_WRIST;0.5264586806297302;0.6499489545822144;-0.2922132611274719;0.9884233474731445;0.9999926090240479;True
37;16;RIGHT_WRIST;0.6031874418258667;0.5701793432235718;0.14243465662002563;0.8191580176353455;0.9999997615814209;True
37;17;LEFT_PINKY;0.5357572436332703;0.6612527966499329;-0.3232828676700592;0.9834389686584473;0.9999775886535645;True
37;18;RIGHT_PINKY;0.611611545085907;0.5614675879478455;0.13878671824932098;0.8313068151473999;0.9999991655349731;True
37;19;LEFT_INDEX;0.5369682312011719;0.6631302237510681;-0.3166316747665405;0.98089200258255;0.9999771118164062;True
37;20;RIGHT_INDEX;0.6113719940185547;0.5614632964134216;0.13963785767555237;0.8294654488563538;0.9999990463256836;True
37;21;LEFT_THUMB;0.5329217910766602;0.660607635974884;-0.2920449376106262;0.9621782898902893;0.9999876022338867;True
37;22;RIGHT_THUMB;0.6087175011634827;0.5665444135665894;0.1408376693725586;0.8153177499771118;0.9999995231628418;True
37;23;LEFT_HIP;0.5148656964302063;0.7089799046516418;-0.0754847526550293;0.9999778270721436;0.9999995231628418;True
37;24;RIGHT_HIP;0.5225642919540405;0.7055566906929016;0.0753183588385582;0.9999678134918213;0.9999997615814209;True
37;25;LEFT_KNEE;0.5204549431800842;0.8294516801834106;-0.10089345276355743;0.9862170815467834;0.9999319314956665;True
37;26;RIGHT_KNEE;0.4734662175178528;0.7980019450187683;0.031144192442297935;0.8099536299705505;0.9999955892562866;True
37;27;LEFT_ANKLE;0.5836082100868225;0.8773428797721863;-0.0664367824792862;0.9674932956695557;0.9998430013656616;True
37;28;RIGHT_ANKLE;0.44602295756340027;0.9201951026916504;-0.018943311646580696;0.891318678855896;0.9999301433563232;True
37;29;LEFT_HEEL;0.5950894951820374;0.8727657794952393;-0.06593509018421173;0.9658024907112122;0.9996806383132935;True
37;30;RIGHT_HEEL;0.44461795687675476;0.9364501237869263;-0.025126205757260323;0.9421960711479187;0.9998949766159058;True
37;31;LEFT_FOOT_INDEX;0.5882478952407837;0.9302980303764343;-0.07843148708343506;0.9455318450927734;0.999679684638977;True
37;32;RIGHT_FOOT_INDEX;0.42621102929115295;0.9109905958175659;-0.03816675394773483;0.9094197154045105;0.9996033310890198;True
38;0;NOSE;0.46803414821624756;0.5114209055900574;0.18360111117362976;0.9998046159744263;1.0;True
38;1;LEFT_EYE_INNER;0.46708670258522034;0.5021263360977173;0.16677147150039673;0.9995384216308594;0.9999998807907104;True
38;2;LEFT_EYE;0.4661713242530823;0.5022646188735962;0.1667015701532364;0.9994085431098938;0.9999998807907104;True
38;3;LEFT_EYE_OUTER;0.46517878770828247;0.5022628903388977;0.16667653620243073;0.9996092319488525;0.9999997615814209;True
38;4;RIGHT_EYE_INNER;0.47102442383766174;0.5015917420387268;0.18215927481651306;0.9994835257530212;0.9999998807907104;True
38;5;RIGHT_EYE;0.4729882478713989;0.5013211965560913;0.18201406300067902;0.9994755387306213;0.9999998807907104;True
38;6;RIGHT_EYE_OUTER;0.4748893678188324;0.5008103251457214;0.18211640417575836;0.999642550945282;0.9999997615814209;True
38;7;LEFT_EAR;0.46658846735954285;0.5052158832550049;0.09718045592308044;0.9996798634529114;0.9999997615814209;True
38;8;RIGHT_EAR;0.4793066084384918;0.5041502118110657;0.16786856949329376;0.9991719126701355;0.9999996423721313;True
38;9;MOUTH_LEFT;0.46751168370246887;0.5190243721008301;0.16111800074577332;0.9995993971824646;0.9999997615814209;True
38;10;MOUTH_RIGHT;0.47172942757606506;0.5185397267341614;0.18058623373508453;0.9992448091506958;0.9999994039535522;True
38;11;LEFT_SHOULDER;0.4688171148300171;0.5553488731384277;-0.0039012208580970764;0.999995768070221;0.9999992847442627;True
38;12;RIGHT_SHOULDER;0.5075046420097351;0.5474913716316223;0.1663665920495987;0.9999357461929321;0.9999995231628418;True
38;13;LEFT_ELBOW;0.49350208044052124;0.5975399613380432;-0.1572277992963791;0.9955554604530334;0.9999935626983643;True
38;14;RIGHT_ELBOW;0.5524766445159912;0.5536250472068787;0.15660323202610016;0.6258529424667358;0.9999992847442627;True
38;15;LEFT_WRIST;0.5174224376678467;0.6496126651763916;-0.26697272062301636;0.9892275929450989;0.9999836683273315;True
38;16;RIGHT_WRIST;0.5959734320640564;0.5704830884933472;0.13333949446678162;0.8370186686515808;0.9999997615814209;True
38;17;LEFT_PINKY;0.5264149308204651;0.6614072322845459;-0.29560911655426025;0.984533965587616;0.9999493360519409;True
38;18;RIGHT_PINKY;0.6029521822929382;0.5604767203330994;0.128506138920784;0.8478767275810242;0.999998927116394;True
38;19;LEFT_INDEX;0.5273138284683228;0.6626623272895813;-0.28934794664382935;0.9821605682373047;0.999946117401123;True
38;20;RIGHT_INDEX;0.6029319167137146;0.5604617595672607;0.12879393994808197;0.8461298942565918;0.9999988079071045;True
38;21;LEFT_THUMB;0.5236430764198303;0.6599903702735901;-0.2661531865596771;0.9647763967514038;0.999969482421875;True
38;22;RIGHT_THUMB;0.6005944609642029;0.5655356645584106;0.13129514455795288;0.8331018686294556;0.9999994039535522;True
38;23;LEFT_HIP;0.5056318044662476;0.7099041938781738;-0.07348031550645828;0.9999793171882629;0.9999992847442627;True
38;24;RIGHT_HIP;0.5139323472976685;0.7067613005638123;0.07328242808580399;0.9999704957008362;0.9999995231628418;True
38;25;LEFT_KNEE;0.502294659614563;0.8329513072967529;-0.09163569658994675;0.9875215888023376;0.9998681545257568;True
38;26;RIGHT_KNEE;0.4645295739173889;0.797487199306488;0.03182469680905342;0.8263596892356873;0.999991774559021;True
38;27;LEFT_ANKLE;0.5655148029327393;0.8747542500495911;-0.056290801614522934;0.969681978225708;0.9997755885124207;True
38;28;RIGHT_ANKLE;0.44007524847984314;0.9182067513465881;-0.023157944902777672;0.9006344676017761;0.9998427629470825;True
38;29;LEFT_HEEL;0.5784457921981812;0.8674453496932983;-0.05338660627603531;0.968600869178772;0.999555766582489;True
38;30;RIGHT_HEEL;0.4387589991092682;0.9409492611885071;-0.030259761959314346;0.9476958513259888;0.9997642636299133;True
38;31;LEFT_FOOT_INDEX;0.5698374509811401;0.9281242489814758;-0.055768679827451706;0.9492001533508301;0.9996070265769958;True
38;32;RIGHT_FOOT_INDEX;0.41935253143310547;0.9123767018318176;-0.04484574869275093;0.9175334572792053;0.9992415904998779;True
39;0;NOSE;0.457472026348114;0.5155248045921326;0.15206222236156464;0.9998079538345337;0.9999994039535522;True
39;1;LEFT_EYE_INNER;0.4574522376060486;0.506032407283783;0.1354101300239563;0.9995409846305847;0.9999983310699463;True
39;2;LEFT_EYE;0.4567299485206604;0.505893886089325;0.13533242046833038;0.9994092583656311;0.9999983310699463;True
39;3;LEFT_EYE_OUTER;0.4559474587440491;0.5057132840156555;0.1353168487548828;0.999604344367981;0.9999977350234985;True
39;4;RIGHT_EYE_INNER;0.4610362648963928;0.5060821175575256;0.1514102816581726;0.9994951486587524;0.9999980926513672;True
39;5;RIGHT_EYE;0.4628646671772003;0.5058612823486328;0.15127608180046082;0.999492347240448;0.9999983310699463;True
39;6;RIGHT_EYE_OUTER;0.46476417779922485;0.5053784847259521;0.1513548642396927;0.9996517896652222;0.9999978542327881;True
39;7;LEFT_EAR;0.4581793248653412;0.508479654788971;0.06959275901317596;0.999675452709198;0.9999964237213135;True
39;8;RIGHT_EAR;0.4693574607372284;0.5079703330993652;0.14335094392299652;0.999198317527771;0.9999964237213135;True
39;9;MOUTH_LEFT;0.457258015871048;0.5228462815284729;0.13123847544193268;0.9995777606964111;0.9999974966049194;True
39;10;MOUTH_RIGHT;0.4608188569545746;0.5227699279785156;0.15148091316223145;0.9992267489433289;0.9999948740005493;True
39;11;LEFT_SHOULDER;0.4590354561805725;0.5564315915107727;-0.020535597577691078;0.9999955296516418;0.9999943971633911;True
39;12;RIGHT_SHOULDER;0.49868324398994446;0.5489748120307922;0.1567489057779312;0.9999393820762634;0.9999973773956299;True
39;13;LEFT_ELBOW;0.48133423924446106;0.5981349945068359;-0.1611054241657257;0.9955876469612122;0.9999754428863525;True
39;14;RIGHT_ELBOW;0.5410994291305542;0.5576601028442383;0.15184476971626282;0.659246563911438;0.9999978542327881;True
39;15;LEFT_WRIST;0.5046320557594299;0.6483052372932434;-0.2689777910709381;0.989389955997467;0.9999756813049316;True
39;16;RIGHT_WRIST;0.5860031247138977;0.57574462890625;0.13528825342655182;0.852512538433075;0.9999996423721313;True
39;17;LEFT_PINKY;0.5134093761444092;0.6614758968353271;-0.29745420813560486;0.9848893880844116;0.9999305009841919;True
39;18;RIGHT_PINKY;0.5922464728355408;0.5637844204902649;0.13155221939086914;0.8621111512184143;0.9999986886978149;True
39;19;LEFT_INDEX;0.5145649313926697;0.6631870269775391;-0.2918712794780731;0.9826168417930603;0.999930739402771;True
39;20;RIGHT_INDEX;0.5923597812652588;0.5631736516952515;0.13156017661094666;0.8602895736694336;0.9999988079071045;True
39;21;LEFT_THUMB;0.5113042593002319;0.6600097417831421;-0.2686363160610199;0.9658998847007751;0.9999611377716064;True
39;22;RIGHT_THUMB;0.5901497006416321;0.5694308280944824;0.13365501165390015;0.8477219343185425;0.9999994039535522;True
39;23;LEFT_HIP;0.49515873193740845;0.7100677490234375;-0.06990892440080643;0.9999793171882629;0.9999980926513672;True
39;24;RIGHT_HIP;0.5053671598434448;0.7076723575592041;0.06972270458936691;0.9999719262123108;0.9999991655349731;True
39;25;LEFT_KNEE;0.48518458008766174;0.8327401876449585;-0.08437994867563248;0.9882558584213257;0.9998359680175781;True
39;26;RIGHT_KNEE;0.4585900604724884;0.7977352142333984;0.04066333919763565;0.834917426109314;0.9999918937683105;True
39;27;LEFT_ANKLE;0.5440922975540161;0.8767399191856384;-0.04486311972141266;0.9689554572105408;0.9997641444206238;True
39;28;RIGHT_ANKLE;0.4357531666755676;0.9188870787620544;-0.00031902510090731084;0.9079378843307495;0.9998526573181152;True
39;29;LEFT_HEEL;0.5564155578613281;0.8727693557739258;-0.041727591305971146;0.9694817662239075;0.9994532465934753;True
39;30;RIGHT_HEEL;0.43495994806289673;0.9457607269287109;-0.007167890202254057;0.9523477554321289;0.9997631907463074;True
39;31;LEFT_FOOT_INDEX;0.5451579689979553;0.9296516180038452;-0.048250652849674225;0.948114812374115;0.9996932744979858;True
39;32;RIGHT_FOOT_INDEX;0.4125356674194336;0.9111917018890381;-0.023431839421391487;0.9237045049667358;0.999407172203064;True
40;0;NOSE;0.4549923241138458;0.5167049765586853;0.15823163092136383;0.9998260736465454;1.0;True
40;1;LEFT_EYE_INNER;0.45528241991996765;0.5068013072013855;0.14187058806419373;0.9995837211608887;0.9999998807907104;True
40;2;LEFT_EYE;0.45456987619400024;0.5068750381469727;0.14180605113506317;0.9994640946388245;0.9999998807907104;True
40;3;LEFT_EYE_OUTER;0.4538435637950897;0.5068759918212891;0.14178010821342468;0.9996403455734253;0.9999998807907104;True
40;4;RIGHT_EYE_INNER;0.4588626027107239;0.5064807534217834;0.15930058062076569;0.9995430707931519;0.9999998807907104;True
40;5;RIGHT_EYE;0.46066322922706604;0.506338357925415;0.15917643904685974;0.9995409846305847;0.9999998807907104;True
40;6;RIGHT_EYE_OUTER;0.46235617995262146;0.5060002207756042;0.15926362574100494;0.9996848106384277;0.9999998807907104;True
40;7;LEFT_EAR;0.4573906362056732;0.5103455781936646;0.07585083693265915;0.9997054934501648;0.9999997615814209;True
40;8;RIGHT_EAR;0.4677511155605316;0.5096539258956909;0.15615449845790863;0.9992751479148865;0.9999997615814209;True
40;9;MOUTH_LEFT;0.4548141360282898;0.5248824954032898;0.13688936829566956;0.9996156096458435;0.9999997615814209;True
40;10;MOUTH_RIGHT;0.45875293016433716;0.5244134664535522;0.1591213196516037;0.9992977380752563;0.9999996423721313;True
40;11;LEFT_SHOULDER;0.45905670523643494;0.5570709109306335;-0.02075752429664135;0.9999958276748657;0.999998927116394;True
40;12;RIGHT_SHOULDER;0.49707892537117004;0.5493115186691284;0.16115030646324158;0.9999449849128723;0.9999996423721313;True
40;13;LEFT_ELBOW;0.4833318591117859;0.5978099703788757;-0.16957320272922516;0.9959698915481567;0.9999921321868896;True
40;14;RIGHT_ELBOW;0.5373942852020264;0.5588884949684143;0.1520749032497406;0.6927044987678528;0.9999994039535522;True
40;15;LEFT_WRIST;0.5046578049659729;0.6484897136688232;-0.2853747606277466;0.9902485013008118;0.9999890327453613;True
40;16;RIGHT_WRIST;0.5837308168411255;0.5760452151298523;0.12814383208751678;0.8671407103538513;0.9999998807907104;True
40;17;LEFT_PINKY;0.5138856768608093;0.6604466438293457;-0.31543129682540894;0.9860934615135193;0.9999675750732422;True
40;18;RIGHT_PINKY;0.5912500023841858;0.5631847381591797;0.12345781177282333;0.8757205009460449;0.9999994039535522;True
40;19;LEFT_INDEX;0.5141018629074097;0.6619094014167786;-0.31044963002204895;0.9840059876441956;0.9999676942825317;True
40;20;RIGHT_INDEX;0.5908241271972656;0.5626839995384216;0.12273707240819931;0.8740248084068298;0.9999992847442627;True
40;21;LEFT_THUMB;0.5101863145828247;0.6600114703178406;-0.2856079638004303;0.9686210751533508;0.999982476234436;True
40;22;RIGHT_THUMB;0.5885682702064514;0.5688880085945129;0.12591223418712616;0.8625271916389465;0.9999996423721313;True
40;23;LEFT_HIP;0.49637746810913086;0.7101567387580872;-0.07203565537929535;0.9999805092811584;0.9999986886978149;True
40;24;RIGHT_HIP;0.5068298578262329;0.7078662514686584;0.07185707986354828;0.9999741911888123;0.9999995231628418;True
40;25;LEFT_KNEE;0.4839922785758972;0.8335716128349304;-0.09761834144592285;0.9893960356712341;0.9999172687530518;True
40;26;RIGHT_KNEE;0.45742085576057434;0.7977869510650635;0.04339331015944481;0.8503692746162415;0.9999966621398926;True
40;27;LEFT_ANKLE;0.5425596237182617;0.8765641450881958;-0.04227175936102867;0.9712217450141907;0.9998093247413635;True
40;28;RIGHT_ANKLE;0.4358116090297699;0.918841540813446;0.000987944076769054;0.9166408777236938;0.9999030828475952;True
40;29;LEFT_HEEL;0.5550282001495361;0.8722584247589111;-0.036961570382118225;0.971900999546051;0.9996042847633362;True
40;30;RIGHT_HEEL;0.43435361981391907;0.9469224810600281;-0.005734040401875973;0.9569986462593079;0.9998459815979004;True
40;31;LEFT_FOOT_INDEX;0.5411862730979919;0.9316134452819824;-0.043295152485370636;0.9519197940826416;0.9997724890708923;True
40;32;RIGHT_FOOT_INDEX;0.41113603115081787;0.9116475582122803;-0.024261800572276115;0.9309718012809753;0.9995211362838745;True
41;0;NOSE;0.45597562193870544;0.5166890621185303;0.15469121932983398;0.9998425245285034;1.0;True
41;1;LEFT_EYE_INNER;0.4562327563762665;0.5070531964302063;0.13829299807548523;0.9996228218078613;0.9999998807907104;True
41;2;LEFT_EYE;0.45526596903800964;0.5072237849235535;0.1382247507572174;0.9995142221450806;0.9999998807907104;True
41;3;LEFT_EYE_OUTER;0.4542900621891022;0.5073046088218689;0.13819698989391327;0.9996735453605652;0.9999998807907104;True
41;4;RIGHT_EYE_INNER;0.46014323830604553;0.506600022315979;0.15522326529026031;0.9995866417884827;0.9999998807907104;True
41;5;RIGHT_EYE;0.46200767159461975;0.506537914276123;0.15509620308876038;0.9995850324630737;0.9999998807907104;True
41;6;RIGHT_EYE_OUTER;0.46392184495925903;0.5062757134437561;0.15518620610237122;0.9997147917747498;0.9999998807907104;True
41;7;LEFT_EAR;0.4572247862815857;0.5113581418991089;0.07243356108665466;0.9997331500053406;0.9999997615814209;True
41;8;RIGHT_EAR;0.4691595435142517;0.510511577129364;0.15039224922657013;0.9993447661399841;0.9999997615814209;True
41;9;MOUTH_LEFT;0.45514675974845886;0.5253913402557373;0.13336339592933655;0.9996507167816162;0.9999997615814209;True
41;10;MOUTH_RIGHT;0.45935699343681335;0.5248261094093323;0.15493375062942505;0.9993628859519958;0.9999996423721313;True
41;11;LEFT_SHOULDER;0.45868635177612305;0.5575184226036072;-0.02336977981030941;0.9999961256980896;0.9999991655349731;True
41;12;RIGHT_SHOULDER;0.49645426869392395;0.5500344038009644;0.15607014298439026;0.9999499917030334;0.9999996423721313;True
41;13;LEFT_ELBOW;0.48349249362945557;0.5985854268074036;-0.17144177854061127;0.9963342547416687;0.9999943971633911;True
41;14;RIGHT_ELBOW;0.536223292350769;0.5594929456710815;0.15123993158340454;0.7226168513298035;0.9999992847442627;True
41;15;LEFT_WRIST;0.5047846436500549;0.649005115032196;-0.2818746268749237;0.9911088347434998;0.9999916553497314;True
41;16;RIGHT_WRIST;0.5827894806861877;0.5762542486190796;0.1277810037136078;0.880294919013977;0.9999998807907104;True
41;17;LEFT_PINKY;0.5141233801841736;0.6604469418525696;-0.3110150396823883;0.9872978925704956;0.9999734163284302;True
41;18;RIGHT_PINKY;0.5908328890800476;0.5643116235733032;0.12249142676591873;0.8879626393318176;0.9999994039535522;True
41;19;LEFT_INDEX;0.514337420463562;0.6611617207527161;-0.3059588670730591;0.9853951334953308;0.9999735355377197;True
41;20;RIGHT_INDEX;0.5905700922012329;0.5642003417015076;0.11836133897304535;0.8863791227340698;0.9999994039535522;True
41;21;LEFT_THUMB;0.5102860927581787;0.6596788763999939;-0.2818857729434967;0.9713451266288757;0.9999856948852539;True
41;22;RIGHT_THUMB;0.5882197022438049;0.5705099105834961;0.12311847507953644;0.8758394122123718;0.9999997615814209;True
41;23;LEFT_HIP;0.49655357003211975;0.7102581262588501;-0.07202740013599396;0.9999815225601196;0.9999985694885254;True
41;24;RIGHT_HIP;0.5064650177955627;0.7079609036445618;0.07185037434101105;0.9999760985374451;0.9999992847442627;True
41;25;LEFT_KNEE;0.48382002115249634;0.8335241675376892;-0.09696445614099503;0.9904119372367859;0.9998835325241089;True
41;26;RIGHT_KNEE;0.4571632444858551;0.7982862591743469;0.04504562169313431;0.8634631633758545;0.9999932050704956;True
41;27;LEFT_ANKLE;0.5427770018577576;0.8768234848976135;-0.048071105033159256;0.9731667041778564;0.9997797608375549;True
41;28;RIGHT_ANKLE;0.4349519610404968;0.9196178317070007;0.0011742471251636744;0.9241276383399963;0.9998533725738525;True
41;29;LEFT_HEEL;0.5551959872245789;0.872472882270813;-0.044127803295850754;0.9740161299705505;0.9995203018188477;True
41;30;RIGHT_HEEL;0.43463724851608276;0.946528971195221;-0.0058265202678740025;0.9611135125160217;0.9997816681861877;True
41;31;LEFT_FOOT_INDEX;0.5429651737213135;0.9320095181465149;-0.04977436363697052;0.9552838802337646;0.9996939897537231;True
41;32;RIGHT_FOOT_INDEX;0.4101106524467468;0.9113223552703857;-0.021073855459690094;0.9373273849487305;0.9993739724159241;True
42;0;NOSE;0.43891391158103943;0.5248813629150391;0.1486486792564392;0.9998105764389038;0.9999979734420776;True
42;1;LEFT_EYE_INNER;0.43932288885116577;0.5148206353187561;0.13283909857273102;0.9995409846305847;0.9999934434890747;True
42;2;LEFT_EYE;0.43858450651168823;0.5146872997283936;0.1327691376209259;0.9993902444839478;0.9999934434890747;True
42;3;LEFT_EYE_OUTER;0.4378056228160858;0.5145652294158936;0.13275150954723358;0.9995914697647095;0.9999911785125732;True
42;4;RIGHT_EYE_INNER;0.44247469305992126;0.5149999260902405;0.14987191557884216;0.9995133876800537;0.9999926090240479;True
42;5;RIGHT_EYE;0.44390299916267395;0.5149714946746826;0.14976362884044647;0.9995071887969971;0.999993085861206;True
42;6;RIGHT_EYE_OUTER;0.4451845586299896;0.5147421956062317;0.14983712136745453;0.9996702671051025;0.9999910593032837;True
42;7;LEFT_EAR;0.44032377004623413;0.5178254246711731;0.06870876252651215;0.9996328949928284;0.9999858140945435;True
42;8;RIGHT_EAR;0.45031553506851196;0.5176953673362732;0.14707882702350616;0.9992395639419556;0.999985933303833;True
42;9;MOUTH_LEFT;0.43860122561454773;0.5339215397834778;0.12805336713790894;0.9995247721672058;0.9999933242797852;True
42;10;MOUTH_RIGHT;0.4419122040271759;0.5338716506958008;0.14971321821212769;0.9991310238838196;0.9999862909317017;True
42;11;LEFT_SHOULDER;0.4413224756717682;0.5638322830200195;-0.020590387284755707;0.9999948740005493;0.999985933303833;True
42;12;RIGHT_SHOULDER;0.480369508266449;0.5594484806060791;0.15304966270923615;0.9999473690986633;0.9999915361404419;True
42;13;LEFT_ELBOW;0.4619116485118866;0.5998115539550781;-0.17098957300186157;0.9926744699478149;0.9999574422836304;True
42;14;RIGHT_ELBOW;0.5188634991645813;0.5727641582489014;0.15651100873947144;0.7080546617507935;0.9999959468841553;True
42;15;LEFT_WRIST;0.4792582094669342;0.6539145112037659;-0.2773352563381195;0.9830698370933533;0.9999444484710693;True
42;16;RIGHT_WRIST;0.5609609484672546;0.5926276445388794;0.15384553372859955;0.8829391002655029;0.9999996423721313;True
42;17;LEFT_PINKY;0.4874049425125122;0.6671725511550903;-0.30795830488204956;0.9787249565124512;0.999818742275238;True
42;18;RIGHT_PINKY;0.5705012679100037;0.5812352299690247;0.149532750248909;0.8901974558830261;0.9999986886978149;True
42;19;LEFT_INDEX;0.4859382212162018;0.6655240654945374;-0.301364541053772;0.9759292602539062;0.9998433589935303;True
42;20;RIGHT_INDEX;0.5698238015174866;0.5809983611106873;0.14823243021965027;0.8872052431106567;0.9999988079071045;True
42;21;LEFT_THUMB;0.48293524980545044;0.6661032438278198;-0.2766217589378357;0.9555023312568665;0.9999148845672607;True
42;22;RIGHT_THUMB;0.5670174360275269;0.5881717205047607;0.15180407464504242;0.8730447888374329;0.9999994039535522;True
42;23;LEFT_HIP;0.47756102681159973;0.7135559320449829;-0.06655638664960861;0.9999794960021973;0.9999969005584717;True
42;24;RIGHT_HIP;0.4951847195625305;0.7141807675361633;0.06631788611412048;0.9999755024909973;0.9999988079071045;True
42;25;LEFT_KNEE;0.44146299362182617;0.8289844989776611;-0.06854787468910217;0.978330671787262;0.9999628067016602;True
42;26;RIGHT_KNEE;0.4502352476119995;0.8052775263786316;0.06698716431856155;0.8317097425460815;0.9999955892562866;True
42;27;LEFT_ANKLE;0.4966309368610382;0.8802571892738342;-0.02373388223350048;0.9409039616584778;0.999845027923584;True
42;28;RIGHT_ANKLE;0.42871278524398804;0.920210063457489;0.060383521020412445;0.9095794558525085;0.9998493194580078;True
42;29;LEFT_HEEL;0.5071203708648682;0.8747320175170898;-0.020183304324746132;0.9474061727523804;0.9994852542877197;True
42;30;RIGHT_HEEL;0.4324032962322235;0.9457011222839355;0.05821896716952324;0.9575117230415344;0.9997461438179016;True
42;31;LEFT_FOOT_INDEX;0.4823780655860901;0.9366151094436646;-0.027537858113646507;0.9151099920272827;0.9997391104698181;True
42;32;RIGHT_FOOT_INDEX;0.405286580324173;0.9155940413475037;0.050136156380176544;0.9239022135734558;0.9995021820068359;True
43;0;NOSE;0.43654584884643555;0.5266106128692627;0.14485041797161102;0.999821662902832;0.9999996423721313;True
43;1;LEFT_EYE_INNER;0.436890184879303;0.5170302987098694;0.12982268631458282;0.9995726943016052;0.9999985694885254;True
43;2;LEFT_EYE;0.4363833963871002;0.5171697735786438;0.12975044548511505;0.9994305372238159;0.9999984502792358;True
43;3;LEFT_EYE_OUTER;0.43583884835243225;0.517215371131897;0.1297437995672226;0.9996174573898315;0.9999977350234985;True
43;4;RIGHT_EYE_INNER;0.4400049149990082;0.516380250453949;0.14617064595222473;0.9995502829551697;0.9999985694885254;True
43;5;RIGHT_EYE;0.4416191875934601;0.5161831974983215;0.1460696905851364;0.9995443224906921;0.9999986886978149;True
43;6;RIGHT_EYE_OUTER;0.4431045353412628;0.5157923102378845;0.14613491296768188;0.9996951222419739;0.9999983310699463;True
43;7;LEFT_EAR;0.439517617225647;0.5212448835372925;0.07067971676588058;0.9996522068977356;0.9999953508377075;True
43;8;RIGHT_EAR;0.4481244683265686;0.5196385383605957;0.14359265565872192;0.9992985725402832;0.9999972581863403;True
43;9;MOUTH_LEFT;0.43680763244628906;0.5356518030166626;0.12503518164157867;0.9995469450950623;0.9999979734420776;True
43;10;MOUTH_RIGHT;0.4400610327720642;0.5357214212417603;0.14590507745742798;0.9991776347160339;0.9999964237213135;True
43;11;LEFT_SHOULDER;0.4394165873527527;0.5684928894042969;-0.01186674740165472;0.9999938607215881;0.9999884366989136;True
43;12;RIGHT_SHOULDER;0.47846004366874695;0.5634908676147461;0.1484544426202774;0.9999459981918335;0.9999929666519165;True
43;13;LEFT_ELBOW;0.46105289459228516;0.6003769040107727;-0.14718440175056458;0.9907808899879456;0.9999343156814575;True
43;14;RIGHT_ELBOW;0.5189884305000305;0.5778341889381409;0.14326398074626923;0.7109888792037964;0.9999951124191284;True
43;15;LEFT_WRIST;0.47833460569381714;0.655401349067688;-0.24417835474014282;0.9814200401306152;0.9999715089797974;True
43;16;RIGHT_WRIST;0.5599572658538818;0.5986368060112;0.13096283376216888;0.8925105929374695;0.9999997615814209;True
43;17;LEFT_PINKY;0.4856535792350769;0.6714323163032532;-0.27427056431770325;0.976921796798706;0.9999006986618042;True
43;18;RIGHT_PINKY;0.5690459609031677;0.5878646373748779;0.12038502097129822;0.8989515900611877;0.9999991655349731;True
43;19;LEFT_INDEX;0.48279762268066406;0.6761979460716248;-0.26767104864120483;0.9736141562461853;0.9999252557754517;True
43;20;RIGHT_INDEX;0.568482518196106;0.58834308385849;0.11938732117414474;0.8958869576454163;0.9999992847442627;True
43;21;LEFT_THUMB;0.4805055558681488;0.6742014288902283;-0.24312977492809296;0.9501372575759888;0.9999608993530273;True
43;22;RIGHT_THUMB;0.5655893683433533;0.5953145623207092;0.12887224555015564;0.881236732006073;0.9999996423721313;True
43;23;LEFT_HIP;0.4776216745376587;0.7152148485183716;-0.060118429362773895;0.9999761581420898;0.9999945163726807;True
43;24;RIGHT_HIP;0.4959697425365448;0.7166092991828918;0.059893157333135605;0.9999730587005615;0.999997615814209;True
43;25;LEFT_KNEE;0.44090139865875244;0.8254659175872803;-0.060956548899412155;0.97562575340271;0.9999572038650513;True
43;26;RIGHT_KNEE;0.4483976662158966;0.8010477423667908;0.06271170824766159;0.8018290996551514;0.9999924898147583;True
43;27;LEFT_ANKLE;0.4759353995323181;0.9067803025245667;-0.027155058458447456;0.9365994930267334;0.9998536109924316;True
43;28;RIGHT_ANKLE;0.4501381814479828;0.9167070388793945;0.06504376232624054;0.8922310471534729;0.9999215602874756;True
43;29;LEFT_HEEL;0.4899417459964752;0.9154865145683289;-0.024657607078552246;0.9421699047088623;0.9994409680366516;True
43;30;RIGHT_HEEL;0.4551450312137604;0.9410461187362671;0.06432772427797318;0.9495896697044373;0.9998661279678345;True
43;31;LEFT_FOOT_INDEX;0.45645564794540405;0.941112220287323;-0.038647059351205826;0.9094979763031006;0.9996662139892578;True
43;32;RIGHT_FOOT_INDEX;0.4257136583328247;0.9279689192771912;0.054945651441812515;0.9055348634719849;0.9996528625488281;True
44;0;NOSE;0.42972055077552795;0.5328437089920044;0.1555635631084442;0.9998317360877991;0.9999996423721313;True
44;1;LEFT_EYE_INNER;0.42981719970703125;0.5237314105033875;0.14212007820606232;0.9995930790901184;0.9999986886978149;True
44;2;LEFT_EYE;0.4293798804283142;0.5238341689109802;0.14206582307815552;0.9994591474533081;0.9999986886978149;True
44;3;LEFT_EYE_OUTER;0.42882785201072693;0.5238872170448303;0.1420690268278122;0.9996336698532104;0.9999982118606567;True
44;4;RIGHT_EYE_INNER;0.43262872099876404;0.5228704810142517;0.1567280888557434;0.9995772242546082;0.9999986886978149;True
44;5;RIGHT_EYE;0.4340887665748596;0.5223842263221741;0.15662506222724915;0.9995736479759216;0.9999988079071045;True
44;6;RIGHT_EYE_OUTER;0.43551990389823914;0.5217193961143494;0.15668223798274994;0.9997146129608154;0.9999985694885254;True
44;7;LEFT_EAR;0.43189510703086853;0.5265876650810242;0.083989717066288;0.9996601343154907;0.9999971389770508;True
44;8;RIGHT_EAR;0.43988558650016785;0.5249128937721252;0.1506781429052353;0.9993435144424438;0.9999978542327881;True
44;9;MOUTH_LEFT;0.42994609475135803;0.5418877601623535;0.1368560791015625;0.9995617270469666;0.999998927116394;True
44;10;MOUTH_RIGHT;0.43275484442710876;0.5418041944503784;0.1551557034254074;0.999215841293335;0.9999979734420776;True
44;11;LEFT_SHOULDER;0.43153730034828186;0.5719183087348938;0.0012425448512658477;0.9999940991401672;0.9999973773956299;True
44;12;RIGHT_SHOULDER;0.47047552466392517;0.5687645673751831;0.15239876508712769;0.9999493360519409;0.9999983310699463;True
44;13;LEFT_ELBOW;0.4531814455986023;0.6092267632484436;-0.12900932133197784;0.9897736310958862;0.9999842643737793;True
44;14;RIGHT_ELBOW;0.5065211057662964;0.5900012254714966;0.15835963189601898;0.7257020473480225;0.999998927116394;True
44;15;LEFT_WRIST;0.4629088342189789;0.6788113713264465;-0.22225171327590942;0.9801139235496521;0.9999911785125732;True
44;16;RIGHT_WRIST;0.5489118695259094;0.6235429048538208;0.1589081883430481;0.9013153314590454;0.9999998807907104;True
44;17;LEFT_PINKY;0.46585214138031006;0.6940733194351196;-0.2505841851234436;0.9753561615943909;0.9999699592590332;True
44;18;RIGHT_PINKY;0.5582403540611267;0.6133984923362732;0.15379996597766876;0.9068955183029175;0.9999997615814209;True
44;19;LEFT_INDEX;0.464717298746109;0.6988163590431213;-0.24204574525356293;0.9719456434249878;0.9999761581420898;True
44;20;RIGHT_INDEX;0.5572565793991089;0.6142696142196655;0.1530410796403885;0.9038591980934143;0.9999997615814209;True
44;21;LEFT_THUMB;0.46382105350494385;0.694653332233429;-0.2201189249753952;0.9478409290313721;0.999987006187439;True
44;22;RIGHT_THUMB;0.5543487071990967;0.6203497052192688;0.15741118788719177;0.8891453742980957;0.9999998807907104;True
44;23;LEFT_HIP;0.4672403633594513;0.7155153155326843;-0.060608845204114914;0.9999750256538391;0.9999982118606567;True
44;24;RIGHT_HIP;0.4847549498081207;0.7176396250724792;0.0603889599442482;0.9999725818634033;0.9999992847442627;True
44;25;LEFT_KNEE;0.424936443567276;0.822260320186615;-0.07006335258483887;0.9705525040626526;0.9999854564666748;True
44;26;RIGHT_KNEE;0.4383133351802826;0.8079939484596252;0.05891998112201691;0.7575640082359314;0.9999972581863403;True
44;27;LEFT_ANKLE;0.47063618898391724;0.9055792689323425;-0.03479766473174095;0.9123870730400085;0.9998884201049805;True
44;28;RIGHT_ANKLE;0.42670291662216187;0.9196732044219971;0.061439149081707;0.8618702292442322;0.9998887777328491;True
44;29;LEFT_HEEL;0.48482072353363037;0.9111242890357971;-0.03219909220933914;0.9268913269042969;0.9996019005775452;True
44;30;RIGHT_HEEL;0.43172168731689453;0.9438509941101074;0.05732538923621178;0.941102921962738;0.9998214840888977;True
44;31;LEFT_FOOT_INDEX;0.4513147175312042;0.9440861940383911;-0.046958569437265396;0.8896205425262451;0.9998279809951782;True
44;32;RIGHT_FOOT_INDEX;0.40204527974128723;0.9318898320198059;0.03820771351456642;0.8898658156394958;0.9997400641441345;True
45;0;NOSE;0.4230669140815735;0.5353116989135742;0.11520571261644363;0.9998440742492676;0.9999992847442627;True
45;1;LEFT_EYE_INNER;0.42283564805984497;0.5271821618080139;0.10120047628879547;0.9996256828308105;0.9999973773956299;True
45;2;LEFT_EYE;0.42226606607437134;0.5272796154022217;0.10113997012376785;0.9995014071464539;0.9999971389770508;True
45;3;LEFT_EYE_OUTER;0.4215998351573944;0.5273657441139221;0.10114863514900208;0.9996620416641235;0.9999961853027344;True
45;4;RIGHT_EYE_INNER;0.4257420003414154;0.5262998938560486;0.11362382024526596;0.9996136426925659;0.9999974966049194;True
45;5;RIGHT_EYE;0.42725494503974915;0.5257446765899658;0.11354371905326843;0.9996103644371033;0.9999979734420776;True
45;6;RIGHT_EYE_OUTER;0.42877086997032166;0.5250237584114075;0.1135769635438919;0.9997395277023315;0.999997615814209;True
45;7;LEFT_EAR;0.42375215888023376;0.5299778580665588;0.04251445084810257;0.9996841549873352;0.9999942779541016;True
45;8;RIGHT_EAR;0.4330995976924896;0.5280479788780212;0.09933719038963318;0.9994021058082581;0.9999971389770508;True
45;9;MOUTH_LEFT;0.4230476915836334;0.5443398952484131;0.09674549102783203;0.999596118927002;0.9999984502792358;True
45;10;MOUTH_RIGHT;0.4259797930717468;0.5441054105758667;0.11215411126613617;0.9992808103561401;0.9999974966049194;True
45;11;LEFT_SHOULDER;0.42139509320259094;0.5771284103393555;-0.032793380320072174;0.9999940991401672;0.9999954700469971;True
45;12;RIGHT_SHOULDER;0.46417030692100525;0.5755348205566406;0.10881023108959198;0.9999526143074036;0.9999978542327881;True
45;13;LEFT_ELBOW;0.44151607155799866;0.6251794695854187;-0.130885049700737;0.9855032563209534;0.9999542236328125;True
45;14;RIGHT_ELBOW;0.5003840923309326;0.6098088026046753;0.11970485001802444;0.7244582176208496;0.9999974966049194;True
45;15;LEFT_WRIST;0.449774831533432;0.7014099955558777;-0.23603418469429016;0.9755201935768127;0.9999774694442749;True
45;16;RIGHT_WRIST;0.5339788198471069;0.6523867845535278;0.12033697217702866;0.9089410901069641;0.9999998807907104;True
45;17;LEFT_PINKY;0.45230022072792053;0.7210204005241394;-0.26450860500335693;0.9696947932243347;0.9999041557312012;True
45;18;RIGHT_PINKY;0.5443553328514099;0.650285542011261;0.11472190916538239;0.9136189818382263;0.9999996423721313;True
45;19;LEFT_INDEX;0.4498780369758606;0.7255774736404419;-0.2575751543045044;0.9657626152038574;0.9999291896820068;True
45;20;RIGHT_INDEX;0.5439267754554749;0.6514730453491211;0.11121253669261932;0.9105508923530579;0.9999997615814209;True
45;21;LEFT_THUMB;0.4491955041885376;0.7181908488273621;-0.2345733493566513;0.9359446167945862;0.9999656677246094;True
45;22;RIGHT_THUMB;0.540191650390625;0.6544853448867798;0.1182132139801979;0.894753634929657;0.9999998807907104;True
45;23;LEFT_HIP;0.45661115646362305;0.7189536690711975;-0.059066031128168106;0.9999704360961914;0.9999936819076538;True
45;24;RIGHT_HIP;0.4766048789024353;0.7203483581542969;0.05889591947197914;0.999969482421875;0.9999980926513672;True
45;25;LEFT_KNEE;0.4145604074001312;0.8148200511932373;-0.05492743104696274;0.9333587288856506;0.9999438524246216;True
45;26;RIGHT_KNEE;0.4286231994628906;0.8088496327400208;0.05324684828519821;0.6926443576812744;0.9999896287918091;True
45;27;LEFT_ANKLE;0.432980477809906;0.9048851728439331;-0.019233623519539833;0.8566943407058716;0.999531626701355;True
45;28;RIGHT_ANKLE;0.4299018085002899;0.9160032868385315;0.05666458234190941;0.7905634045600891;0.9998323917388916;True
45;29;LEFT_HEEL;0.44616392254829407;0.9156793355941772;-0.016274865716695786;0.8810234069824219;0.9982993006706238;True
45;30;RIGHT_HEEL;0.4397639036178589;0.9367032647132874;0.05580900236964226;0.8876491785049438;0.9996792078018188;True
45;31;LEFT_FOOT_INDEX;0.40765684843063354;0.9433572292327881;-0.02125391736626625;0.8317332863807678;0.9993577599525452;True
45;32;RIGHT_FOOT_INDEX;0.4058878719806671;0.936111330986023;0.05224144458770752;0.819132924079895;0.9995496869087219;True
46;0;NOSE;0.4242209196090698;0.536335289478302;0.12377043813467026;0.99985671043396;0.9999998807907104;True
46;1;LEFT_EYE_INNER;0.42377379536628723;0.5281060934066772;0.10920357704162598;0.9996576905250549;0.9999994039535522;True
46;2;LEFT_EYE;0.42274564504623413;0.5282652378082275;0.10913746058940887;0.9995436668395996;0.9999994039535522;True
46;3;LEFT_EYE_OUTER;0.4216727018356323;0.5284392237663269;0.10913746803998947;0.9996903538703918;0.9999991655349731;True
46;4;RIGHT_EYE_INNER;0.42738234996795654;0.5271899104118347;0.12318170070648193;0.9996481537818909;0.9999994039535522;True
46;5;RIGHT_EYE;0.4289335012435913;0.5267569422721863;0.12309543788433075;0.9996452331542969;0.9999994039535522;True
46;6;RIGHT_EYE_OUTER;0.43040740489959717;0.5261920690536499;0.12313921004533768;0.999762773513794;0.9999992847442627;True
46;7;LEFT_EAR;0.42281273007392883;0.5323981046676636;0.04763917252421379;0.999709963798523;0.9999988079071045;True
46;8;RIGHT_EAR;0.43478572368621826;0.5296673774719238;0.10571232438087463;0.9994567036628723;0.9999990463256836;True
46;9;MOUTH_LEFT;0.42338699102401733;0.5455853939056396;0.10458560287952423;0.9996301531791687;0.9999995231628418;True
46;10;MOUTH_RIGHT;0.42686280608177185;0.5449042320251465;0.12142746150493622;0.99934321641922;0.9999991655349731;True
46;11;LEFT_SHOULDER;0.4223204553127289;0.578665554523468;-0.03320695459842682;0.9999945163726807;0.9999988079071045;True
46;12;RIGHT_SHOULDER;0.4646497368812561;0.5771059989929199;0.10699541866779327;0.9999563694000244;0.9999990463256836;True
46;13;LEFT_ELBOW;0.4423464834690094;0.6273499131202698;-0.14336343109607697;0.9846571087837219;0.9999853372573853;True
46;14;RIGHT_ELBOW;0.5020714998245239;0.6147974133491516;0.10387275367975235;0.7342433929443359;0.9999984502792358;True
46;15;LEFT_WRIST;0.4475570619106293;0.7066147923469543;-0.23269905149936676;0.9746375679969788;0.999991774559021;True
46;16;RIGHT_WRIST;0.5350534319877625;0.6560168862342834;0.09667345136404037;0.9155941605567932;0.9999998807907104;True
46;17;LEFT_PINKY;0.4504570960998535;0.7253413796424866;-0.2596074640750885;0.9680197238922119;0.9999620914459229;True
46;18;RIGHT_PINKY;0.5443194508552551;0.6542108654975891;0.09028568118810654;0.919434666633606;0.9999995231628418;True
46;19;LEFT_INDEX;0.4482738673686981;0.7300329208374023;-0.25292494893074036;0.9639233946800232;0.9999721050262451;True
46;20;RIGHT_INDEX;0.5434557199478149;0.6552553176879883;0.08823554962873459;0.9163095951080322;0.9999996423721313;True
46;21;LEFT_THUMB;0.44810640811920166;0.7232939600944519;-0.23109228909015656;0.9319610595703125;0.9999864101409912;True
46;22;RIGHT_THUMB;0.5395410060882568;0.6577596664428711;0.09472303837537766;0.8994169235229492;0.9999997615814209;True
46;23;LEFT_HIP;0.45410099625587463;0.7198079228401184;-0.05764256790280342;0.9999691247940063;0.9999969005584717;True
46;24;RIGHT_HIP;0.47607624530792236;0.7212265133857727;0.05749306455254555;0.9999685883522034;0.9999986886978149;True
46;25;LEFT_KNEE;0.4136123061180115;0.8131464123725891;-0.05547144263982773;0.9185141921043396;0.999964714050293;True
46;26;RIGHT_KNEE;0.43080103397369385;0.8086321949958801;0.041292764246463776;0.6379522681236267;0.9999923706054688;True
46;27;LEFT_ANKLE;0.4325838088989258;0.9036573767662048;-0.028935793787240982;0.8133072853088379;0.9996161460876465;True
46;28;RIGHT_ANKLE;0.4277533292770386;0.9147174954414368;0.025751499459147453;0.7333352565765381;0.9998347759246826;True
46;29;LEFT_HEEL;0.4461531639099121;0.9169843196868896;-0.026624105870723724;0.8539713025093079;0.9986458420753479;True
46;30;RIGHT_HEEL;0.43769755959510803;0.9419692158699036;0.023279894143342972;0.8564785122871399;0.9996708631515503;True
46;31;LEFT_FOOT_INDEX;0.4089873135089874;0.9421352744102478;-0.03370499983429909;0.7893193364143372;0.999576985836029;True
46;32;RIGHT_FOOT_INDEX;0.4035159647464752;0.9381099343299866;0.019262192770838737;0.7669309377670288;0.9996182918548584;True
47;0;NOSE;0.41832104325294495;0.5373705625534058;0.12019423395395279;0.9998653531074524;0.999998927116394;True
47;1;LEFT_EYE_INNER;0.41719791293144226;0.5290358662605286;0.10534363240003586;0.9996820092201233;0.9999960660934448;True
47;2;LEFT_EYE;0.4163418412208557;0.529084324836731;0.10527633130550385;0.9995744824409485;0.9999957084655762;True
47;3;LEFT_EYE_OUTER;0.41542771458625793;0.5291162133216858;0.10527370125055313;0.9997116923332214;0.9999942779541016;True
47;4;RIGHT_EYE_INNER;0.4208570122718811;0.5281415581703186;0.11889547854661942;0.9996773600578308;0.9999964237213135;True
47;5;RIGHT_EYE;0.4226335883140564;0.5276694893836975;0.1188170462846756;0.9996747970581055;0.9999970197677612;True
47;6;RIGHT_EYE_OUTER;0.4244275391101837;0.5272156000137329;0.11883595585823059;0.9997830390930176;0.9999967813491821;True
47;7;LEFT_EAR;0.4168448746204376;0.5325931906700134;0.04418386146426201;0.999729335308075;0.999992847442627;True
47;8;RIGHT_EAR;0.4290176033973694;0.5309951901435852;0.10478376597166061;0.9995039105415344;0.9999963045120239;True
47;9;MOUTH_LEFT;0.4181562066078186;0.5461573004722595;0.1009334847331047;0.999659538269043;0.9999984502792358;True
47;10;MOUTH_RIGHT;0.4212704002857208;0.5459436774253845;0.1176849976181984;0.9993991255760193;0.999997615814209;True
47;11;LEFT_SHOULDER;0.4156603217124939;0.5795606374740601;-0.03629932180047035;0.9999947547912598;0.9999978542327881;True
47;12;RIGHT_SHOULDER;0.4582373797893524;0.5804470181465149;0.11531489342451096;0.9999592304229736;0.9999982118606567;True
47;13;LEFT_ELBOW;0.4320780038833618;0.6424337029457092;-0.11933418363332748;0.9844891428947449;0.9999761581420898;True
47;14;RIGHT_ELBOW;0.49017637968063354;0.6290788054466248;0.11001837253570557;0.7270339727401733;0.9999971389770508;True
47;15;LEFT_WRIST;0.43168047070503235;0.7261511087417603;-0.14816802740097046;0.974068820476532;0.999983549118042;True
47;16;RIGHT_WRIST;0.5201687216758728;0.6806024312973022;0.08028668910264969;0.9217700958251953;0.9999998807907104;True
47;17;LEFT_PINKY;0.4343521296977997;0.7479416131973267;-0.16790799796581268;0.9665510058403015;0.99991774559021;True
47;18;RIGHT_PINKY;0.5308311581611633;0.6824792623519897;0.07148461043834686;0.9250039458274841;0.9999995231628418;True
47;19;LEFT_INDEX;0.42964452505111694;0.7491611838340759;-0.16228745877742767;0.962173342704773;0.9999361038208008;True
47;20;RIGHT_INDEX;0.5295616388320923;0.6852424144744873;0.06857936829328537;0.9219068884849548;0.9999996423721313;True
47;21;LEFT_THUMB;0.42949870228767395;0.7423325777053833;-0.14524826407432556;0.9273579716682434;0.9999692440032959;True
47;22;RIGHT_THUMB;0.5248176455497742;0.6869351267814636;0.07733771204948425;0.9041111469268799;0.9999998807907104;True
47;23;LEFT_HIP;0.44783374667167664;0.7205502390861511;-0.05794144794344902;0.9999654293060303;0.9999943971633911;True
47;24;RIGHT_HIP;0.46786266565322876;0.7230023145675659;0.05780612304806709;0.9999663829803467;0.9999980926513672;True
47;25;LEFT_KNEE;0.4054946303367615;0.8093643188476562;-0.053672682493925095;0.916572630405426;0.9999576807022095;True
47;26;RIGHT_KNEE;0.4194270670413971;0.8088880181312561;0.04346313700079918;0.5987024903297424;0.9999909400939941;True
47;27;LEFT_ANKLE;0.41449376940727234;0.916192352771759;-0.04620332643389702;0.8156988024711609;0.9994685053825378;True
47;28;RIGHT_ANKLE;0.419952929019928;0.9173938632011414;0.0264523234218359;0.6997733116149902;0.9998568296432495;True
47;29;LEFT_HEEL;0.4251525104045868;0.9378711581230164;-0.0476585254073143;0.8525701761245728;0.9978930354118347;True
47;30;RIGHT_HEEL;0.42821386456489563;0.9426833987236023;0.02354743517935276;0.8392749428749084;0.9996927976608276;True
47;31;LEFT_FOOT_INDEX;0.382681280374527;0.9487316012382507;-0.06922752410173416;0.7862645983695984;0.9989232420921326;True
47;32;RIGHT_FOOT_INDEX;0.39837753772735596;0.9468851685523987;0.008385006338357925;0.7326905131340027;0.999424934387207;True
48;0;NOSE;0.4181097745895386;0.5386636257171631;0.12138625234365463;0.999872088432312;0.9999990463256836;True
48;1;LEFT_EYE_INNER;0.41743332147598267;0.529961347579956;0.10561531037092209;0.9997012615203857;0.9999966621398926;True
48;2;LEFT_EYE;0.4164223372936249;0.5301346182823181;0.10554513335227966;0.9995998740196228;0.9999963045120239;True
48;3;LEFT_EYE_OUTER;0.4154115319252014;0.5302983522415161;0.10556992888450623;0.9997277855873108;0.9999948740005493;True
48;4;RIGHT_EYE_INNER;0.42135411500930786;0.5287493467330933;0.12305552512407303;0.9997026324272156;0.9999972581863403;True
48;5;RIGHT_EYE;0.4230364263057709;0.528295636177063;0.12296328693628311;0.9997013807296753;0.9999978542327881;True
48;6;RIGHT_EYE_OUTER;0.42486950755119324;0.5277072191238403;0.12302158027887344;0.9998007416725159;0.9999977350234985;True
48;7;LEFT_EAR;0.4171796441078186;0.5338988304138184;0.04711580276489258;0.9997448325157166;0.9999938011169434;True
48;8;RIGHT_EAR;0.4298374354839325;0.5313991904258728;0.11032548546791077;0.999546468257904;0.9999977350234985;True
48;9;MOUTH_LEFT;0.4175793528556824;0.5472953915596008;0.10129590332508087;0.9996835589408875;0.9999985694885254;True
48;10;MOUTH_RIGHT;0.42107418179512024;0.5471409559249878;0.12235711514949799;0.9994481205940247;0.9999979734420776;True
48;11;LEFT_SHOULDER;0.4147595465183258;0.5792815685272217;-0.025265317410230637;0.9999948740005493;0.9999973773956299;True
48;12;RIGHT_SHOULDER;0.457372784614563;0.5811609029769897;0.11575009673833847;0.9999621510505676;0.9999985694885254;True
48;13;LEFT_ELBOW;0.4309239387512207;0.6467108726501465;-0.09594976156949997;0.9830588698387146;0.9999603033065796;True
48;14;RIGHT_ELBOW;0.4878791272640228;0.6309542059898376;0.10480805486440659;0.7316345572471619;0.999996542930603;True
48;15;LEFT_WRIST;0.4320313632488251;0.7293809056282043;-0.12187133729457855;0.9709338545799255;0.9999799728393555;True
48;16;RIGHT_WRIST;0.5187292695045471;0.6840987205505371;0.07775957882404327;0.9276651740074158;0.9999998807907104;True
48;17;LEFT_PINKY;0.4340905249118805;0.7505474090576172;-0.13940872251987457;0.9622862935066223;0.9999134540557861;True
48;18;RIGHT_PINKY;0.5298081636428833;0.6850210428237915;0.0693160742521286;0.930217444896698;0.9999992847442627;True
48;19;LEFT_INDEX;0.43024539947509766;0.7529154419898987;-0.13403795659542084;0.9572424292564392;0.9999358654022217;True
48;20;RIGHT_INDEX;0.5285507440567017;0.6873411536216736;0.06808765232563019;0.9271886944770813;0.9999995231628418;True
48;21;LEFT_THUMB;0.4318091571331024;0.745905339717865;-0.11900201439857483;0.9178755879402161;0.9999669790267944;True
48;22;RIGHT_THUMB;0.5232295393943787;0.6898751258850098;0.07566773146390915;0.9088375568389893;0.9999997615814209;True
48;23;LEFT_HIP;0.44722071290016174;0.7202624678611755;-0.05369292199611664;0.999961793422699;0.9999947547912598;True
48;24;RIGHT_HIP;0.46898153424263;0.7233791351318359;0.053555652499198914;0.9999645352363586;0.9999982118606567;True
48;25;LEFT_KNEE;0.40511399507522583;0.8080093264579773;-0.050165895372629166;0.9178614020347595;0.9999431371688843;True
48;26;RIGHT_KNEE;0.41960200667381287;0.8094719052314758;0.0330340638756752;0.5692450404167175;0.9999897480010986;True
48;27;LEFT_ANKLE;0.41295143961906433;0.9172785878181458;-0.056017596274614334;0.8188786506652832;0.9992340803146362;True
48;28;RIGHT_ANKLE;0.41814175248146057;0.9188544154167175;0.0021392691414803267;0.6748866438865662;0.9997808337211609;True
48;29;LEFT_HEEL;0.4228105843067169;0.9405052065849304;-0.05830909684300423;0.8559298515319824;0.997083842754364;True
48;30;RIGHT_HEEL;0.42646265029907227;0.9432028532028198;-0.0021129341330379248;0.8318945169448853;0.9995360374450684;True
48;31;LEFT_FOOT_INDEX;0.38214194774627686;0.9499781727790833;-0.08136974275112152;0.7853444218635559;0.9984855055809021;True
48;32;RIGHT_FOOT_INDEX;0.39286917448043823;0.9472997784614563;-0.021692421287298203;0.7060272097587585;0.9991150498390198;True
49;0;NOSE;0.41161319613456726;0.5370635390281677;0.17936953902244568;0.9998798370361328;0.9999997615814209;True
49;1;LEFT_EYE_INNER;0.4108597934246063;0.528616189956665;0.16693563759326935;0.9997233748435974;0.9999992847442627;True
49;2;LEFT_EYE;0.40996694564819336;0.5288469791412354;0.16685765981674194;0.999630868434906;0.9999991655349731;True
49;3;LEFT_EYE_OUTER;0.40906912088394165;0.5290553569793701;0.16687364876270294;0.9997475147247314;0.999998927116394;True
49;4;RIGHT_EYE_INNER;0.4147869348526001;0.5275147557258606;0.1790219098329544;0.9997279047966003;0.9999992847442627;True
49;5;RIGHT_EYE;0.41670340299606323;0.5271641612052917;0.17896635830402374;0.9997276663780212;0.9999994039535522;True
49;6;RIGHT_EYE_OUTER;0.41910138726234436;0.5266603827476501;0.17899368703365326;0.9998176097869873;0.9999992847442627;True
49;7;LEFT_EAR;0.41114580631256104;0.5328845977783203;0.10559152066707611;0.9997650980949402;0.9999985694885254;True
49;8;RIGHT_EAR;0.42461931705474854;0.5309242010116577;0.15845876932144165;0.9995877146720886;0.9999990463256836;True
49;9;MOUTH_LEFT;0.4112626314163208;0.545800507068634;0.15883271396160126;0.999710202217102;0.9999995231628418;True
49;10;MOUTH_RIGHT;0.41504937410354614;0.5456323623657227;0.17357374727725983;0.9994978904724121;0.9999992847442627;True
49;11;LEFT_SHOULDER;0.4089425504207611;0.5788640975952148;0.007496596314013004;0.999995231628418;0.999998927116394;True
49;12;RIGHT_SHOULDER;0.45189517736434937;0.5849283337593079;0.153473898768425;0.9999653697013855;0.999998927116394;True
49;13;LEFT_ELBOW;0.4171277582645416;0.6504565477371216;-0.08719158172607422;0.984554648399353;0.9999727010726929;True
49;14;RIGHT_ELBOW;0.47984087467193604;0.6441056728363037;0.13115738332271576;0.7553490400314331;0.9999957084655762;True
49;15;LEFT_WRIST;0.413513720035553;0.7356113195419312;-0.1304699331521988;0.9733213186264038;0.9999880790710449;True
49;16;RIGHT_WRIST;0.5021502375602722;0.7124860286712646;0.09011819958686829;0.9346908926963806;0.9999997615814209;True
49;17;LEFT_PINKY;0.41287726163864136;0.7571542263031006;-0.15322206914424896;0.9651665687561035;0.9999496936798096;True
49;18;RIGHT_PINKY;0.5122402906417847;0.7208316922187805;0.07924291491508484;0.9369246959686279;0.9999990463256836;True
49;19;LEFT_INDEX;0.40802839398384094;0.7600904703140259;-0.1439930647611618;0.9604898691177368;0.9999635219573975;True
49;20;RIGHT_INDEX;0.510191798210144;0.7222123742103577;0.07127483189105988;0.9341711401939392;0.9999994039535522;True
49;21;LEFT_THUMB;0.41340896487236023;0.7600844502449036;-0.12677893042564392;0.9238718152046204;0.9999809265136719;True
49;22;RIGHT_THUMB;0.5042964816093445;0.7225757241249084;0.08395496755838394;0.9174078106880188;0.9999996423721313;True
49;23;LEFT_HIP;0.4398244321346283;0.7191499471664429;-0.055087924003601074;0.9999646544456482;0.9999994039535522;True
49;24;RIGHT_HIP;0.463773638010025;0.7229651212692261;0.05494333803653717;0.9999673962593079;0.9999996423721313;True
49;25;LEFT_KNEE;0.3964775502681732;0.802805483341217;-0.026981251314282417;0.9260159730911255;0.9999964237213135;True
49;26;RIGHT_KNEE;0.41448894143104553;0.8118589520454407;0.0370926633477211;0.6105729937553406;0.9999991655349731;True
49;27;LEFT_ANKLE;0.38204002380371094;0.9144337773323059;-0.013423915952444077;0.8368979692459106;0.9999549388885498;True
49;28;RIGHT_ANKLE;0.41938504576683044;0.9240951538085938;0.012907539494335651;0.7068658471107483;0.999987006187439;True
49;29;LEFT_HEEL;0.3889724314212799;0.9353997111320496;-0.013234959915280342;0.870215117931366;0.9998476505279541;True
49;30;RIGHT_HEEL;0.4256628751754761;0.9464980363845825;0.013454163447022438;0.8484132885932922;0.999969482421875;True
49;31;LEFT_FOOT_INDEX;0.3547302782535553;0.9496476650238037;-0.04669151455163956;0.8065269589424133;0.9998067021369934;True
49;32;RIGHT_FOOT_INDEX;0.396305650472641;0.9483335018157959;-0.004617419559508562;0.7344361543655396;0.9998687505722046;True
50;0;NOSE;0.4064696133136749;0.5362902283668518;0.15129290521144867;0.9998887777328491;0.9999994039535522;True
50;1;LEFT_EYE_INNER;0.4055024981498718;0.5277045965194702;0.13579736649990082;0.9997473359107971;0.9999988079071045;True
50;2;LEFT_EYE;0.40441301465034485;0.5279325246810913;0.13568419218063354;0.9996634721755981;0.9999988079071045;True
50;3;LEFT_EYE_OUTER;0.40335503220558167;0.5281281471252441;0.13572220504283905;0.9997698068618774;0.9999985694885254;True
50;4;RIGHT_EYE_INNER;0.4100748896598816;0.5266233682632446;0.14319202303886414;0.9997527003288269;0.9999985694885254;True
50;5;RIGHT_EYE;0.4119580388069153;0.5263951420783997;0.14313986897468567;0.9997527003288269;0.9999986886978149;True
50;6;RIGHT_EYE_OUTER;0.41373637318611145;0.5261196494102478;0.14313147962093353;0.9998340606689453;0.9999984502792358;True
50;7;LEFT_EAR;0.4053288996219635;0.5320022106170654;0.065724216401577;0.9997861385345459;0.9999983310699463;True
50;8;RIGHT_EAR;0.41908442974090576;0.5305277109146118;0.10749475657939911;0.9996256828308105;0.9999974966049194;True
50;9;MOUTH_LEFT;0.40545424818992615;0.5448999404907227;0.12881895899772644;0.9997358918190002;0.9999991655349731;True
50;10;MOUTH_RIGHT;0.4094325006008148;0.5447865724563599;0.13818621635437012;0.9995432496070862;0.9999980926513672;True
50;11;LEFT_SHOULDER;0.4025777578353882;0.5800448656082153;-0.020160971209406853;0.9999955296516418;0.9999990463256836;True
50;12;RIGHT_SHOULDER;0.44661518931388855;0.585430920124054;0.10738806426525116;0.9999666213989258;0.9999955892562866;True
50;13;LEFT_ELBOW;0.4034593403339386;0.6659513711929321;-0.08890090882778168;0.9858999252319336;0.9999836683273315;True
50;14;RIGHT_ELBOW;0.4682183563709259;0.6571874022483826;0.09497933089733124;0.7478593587875366;0.9999774694442749;True
50;15;LEFT_WRIST;0.39195874333381653;0.7493782043457031;-0.09315619617700577;0.975389301776886;0.9999942779541016;True
50;16;RIGHT_WRIST;0.47804224491119385;0.7334972023963928;0.08269178122282028;0.9303072094917297;0.9999969005584717;True
50;17;LEFT_PINKY;0.3877003788948059;0.7712645530700684;-0.108963742852211;0.9674744009971619;0.9999665021896362;True
50;18;RIGHT_PINKY;0.48251059651374817;0.7546382546424866;0.07875043898820877;0.929024338722229;0.9999879598617554;True
50;19;LEFT_INDEX;0.38455790281295776;0.7717623710632324;-0.10111057758331299;0.9631019234657288;0.999971866607666;True
50;20;RIGHT_INDEX;0.47876325249671936;0.7576608657836914;0.07150731235742569;0.9252052903175354;0.9999899864196777;True
50;21;LEFT_THUMB;0.38676849007606506;0.7667821049690247;-0.08882217854261398;0.9286327362060547;0.999987006187439;True
50;22;RIGHT_THUMB;0.47523632645606995;0.7522290349006653;0.07826003432273865;0.9058828949928284;0.9999955892562866;True
50;23;LEFT_HIP;0.4319995045661926;0.7190549373626709;-0.045496486127376556;0.9999673366546631;0.9999995231628418;True
50;24;RIGHT_HIP;0.45564064383506775;0.7229915857315063;0.04537982866168022;0.9999695420265198;0.9999995231628418;True
50;25;LEFT_KNEE;0.3870675265789032;0.8053921461105347;-0.007511518895626068;0.9331876635551453;0.9999973773956299;True
50;26;RIGHT_KNEE;0.4108562767505646;0.8169520497322083;0.05415640398859978;0.6453909873962402;0.9999982118606567;True
50;27;LEFT_ANKLE;0.35897406935691833;0.9157117605209351;0.0016370153753086925;0.8530441522598267;0.999971866607666;True
50;28;RIGHT_ANKLE;0.4206528961658478;0.9261201620101929;0.074432373046875;0.7346571087837219;0.9999829530715942;True
50;29;LEFT_HEEL;0.36207887530326843;0.9399112462997437;0.000797051761765033;0.882911741733551;0.9998908042907715;True
50;30;RIGHT_HEEL;0.42893388867378235;0.948112964630127;0.07581368833780289;0.8625587224960327;0.9999595880508423;True
50;31;LEFT_FOOT_INDEX;0.33220914006233215;0.9489559531211853;-0.03523583710193634;0.8251679539680481;0.999835729598999;True
50;32;RIGHT_FOOT_INDEX;0.397063672542572;0.9484072327613831;0.04801120236515999;0.7572081685066223;0.9998670816421509;True
51;0;NOSE;0.4106067717075348;0.5356312394142151;0.1921469271183014;0.9998959898948669;0.9999998807907104;True
51;1;LEFT_EYE_INNER;0.40923917293548584;0.5273259878158569;0.1792353242635727;0.9997674226760864;0.9999996423721313;True
51;2;LEFT_EYE;0.4080080986022949;0.5275234580039978;0.1791391223669052;0.9996918439865112;0.9999997615814209;True
51;3;LEFT_EYE_OUTER;0.4068451523780823;0.5277039408683777;0.179146870970726;0.9997888207435608;0.9999996423721313;True
51;4;RIGHT_EYE_INNER;0.41349491477012634;0.5266380310058594;0.18836750090122223;0.9997738003730774;0.9999995231628418;True
51;5;RIGHT_EYE;0.41548410058021545;0.5265491008758545;0.18833230435848236;0.9997742772102356;0.9999995231628418;True
51;6;RIGHT_EYE_OUTER;0.41756945848464966;0.5264614820480347;0.18835721909999847;0.9998477101325989;0.9999994039535522;True
51;7;LEFT_EAR;0.4064096510410309;0.5318020582199097;0.11379089206457138;0.9998049139976501;0.9999996423721313;True
51;8;RIGHT_EAR;0.42142704129219055;0.5306926965713501;0.15493038296699524;0.9996585845947266;0.999998927116394;True
51;9;MOUTH_LEFT;0.4090891480445862;0.544327974319458;0.1706763654947281;0.999758780002594;0.9999997615814209;True
51;10;MOUTH_RIGHT;0.4133588671684265;0.5444744825363159;0.1817726045846939;0.9995836615562439;0.9999992847442627;True
51;11;LEFT_SHOULDER;0.40190011262893677;0.5801665782928467;0.011277922429144382;0.9999958872795105;0.9999996423721313;True
51;12;RIGHT_SHOULDER;0.44621559977531433;0.5872350931167603;0.14409811794757843;0.9999688267707825;0.9999971389770508;True
51;13;LEFT_ELBOW;0.4000939726829529;0.666074275970459;-0.06681612879037857;0.9872556328773499;0.9999922513961792;True
51;14;RIGHT_ELBOW;0.4696752429008484;0.6573832035064697;0.11145587265491486;0.7666444778442383;0.9999881982803345;True
51;15;LEFT_WRIST;0.3903239071369171;0.7468852400779724;-0.09103509038686752;0.9776961803436279;0.9999973773956299;True
51;16;RIGHT_WRIST;0.4764595925807953;0.7341347932815552;0.08700930327177048;0.9357122182846069;0.9999979734420776;True
51;17;LEFT_PINKY;0.38923659920692444;0.7688190937042236;-0.110500268638134;0.9703719019889832;0.9999861717224121;True
51;18;RIGHT_PINKY;0.48202571272850037;0.7571641206741333;0.07919231802225113;0.933994472026825;0.999992847442627;True
51;19;LEFT_INDEX;0.3847671151161194;0.7694270610809326;-0.10236756503582001;0.9663861393928528;0.9999881982803345;True
51;20;RIGHT_INDEX;0.477938175201416;0.7591701149940491;0.0814424455165863;0.9303110837936401;0.9999934434890747;True
51;21;LEFT_THUMB;0.385174959897995;0.7624997496604919;-0.08732739090919495;0.934898316860199;0.9999943971633911;True
51;22;RIGHT_THUMB;0.47416049242019653;0.7521668076515198;0.08686935156583786;0.9119059443473816;0.9999971389770508;True
51;23;LEFT_HIP;0.4290948808193207;0.7184915542602539;-0.04789720103144646;0.9999701380729675;0.9999996423721313;True
51;24;RIGHT_HIP;0.45497626066207886;0.7227910161018372;0.04775957018136978;0.9999719858169556;0.9999996423721313;True
51;25;LEFT_KNEE;0.3841535449028015;0.8068165183067322;-0.013129988685250282;0.9398478865623474;0.9999986886978149;True
51;26;RIGHT_KNEE;0.41031062602996826;0.8165987133979797;0.05785740539431572;0.6799549460411072;0.9999988079071045;True
51;27;LEFT_ANKLE;0.35875552892684937;0.9168254137039185;0.008759572170674801;0.8676971197128296;0.9999793767929077;True
51;28;RIGHT_ANKLE;0.4209408462047577;0.9255314469337463;0.08636036515235901;0.7608314752578735;0.9999890327453613;True
51;29;LEFT_HEEL;0.36287346482276917;0.9419774413108826;0.009665433317422867;0.8945542573928833;0.9999284744262695;True
51;30;RIGHT_HEEL;0.42949503660202026;0.9479110240936279;0.08845777064561844;0.8761079907417297;0.9999781847000122;True
51;31;LEFT_FOOT_INDEX;0.3303656280040741;0.9484718441963196;-0.021900810301303864;0.8424682021141052;0.9998993873596191;True
51;32;RIGHT_FOOT_INDEX;0.397659033536911;0.9470776915550232;0.06367430835962296;0.7805969715118408;0.9999220371246338;True
52;0;NOSE;0.3974357545375824;0.5272562503814697;0.24473001062870026;0.9998616576194763;0.9999988079071045;True
52;1;LEFT_EYE_INNER;0.3959296941757202;0.5202043056488037;0.23175162076950073;0.999749481678009;0.9999984502792358;True
52;2;LEFT_EYE;0.39446279406547546;0.5199542045593262;0.2316390573978424;0.9996839165687561;0.999998927116394;True
52;3;LEFT_EYE_OUTER;0.39315998554229736;0.5196342468261719;0.23162944614887238;0.9997892379760742;0.999998927116394;True
52;4;RIGHT_EYE_INNER;0.4006388783454895;0.5203657150268555;0.24068710207939148;0.9997588992118835;0.9999958276748657;True
52;5;RIGHT_EYE;0.40271326899528503;0.5204355716705322;0.2406165450811386;0.9997522830963135;0.999995231628418;True
52;6;RIGHT_EYE_OUTER;0.4048730134963989;0.520697832107544;0.24067935347557068;0.999826192855835;0.9999927282333374;True
52;7;LEFT_EAR;0.3927679657936096;0.5227377414703369;0.16586266458034515;0.9998118281364441;0.9999996423721313;True
52;8;RIGHT_EAR;0.40815913677215576;0.5261369347572327;0.20636126399040222;0.9996209144592285;0.9999868869781494;True
52;9;MOUTH_LEFT;0.39508381485939026;0.5356687903404236;0.2236492931842804;0.999748945236206;0.9999991655349731;True
52;10;MOUTH_RIGHT;0.40015915036201477;0.5365523099899292;0.23465028405189514;0.9995546340942383;0.9999951124191284;True
52;11;LEFT_SHOULDER;0.38321781158447266;0.577514111995697;0.07031159847974777;0.9999960660934448;0.9999997615814209;True
52;12;RIGHT_SHOULDER;0.4253555238246918;0.5868192911148071;0.19964748620986938;0.9999542236328125;0.9999501705169678;True
52;13;LEFT_ELBOW;0.3603954017162323;0.6613246202468872;0.05471854656934738;0.9860782027244568;0.9999954700469971;True
52;14;RIGHT_ELBOW;0.4082900285720825;0.6545450687408447;0.20068055391311646;0.6912133097648621;0.9995977282524109;True
52;15;LEFT_WRIST;0.342516154050827;0.705355167388916;0.10088861733675003;0.9723105430603027;0.9999971389770508;True
52;16;RIGHT_WRIST;0.38439396023750305;0.7160806059837341;0.21014758944511414;0.8451876044273376;0.9996545314788818;True
52;17;LEFT_PINKY;0.33642148971557617;0.7173891067504883;0.09886963665485382;0.9618086814880371;0.9999885559082031;True
52;18;RIGHT_PINKY;0.3847881853580475;0.7280193567276001;0.21632570028305054;0.8451898694038391;0.99946528673172;True
52;19;LEFT_INDEX;0.33776721358299255;0.71522456407547;0.10510436445474625;0.9564653038978577;0.9999874830245972;True
52;20;RIGHT_INDEX;0.38083508610725403;0.7282024025917053;0.20997844636440277;0.8414243459701538;0.9994410872459412;True
52;21;LEFT_THUMB;0.3399675488471985;0.7113298177719116;0.10605310648679733;0.9209684133529663;0.9999939203262329;True
52;22;RIGHT_THUMB;0.3796561062335968;0.7244474291801453;0.20634548366069794;0.8252643942832947;0.9997093081474304;True
52;23;LEFT_HIP;0.3986671268939972;0.7200490236282349;-0.03968598693609238;0.9999715089797974;0.9999994039535522;True
52;24;RIGHT_HIP;0.4261248707771301;0.7252575159072876;0.039449941366910934;0.9999716877937317;0.9999978542327881;True
52;25;LEFT_KNEE;0.36261114478111267;0.8163356184959412;-0.007016114424914122;0.94544517993927;0.9999979734420776;True
52;26;RIGHT_KNEE;0.3968685567378998;0.8253947496414185;0.06671832501888275;0.7044540643692017;0.9999833106994629;True
52;27;LEFT_ANKLE;0.3170049786567688;0.9188488125801086;-0.0046114749275147915;0.880315899848938;0.9999063014984131;True
52;28;RIGHT_ANKLE;0.4208393692970276;0.926072895526886;0.08699004352092743;0.7791941165924072;0.9998425245285034;True
52;29;LEFT_HEEL;0.31226661801338196;0.9448177218437195;-0.004902129992842674;0.9042498469352722;0.9996364116668701;True
52;30;RIGHT_HEEL;0.4292586147785187;0.9474896192550659;0.08877135813236237;0.8861091732978821;0.9997277855873108;True
52;31;LEFT_FOOT_INDEX;0.3039855360984802;0.9481948018074036;-0.03262798860669136;0.8545742034912109;0.9993952512741089;True
52;32;RIGHT_FOOT_INDEX;0.4000219702720642;0.946514904499054;0.06845995038747787;0.7871798872947693;0.9992448091506958;True
53;0;NOSE;0.39334332942962646;0.5179882645606995;0.19963708519935608;0.9998270273208618;0.9999945163726807;True
53;1;LEFT_EYE_INNER;0.3924570083618164;0.5110957026481628;0.1851673573255539;0.99971604347229;0.9999905824661255;True
53;2;LEFT_EYE;0.3911920189857483;0.5107685327529907;0.18506547808647156;0.999652624130249;0.999991774559021;True
53;3;LEFT_EYE_OUTER;0.38995134830474854;0.5104904770851135;0.1850590854883194;0.9997718930244446;0.9999909400939941;True
53;4;RIGHT_EYE_INNER;0.39676859974861145;0.5119983553886414;0.19578196108341217;0.9997462630271912;0.999984860420227;True
53;5;RIGHT_EYE;0.3986016809940338;0.5123361945152283;0.19570299983024597;0.9997396469116211;0.9999854564666748;True
53;6;RIGHT_EYE_OUTER;0.4004227817058563;0.5126063823699951;0.195735365152359;0.9998182058334351;0.9999815225601196;True
53;7;LEFT_EAR;0.38936883211135864;0.5150316953659058;0.11946001648902893;0.9997928738594055;0.9999933242797852;True
53;8;RIGHT_EAR;0.403890460729599;0.5181568264961243;0.17051570117473602;0.9995920062065125;0.9999703168869019;True
53;9;MOUTH_LEFT;0.3909648060798645;0.5269366502761841;0.1786361038684845;0.9997161626815796;0.9999960660934448;True
53;10;MOUTH_RIGHT;0.3952365815639496;0.5282129645347595;0.19177794456481934;0.9995331168174744;0.9999887943267822;True
53;11;LEFT_SHOULDER;0.37849125266075134;0.5728960037231445;0.03164301812648773;0.999995231628418;0.9999980926513672;True
53;12;RIGHT_SHOULDER;0.4189610779285431;0.5862095355987549;0.16894228756427765;0.9999493360519409;0.9999721050262451;True
53;13;LEFT_ELBOW;0.34891778230667114;0.6460002660751343;0.006928509566932917;0.9845131039619446;0.9999762773513794;True
53;14;RIGHT_ELBOW;0.39463862776756287;0.6507997512817383;0.16436998546123505;0.6294131278991699;0.9998202919960022;True
53;15;LEFT_WRIST;0.33295106887817383;0.655181348323822;0.045594021677970886;0.9580134749412537;0.9999865293502808;True
53;16;RIGHT_WRIST;0.3641168773174286;0.704340934753418;0.20837746560573578;0.7915142178535461;0.9999611377716064;True
53;17;LEFT_PINKY;0.3277864158153534;0.6561706066131592;0.04149407520890236;0.943970799446106;0.9999549388885498;True
53;18;RIGHT_PINKY;0.36122605204582214;0.7140572667121887;0.17164643108844757;0.7957636713981628;0.9999233484268188;True
53;19;LEFT_INDEX;0.330344021320343;0.653931200504303;0.046139899641275406;0.9374035596847534;0.9999516010284424;True
53;20;RIGHT_INDEX;0.35993728041648865;0.713742196559906;0.19176967442035675;0.7910506129264832;0.9999217987060547;True
53;21;LEFT_THUMB;0.3328785002231598;0.6529734134674072;0.04974629729986191;0.8949823379516602;0.999976396560669;True
53;22;RIGHT_THUMB;0.3614305257797241;0.7117200493812561;0.17387861013412476;0.775056004524231;0.9999631643295288;True
53;23;LEFT_HIP;0.3877320885658264;0.7214577198028564;-0.03993283957242966;0.9999727010726929;0.9999992847442627;True
53;24;RIGHT_HIP;0.4149535298347473;0.7277657389640808;0.03973111882805824;0.999972403049469;0.9999990463256836;True
53;25;LEFT_KNEE;0.3545036017894745;0.8183718323707581;-0.0032754766289144754;0.950187087059021;0.9999966621398926;True
53;26;RIGHT_KNEE;0.3927883207798004;0.8271610140800476;0.06990807503461838;0.7275146842002869;0.9999935626983643;True
53;27;LEFT_ANKLE;0.3131197392940521;0.9181894659996033;-0.0015200059860944748;0.8918203711509705;0.9999686479568481;True
53;28;RIGHT_ANKLE;0.4212268888950348;0.9259483218193054;0.09673383831977844;0.7980660796165466;0.9999759197235107;True
53;29;LEFT_HEEL;0.3097550570964813;0.9418115019798279;-0.0028043894562870264;0.9129765033721924;0.9998942613601685;True
53;30;RIGHT_HEEL;0.42920801043510437;0.946831226348877;0.09922609478235245;0.8956476449966431;0.9999550580978394;True
53;31;LEFT_FOOT_INDEX;0.3029210865497589;0.948280394077301;-0.03091207891702652;0.8654912114143372;0.9997803568840027;True
53;32;RIGHT_FOOT_INDEX;0.4011470377445221;0.94651198387146;0.08257819712162018;0.7972493171691895;0.9998449087142944;True
54;0;NOSE;0.3907434344291687;0.5106085538864136;0.18885335326194763;0.9992758631706238;0.9999632835388184;True
54;1;LEFT_EYE_INNER;0.389598548412323;0.5033295750617981;0.17397116124629974;0.9990941286087036;0.9999226331710815;True
54;2;LEFT_EYE;0.3880893886089325;0.5027891993522644;0.17386208474636078;0.9989562034606934;0.999937891960144;True
54;3;LEFT_EYE_OUTER;0.3866346478462219;0.5023907423019409;0.17385156452655792;0.9993711709976196;0.999934196472168;True
54;4;RIGHT_EYE_INNER;0.39423492550849915;0.5051698684692383;0.1843053251504898;0.999302327632904;0.9998586177825928;True
54;5;RIGHT_EYE;0.39585399627685547;0.5057636499404907;0.18422402441501617;0.9992464780807495;0.9998624324798584;True
54;6;RIGHT_EYE_OUTER;0.39753207564353943;0.5062883496284485;0.18425250053405762;0.9994857311248779;0.9998273849487305;True
54;7;LEFT_EAR;0.38607779145240784;0.5076501369476318;0.10791745036840439;0.9994410872459412;0.9999560117721558;True
54;8;RIGHT_EAR;0.40125447511672974;0.5125851631164551;0.1684674620628357;0.9988020658493042;0.9997579455375671;True
54;9;MOUTH_LEFT;0.3875150680541992;0.518547773361206;0.16775698959827423;0.9993025660514832;0.9999854564666748;True
54;10;MOUTH_RIGHT;0.39240148663520813;0.5207822918891907;0.18059438467025757;0.9989805817604065;0.9999489784240723;True
54;11;LEFT_SHOULDER;0.3721247911453247;0.5621299743652344;0.018689719960093498;0.9999920725822449;0.9999951124191284;True
54;12;RIGHT_SHOULDER;0.41492658853530884;0.5779426097869873;0.15775993466377258;0.9999211430549622;0.9999053478240967;True
54;13;LEFT_ELBOW;0.3418864905834198;0.6103262901306152;-0.07274710386991501;0.9757682085037231;0.9998781681060791;True
54;14;RIGHT_ELBOW;0.38938045501708984;0.645874559879303;0.11680307984352112;0.5689246654510498;0.9993911981582642;True
54;15;LEFT_WRIST;0.3335955739021301;0.6042218208312988;-0.13629762828350067;0.9340518712997437;0.9999184608459473;True
54;16;RIGHT_WRIST;0.35587844252586365;0.6641637682914734;0.06435047835111618;0.731202244758606;0.999883770942688;True
54;17;LEFT_PINKY;0.32980093359947205;0.6066446304321289;-0.157008096575737;0.9235697984695435;0.9997490048408508;True
54;18;RIGHT_PINKY;0.34907209873199463;0.6675305962562561;0.056880395859479904;0.7453294396400452;0.9998058676719666;True
54;19;LEFT_INDEX;0.33070990443229675;0.6037051677703857;-0.14923305809497833;0.9161330461502075;0.9997707009315491;True
54;20;RIGHT_INDEX;0.3485362231731415;0.6658061146736145;0.04899017885327339;0.7395399212837219;0.9998331069946289;True
54;21;LEFT_THUMB;0.3342715799808502;0.6040676236152649;-0.1340351551771164;0.8609399795532227;0.9998838901519775;True
54;22;RIGHT_THUMB;0.35082289576530457;0.6644924283027649;0.05589824914932251;0.7205826640129089;0.9999164342880249;True
54;23;LEFT_HIP;0.37922272086143494;0.7213482856750488;-0.040905751287937164;0.9999740719795227;0.9999996423721313;True
54;24;RIGHT_HIP;0.4078492522239685;0.7272393703460693;0.040708404034376144;0.9999734163284302;0.9999995231628418;True
54;25;LEFT_KNEE;0.3474476635456085;0.8193302750587463;-0.016834495589137077;0.952734649181366;0.999996542930603;True
54;26;RIGHT_KNEE;0.39068302512168884;0.8263477087020874;0.04417981207370758;0.740737795829773;0.9999939203262329;True
54;27;LEFT_ANKLE;0.3114253878593445;0.9239386916160583;-0.026852022856473923;0.9015529155731201;0.999970555305481;True
54;28;RIGHT_ANKLE;0.420248806476593;0.9258273243904114;0.05065865442156792;0.8127954602241516;0.9999864101409912;True
54;29;LEFT_HEEL;0.30952513217926025;0.9457808136940002;-0.03030361421406269;0.9203536510467529;0.9998875856399536;True
54;30;RIGHT_HEEL;0.42814233899116516;0.9429904818534851;0.050914108753204346;0.9037221074104309;0.9999703168869019;True
54;31;LEFT_FOOT_INDEX;0.3036609888076782;0.9481103420257568;-0.058331672102212906;0.871819019317627;0.9997521042823792;True
54;32;RIGHT_FOOT_INDEX;0.4017474055290222;0.9482797384262085;0.03731494024395943;0.7984985113143921;0.9998613595962524;True
55;0;NOSE;0.3904664218425751;0.5099668502807617;0.16462843120098114;0.9989922046661377;0.9999208450317383;True
55;1;LEFT_EYE_INNER;0.3894492983818054;0.5024387240409851;0.14580276608467102;0.9987695217132568;0.9998884201049805;True
55;2;LEFT_EYE;0.38792046904563904;0.5020957589149475;0.1456971913576126;0.9986533522605896;0.9999037981033325;True
55;3;LEFT_EYE_OUTER;0.3863859474658966;0.5018288493156433;0.14568713307380676;0.999148964881897;0.9998915195465088;True
55;4;RIGHT_EYE_INNER;0.3940702974796295;0.5036171078681946;0.15267950296401978;0.9991167187690735;0.9998425245285034;True
55;5;RIGHT_EYE;0.39591214060783386;0.5039713978767395;0.15254077315330505;0.999086856842041;0.999864935874939;True
55;6;RIGHT_EYE_OUTER;0.39775097370147705;0.5043306946754456;0.15252454578876495;0.9993782639503479;0.9998440742492676;True
55;7;LEFT_EAR;0.3849620223045349;0.5069655776023865;0.07225941866636276;0.9992905855178833;0.9999339580535889;True
55;8;RIGHT_EAR;0.401029497385025;0.5104526877403259;0.1065036877989769;0.998662531375885;0.99983811378479;True
55;9;MOUTH_LEFT;0.3878030776977539;0.5180284976959229;0.14253996312618256;0.9988991022109985;0.9999513626098633;True
55;10;MOUTH_RIGHT;0.39228057861328125;0.5193096995353699;0.1507921814918518;0.9985939264297485;0.9998795986175537;True
55;11;LEFT_SHOULDER;0.3708607852458954;0.5607538223266602;0.006173943635076284;0.9999833703041077;0.9999840259552002;True
55;12;RIGHT_SHOULDER;0.4156106412410736;0.5748612284660339;0.11018015444278717;0.9998968839645386;0.9998979568481445;True
55;13;LEFT_ELBOW;0.3388387858867645;0.6077470779418945;-0.016513319686055183;0.9619088172912598;0.9997432827949524;True
55;14;RIGHT_ELBOW;0.38744357228279114;0.6429679989814758;0.1283699870109558;0.5151572823524475;0.9992757439613342;True
55;15;LEFT_WRIST;0.33592116832733154;0.6036739945411682;0.03228022903203964;0.8703762292861938;0.9998546838760376;True
55;16;RIGHT_WRIST;0.35520681738853455;0.6576576232910156;0.17645792663097382;0.6686896085739136;0.9998830556869507;True
55;17;LEFT_PINKY;0.33150357007980347;0.6038776636123657;0.03328905627131462;0.8623393177986145;0.9995912909507751;True
55;18;RIGHT_PINKY;0.3478149473667145;0.6610845923423767;0.18943364918231964;0.6842555403709412;0.9997881054878235;True
55;19;LEFT_INDEX;0.3340768814086914;0.5999425053596497;0.03540010377764702;0.8548166155815125;0.9994940757751465;True
55;20;RIGHT_INDEX;0.3453599810600281;0.6598283648490906;0.1782722771167755;0.6785560846328735;0.9997599720954895;True
55;21;LEFT_THUMB;0.33543771505355835;0.6000226736068726;0.035159144550561905;0.7980053424835205;0.9997487664222717;True
55;22;RIGHT_THUMB;0.3494945168495178;0.6583332419395447;0.172044038772583;0.6611667275428772;0.9998831748962402;True
55;23;LEFT_HIP;0.3783210813999176;0.7221624255180359;-0.03451580926775932;0.999973714351654;0.9999977350234985;True
55;24;RIGHT_HIP;0.40766099095344543;0.7275776863098145;0.03435850515961647;0.9999726414680481;0.9999977350234985;True
55;25;LEFT_KNEE;0.3481568992137909;0.8193168640136719;-0.011039655655622482;0.9547560214996338;0.9999802112579346;True
55;26;RIGHT_KNEE;0.39243561029434204;0.8271989226341248;0.036593370139598846;0.755181610584259;0.9999814033508301;True
55;27;LEFT_ANKLE;0.3115023374557495;0.9246261119842529;-0.02752884291112423;0.9100998640060425;0.9998626708984375;True
55;28;RIGHT_ANKLE;0.4201711118221283;0.9255639910697937;0.031598035246133804;0.8247058391571045;0.999913215637207;True
55;29;LEFT_HEEL;0.30913883447647095;0.9475277662277222;-0.030713725835084915;0.9266799688339233;0.9995120763778687;True
55;30;RIGHT_HEEL;0.42851021885871887;0.9421749114990234;0.03143123537302017;0.9100276827812195;0.9998143315315247;True
55;31;LEFT_FOOT_INDEX;0.3041497766971588;0.9472810626029968;-0.052723824977874756;0.8733506202697754;0.9989112615585327;True
55;32;RIGHT_FOOT_INDEX;0.4020293653011322;0.9485561847686768;0.028159402310848236;0.7897815704345703;0.9993155002593994;True
56;0;NOSE;0.39030033349990845;0.5090644359588623;0.1779109686613083;0.9989970326423645;0.9999884366989136;True
56;1;LEFT_EYE_INNER;0.3893847167491913;0.5014739632606506;0.15862464904785156;0.9987995028495789;0.9999858140945435;True
56;2;LEFT_EYE;0.3879038989543915;0.5011581182479858;0.1585095077753067;0.9987013936042786;0.9999874830245972;True
56;3;LEFT_EYE_OUTER;0.38641807436943054;0.5009511113166809;0.1584973782300949;0.9991700649261475;0.9999860525131226;True
56;4;RIGHT_EYE_INNER;0.3938722312450409;0.5024921894073486;0.16405771672725677;0.9991466999053955;0.9999780654907227;True
56;5;RIGHT_EYE;0.3956872224807739;0.5027620196342468;0.16388720273971558;0.9991247653961182;0.9999796152114868;True
56;6;RIGHT_EYE_OUTER;0.3974529206752777;0.5029773116111755;0.16384844481945038;0.9993995428085327;0.9999747276306152;True
56;7;LEFT_EAR;0.38517358899116516;0.5064489245414734;0.07349436730146408;0.9993234872817993;0.9999924898147583;True
56;8;RIGHT_EAR;0.40060412883758545;0.5089622139930725;0.11951993405818939;0.9987357258796692;0.9999741315841675;True
56;9;MOUTH_LEFT;0.38767674565315247;0.5175540447235107;0.15430016815662384;0.9988492131233215;0.99998939037323;True
56;10;MOUTH_RIGHT;0.39196738600730896;0.5184852480888367;0.16087865829467773;0.9985673427581787;0.9999704360961914;True
56;11;LEFT_SHOULDER;0.3709036409854889;0.5607263445854187;0.0152980862185359;0.999979555606842;0.9999940395355225;True
56;12;RIGHT_SHOULDER;0.41535240411758423;0.5729228258132935;0.12238766252994537;0.9998825192451477;0.999931812286377;True
56;13;LEFT_ELBOW;0.33679744601249695;0.6062829494476318;0.048343442380428314;0.9544420838356018;0.9998828172683716;True
56;14;RIGHT_ELBOW;0.3888806700706482;0.641628623008728;0.1678040623664856;0.46559926867485046;0.9991902709007263;True
56;15;LEFT_WRIST;0.33568888902664185;0.6015728116035461;0.16600960493087769;0.816003680229187;0.9999432563781738;True
56;16;RIGHT_WRIST;0.3580858111381531;0.654472827911377;0.23492880165576935;0.6087212562561035;0.9999150037765503;True
56;17;LEFT_PINKY;0.33082205057144165;0.6013144850730896;0.17872342467308044;0.808635950088501;0.999834418296814;True
56;18;RIGHT_PINKY;0.35125789046287537;0.6602999567985535;0.25243255496025085;0.6263343691825867;0.9998749494552612;True
56;19;LEFT_INDEX;0.3335861265659332;0.5968448519706726;0.17942477762699127;0.8006255030632019;0.9997733235359192;True
56;20;RIGHT_INDEX;0.35020115971565247;0.6552759408950806;0.24434903264045715;0.6207717061042786;0.9998526573181152;True
56;21;LEFT_THUMB;0.3348643481731415;0.5972426533699036;0.17018535733222961;0.7443100214004517;0.9998897314071655;True
56;22;RIGHT_THUMB;0.3529472053050995;0.6538925170898438;0.23234720528125763;0.6053967475891113;0.9999221563339233;True
56;23;LEFT_HIP;0.37803104519844055;0.7220968008041382;-0.03422161564230919;0.9999735951423645;0.9999982118606567;True
56;24;RIGHT_HIP;0.407845139503479;0.7272438406944275;0.03407726064324379;0.9999716281890869;0.9999974966049194;True
56;25;LEFT_KNEE;0.3491571545600891;0.8192754983901978;-0.00963134877383709;0.9583651423454285;0.9999876022338867;True
56;26;RIGHT_KNEE;0.3923616409301758;0.8270206451416016;0.037114210426807404;0.772390604019165;0.9999827146530151;True
56;27;LEFT_ANKLE;0.3117314875125885;0.9253720045089722;-0.03068997710943222;0.9184473752975464;0.9999178647994995;True
56;28;RIGHT_ANKLE;0.4199681282043457;0.9247617125511169;0.039907075464725494;0.8386250734329224;0.9999390840530396;True
56;29;LEFT_HEEL;0.3093109428882599;0.9474993348121643;-0.0338984839618206;0.9330489635467529;0.9997150301933289;True
56;30;RIGHT_HEEL;0.42901769280433655;0.9410415291786194;0.039556629955768585;0.9172009825706482;0.9998836517333984;True
56;31;LEFT_FOOT_INDEX;0.3037354052066803;0.9472044110298157;-0.052345823496580124;0.8803039789199829;0.9992601275444031;True
56;32;RIGHT_FOOT_INDEX;0.40233510732650757;0.9483020901679993;0.042011309415102005;0.7953457236289978;0.9995543360710144;True
57;0;NOSE;0.38474422693252563;0.4955426752567291;0.17145924270153046;0.9990589618682861;0.9999905824661255;True
57;1;LEFT_EYE_INNER;0.38349977135658264;0.487387478351593;0.15268954634666443;0.9988910555839539;0.9999920129776001;True
57;2;LEFT_EYE;0.381725013256073;0.4872279465198517;0.15257607400417328;0.9988074898719788;0.9999940395355225;True
57;3;LEFT_EYE_OUTER;0.3800479769706726;0.4869505763053894;0.15256014466285706;0.9992368817329407;0.9999943971633911;True
57;4;RIGHT_EYE_INNER;0.3884119689464569;0.48828408122062683;0.15968242287635803;0.9992074966430664;0.9999810457229614;True
57;5;RIGHT_EYE;0.3901911973953247;0.48875072598457336;0.1595192551612854;0.9991858005523682;0.9999794960021973;True
57;6;RIGHT_EYE_OUTER;0.39195626974105835;0.4892284870147705;0.15950512886047363;0.9994370341300964;0.9999727010726929;True
57;7;LEFT_EAR;0.3785378336906433;0.4915001094341278;0.07803720980882645;0.9993844628334045;0.9999979734420776;True
57;8;RIGHT_EAR;0.39457473158836365;0.4957883059978485;0.11840097606182098;0.998837411403656;0.9999755620956421;True
57;9;MOUTH_LEFT;0.3806321918964386;0.5040154457092285;0.1500522643327713;0.9989126920700073;0.9999929666519165;True
57;10;MOUTH_RIGHT;0.385648638010025;0.5055796504020691;0.15795280039310455;0.9986446499824524;0.9999698400497437;True
57;11;LEFT_SHOULDER;0.3617505133152008;0.538242757320404;0.014569302089512348;0.9999768733978271;0.9999966621398926;True
57;12;RIGHT_SHOULDER;0.40455982089042664;0.5546708703041077;0.1286853402853012;0.9998368620872498;0.9998193383216858;True
57;13;LEFT_ELBOW;0.33053770661354065;0.551795244216919;0.061326198279857635;0.956085205078125;0.9999547004699707;True
57;14;RIGHT_ELBOW;0.37963688373565674;0.5873032212257385;0.21551413834095;0.4213939905166626;0.9982272982597351;True
57;15;LEFT_WRIST;0.3338414430618286;0.5076507925987244;0.2006959468126297;0.8171424865722656;0.9999805688858032;True
57;16;RIGHT_WRIST;0.35641881823539734;0.5635093450546265;0.3146750330924988;0.551730751991272;0.9997575879096985;True
57;17;LEFT_PINKY;0.33324065804481506;0.5007705688476562;0.21422597765922546;0.808415949344635;0.999937891960144;True
57;18;RIGHT_PINKY;0.3532746434211731;0.5573762655258179;0.3372518718242645;0.5705994963645935;0.9997417330741882;True
57;19;LEFT_INDEX;0.33648574352264404;0.4989958107471466;0.21365195512771606;0.8007151484489441;0.9999053478240967;True
57;20;RIGHT_INDEX;0.351224422454834;0.5557442307472229;0.33070704340934753;0.5654240250587463;0.9996618032455444;True
57;21;LEFT_THUMB;0.33709436655044556;0.5028366446495056;0.20449095964431763;0.7448775172233582;0.9999566078186035;True
57;22;RIGHT_THUMB;0.34727659821510315;0.5523642897605896;0.31314241886138916;0.5523574352264404;0.9997972846031189;True
57;23;LEFT_HIP;0.36518245935440063;0.7072957754135132;-0.036834001541137695;0.9999743700027466;0.9999984502792358;True
57;24;RIGHT_HIP;0.39438343048095703;0.711029052734375;0.03670160844922066;0.9999708533287048;0.9999959468841553;True
57;25;LEFT_KNEE;0.3385241627693176;0.8144566416740417;-0.020560991019010544;0.9621482491493225;0.999994158744812;True
57;26;RIGHT_KNEE;0.38954824209213257;0.8220375180244446;0.03373018279671669;0.7925872802734375;0.9999873638153076;True
57;27;LEFT_ANKLE;0.31122875213623047;0.9249715805053711;-0.04316035658121109;0.9262994527816772;0.9999626874923706;True
57;28;RIGHT_ANKLE;0.4181760549545288;0.9205840229988098;0.025349963456392288;0.8534101843833923;0.9999680519104004;True
57;29;LEFT_HEEL;0.31138259172439575;0.9466104507446289;-0.0457029789686203;0.9390823245048523;0.9998714923858643;True
57;30;RIGHT_HEEL;0.4277399480342865;0.9361370801925659;0.024811092764139175;0.9244422912597656;0.9999366998672485;True
57;31;LEFT_FOOT_INDEX;0.30395829677581787;0.9478534460067749;-0.06355945765972137;0.8901805877685547;0.9996765851974487;True
57;32;RIGHT_FOOT_INDEX;0.4026719033718109;0.948331356048584;0.018376538529992104;0.8104255199432373;0.9997720122337341;True
58;0;NOSE;0.3819238245487213;0.4918809235095978;0.11144843697547913;0.9990866780281067;0.9999681711196899;True
58;1;LEFT_EYE_INNER;0.3813582956790924;0.4840250015258789;0.09197282046079636;0.998961865901947;0.9999735355377197;True
58;2;LEFT_EYE;0.3799896836280823;0.4837873578071594;0.09186560660600662;0.9988908767700195;0.9999792575836182;True
58;3;LEFT_EYE_OUTER;0.37860816717147827;0.48348110914230347;0.09185456484556198;0.9992882609367371;0.9999788999557495;True
58;4;RIGHT_EYE_INNER;0.3859466016292572;0.48505061864852905;0.10105155408382416;0.999255895614624;0.999947190284729;True
58;5;RIGHT_EYE;0.38796377182006836;0.48546019196510315;0.10086733847856522;0.9992349147796631;0.9999490976333618;True
58;6;RIGHT_EYE_OUTER;0.3900253474712372;0.4858661890029907;0.10083925724029541;0.9994676113128662;0.9999382495880127;True
58;7;LEFT_EAR;0.37669292092323303;0.4880090653896332;0.02230398915708065;0.9994373917579651;0.9999922513961792;True
58;8;RIGHT_EAR;0.39243996143341064;0.492359459400177;0.0636153295636177;0.9989293217658997;0.999957799911499;True
58;9;MOUTH_LEFT;0.37888839840888977;0.5002930760383606;0.09162668883800507;0.9989677667617798;0.9999833106994629;True
58;10;MOUTH_RIGHT;0.3832801878452301;0.5013498067855835;0.10229592025279999;0.9987210035324097;0.9999462366104126;True
58;11;LEFT_SHOULDER;0.3604981601238251;0.5351309776306152;-0.03322163224220276;0.999971866607666;0.9999934434890747;True
58;12;RIGHT_SHOULDER;0.4031849205493927;0.5502399802207947;0.09925501048564911;0.9998006820678711;0.9998701810836792;True
58;13;LEFT_ELBOW;0.3285142481327057;0.5498467683792114;0.01755036599934101;0.9565892815589905;0.9998452663421631;True
58;14;RIGHT_ELBOW;0.3817024827003479;0.5816786885261536;0.1892218291759491;0.3814433813095093;0.9980124235153198;True
58;15;LEFT_WRIST;0.33356475830078125;0.5054630041122437;0.1575620472431183;0.8097045421600342;0.9999514818191528;True
58;16;RIGHT_WRIST;0.3581518232822418;0.5557616353034973;0.2888832092285156;0.5007004737854004;0.9997175335884094;True
58;17;LEFT_PINKY;0.3338484466075897;0.4959452748298645;0.17240984737873077;0.7988770008087158;0.9998668432235718;True
58;18;RIGHT_PINKY;0.35703325271606445;0.5521543622016907;0.3125852346420288;0.5210586190223694;0.9996894598007202;True
58;19;LEFT_INDEX;0.3382968008518219;0.4949693977832794;0.1717013716697693;0.7914010882377625;0.9997914433479309;True
58;20;RIGHT_INDEX;0.3551923632621765;0.5505618453025818;0.3050743043422699;0.5161425471305847;0.9995871186256409;True
58;21;LEFT_THUMB;0.3386954069137573;0.4995167553424835;0.16183099150657654;0.7346381545066833;0.9998975992202759;True
58;22;RIGHT_THUMB;0.3539251387119293;0.5500658750534058;0.28742727637290955;0.5052298903465271;0.9997344613075256;True
58;23;LEFT_HIP;0.364338755607605;0.7033144235610962;-0.03828940913081169;0.9999743700027466;0.9999966621398926;True
58;24;RIGHT_HIP;0.3925855755805969;0.7086688876152039;0.03814277425408363;0.9999698400497437;0.9999943971633911;True
58;25;LEFT_KNEE;0.3372042775154114;0.8138061165809631;-0.03360044211149216;0.9653492569923401;0.9999638795852661;True
58;26;RIGHT_KNEE;0.38873782753944397;0.8201791048049927;0.002869697753340006;0.810873806476593;0.9999657869338989;True
58;27;LEFT_ANKLE;0.31035059690475464;0.9251851439476013;-0.054442692548036575;0.9332464337348938;0.9998561143875122;True
58;28;RIGHT_ANKLE;0.41767385601997375;0.9190277457237244;-0.023848455399274826;0.8664038777351379;0.999934196472168;True
58;29;LEFT_HEEL;0.31080856919288635;0.9463449716567993;-0.05684550106525421;0.9439399838447571;0.9995160102844238;True
58;30;RIGHT_HEEL;0.42709124088287354;0.9330331087112427;-0.0257688257843256;0.9304800629615784;0.9998611211776733;True
58;31;LEFT_FOOT_INDEX;0.2971965968608856;0.9534515142440796;-0.07296010106801987;0.8986184597015381;0.9990112781524658;True
58;32;RIGHT_FOOT_INDEX;0.4028358459472656;0.9490874409675598;-0.031859833747148514;0.8233910202980042;0.999458372592926;True
59;0;NOSE;0.3795239329338074;0.48050203919410706;0.13995958864688873;0.9991478323936462;0.9999986886978149;True
59;1;LEFT_EYE_INNER;0.37918779253959656;0.4724442958831787;0.12717005610466003;0.9990434646606445;0.9999983310699463;True
59;2;LEFT_EYE;0.37775447964668274;0.47180747985839844;0.1270880550146103;0.9989793300628662;0.9999984502792358;True
59;3;LEFT_EYE_OUTER;0.3763096034526825;0.4712253212928772;0.1269294172525406;0.9993419647216797;0.9999982118606567;True
59;4;RIGHT_EYE_INNER;0.383657842874527;0.47390761971473694;0.10361368209123611;0.9993196725845337;0.9999974966049194;True
59;5;RIGHT_EYE;0.3855387270450592;0.4743709862232208;0.10280171036720276;0.9993021488189697;0.9999977350234985;True
59;6;RIGHT_EYE_OUTER;0.38749396800994873;0.4749135375022888;0.10196267813444138;0.9995133876800537;0.9999972581863403;True
59;7;LEFT_EAR;0.3743647336959839;0.47525906562805176;0.07571742683649063;0.9994841814041138;0.9999988079071045;True
59;8;RIGHT_EAR;0.3903335928916931;0.4820536971092224;0.09674381464719772;0.9990227818489075;0.9999970197677612;True
59;9;MOUTH_LEFT;0.3761788010597229;0.4871993958950043;0.12903030216693878;0.9990247488021851;0.9999978542327881;True
59;10;MOUTH_RIGHT;0.38102689385414124;0.4896765351295471;0.10522338002920151;0.9988122582435608;0.9999958276748657;True
59;11;LEFT_SHOULDER;0.35769209265708923;0.5144277811050415;0.029481464996933937;0.9999728202819824;0.9999978542327881;True
59;12;RIGHT_SHOULDER;0.3995005488395691;0.5409393310546875;0.09502045065164566;0.9998164176940918;0.9999920129776001;True
59;13;LEFT_ELBOW;0.3244432210922241;0.5164597630500793;0.08834625035524368;0.9586784243583679;0.9999939203262329;True
59;14;RIGHT_ELBOW;0.3957982063293457;0.5942684412002563;0.07301411777734756;0.39399126172065735;0.9998745918273926;True
59;15;LEFT_WRIST;0.33635076880455017;0.4730417728424072;0.2043023556470871;0.8179258108139038;0.9999958276748657;True
59;16;RIGHT_WRIST;0.36337459087371826;0.655665934085846;0.04093191400170326;0.4845024645328522;0.9999449253082275;True
59;17;LEFT_PINKY;0.3378520607948303;0.45680028200149536;0.21534641087055206;0.8052229881286621;0.999982476234436;True
59;18;RIGHT_PINKY;0.3698389232158661;0.6753993034362793;0.038876280188560486;0.5031288266181946;0.9999138116836548;True
59;19;LEFT_INDEX;0.3420828878879547;0.4555688798427582;0.21127785742282867;0.7988610863685608;0.9999731779098511;True
59;20;RIGHT_INDEX;0.3576960563659668;0.6754776835441589;0.0325031504034996;0.4974837005138397;0.9998915195465088;True
59;21;LEFT_THUMB;0.3422650992870331;0.46311473846435547;0.20598579943180084;0.7424764633178711;0.9999877214431763;True
59;22;RIGHT_THUMB;0.3552285432815552;0.6681826710700989;0.03713519871234894;0.48057547211647034;0.9999401569366455;True
59;23;LEFT_HIP;0.35951727628707886;0.6912449598312378;-0.03160203620791435;0.9999765753746033;0.9999998807907104;True
59;24;RIGHT_HIP;0.3878312408924103;0.6959314346313477;0.031467635184526443;0.9999723434448242;0.9999997615814209;True
59;25;LEFT_KNEE;0.33355510234832764;0.810311496257782;-0.03993381932377815;0.9685339331626892;0.999996542930603;True
59;26;RIGHT_KNEE;0.38840439915657043;0.8127906918525696;-0.0005222918698564172;0.8260517716407776;0.9999924898147583;True
59;27;LEFT_ANKLE;0.3106841742992401;0.9245331287384033;-0.07182875275611877;0.9393923282623291;0.9999796152114868;True
59;28;RIGHT_ANKLE;0.4171745181083679;0.9173439741134644;-0.009470229037106037;0.8771231770515442;0.9999822378158569;True
59;29;LEFT_HEEL;0.3115552067756653;0.9455220699310303;-0.07642387598752975;0.9487860798835754;0.9999287128448486;True
59;30;RIGHT_HEEL;0.4256366789340973;0.9311164021492004;-0.010148171335458755;0.9361783266067505;0.9999675750732422;True
59;31;LEFT_FOOT_INDEX;0.30113476514816284;0.9538781046867371;-0.10470756143331528;0.9053276777267456;0.9998652935028076;True
59;32;RIGHT_FOOT_INDEX;0.4034349322319031;0.9493303298950195;-0.02459730952978134;0.830588161945343;0.9999048709869385;True
60;0;NOSE;0.37677568197250366;0.46205586194992065;0.14580591022968292;0.9992198348045349;0.9999995231628418;True
60;1;LEFT_EYE_INNER;0.3763924539089203;0.45481690764427185;0.13858148455619812;0.9991288185119629;0.9999992847442627;True
60;2;LEFT_EYE;0.3747450113296509;0.4543989896774292;0.13854290544986725;0.9990695714950562;0.9999992847442627;True
60;3;LEFT_EYE_OUTER;0.3730299770832062;0.4539110064506531;0.138396754860878;0.9993980526924133;0.9999991655349731;True
60;4;RIGHT_EYE_INNER;0.3809027671813965;0.45586511492729187;0.1270773559808731;0.999383807182312;0.9999991655349731;True
60;5;RIGHT_EYE;0.38262978196144104;0.4562716484069824;0.1267482042312622;0.9993686676025391;0.9999992847442627;True
60;6;RIGHT_EYE_OUTER;0.38447561860084534;0.4566848576068878;0.12647148966789246;0.9995596408843994;0.9999991655349731;True
60;7;LEFT_EAR;0.37079906463623047;0.45787927508354187;0.0906861200928688;0.9995299577713013;0.9999992847442627;True
60;8;RIGHT_EAR;0.38729047775268555;0.4640689492225647;0.09456021338701248;0.9991165399551392;0.9999991655349731;True
60;9;MOUTH_LEFT;0.37346550822257996;0.46892696619033813;0.14003749191761017;0.9990973472595215;0.999998927116394;True
60;10;MOUTH_RIGHT;0.37808993458747864;0.4714241921901703;0.12859520316123962;0.9989156126976013;0.9999984502792358;True
60;11;LEFT_SHOULDER;0.3516710102558136;0.49575117230415344;0.055117033421993256;0.9999728798866272;0.9999977350234985;True
60;12;RIGHT_SHOULDER;0.3951267898082733;0.5250733494758606;0.06565269082784653;0.9998319745063782;0.9999966621398926;True
60;13;LEFT_ELBOW;0.32344791293144226;0.4813426733016968;0.12309567630290985;0.959796130657196;0.999995231628418;True
60;14;RIGHT_ELBOW;0.39648425579071045;0.5996847152709961;0.036214929074048996;0.41778916120529175;0.9999319314956665;True
60;15;LEFT_WRIST;0.33798402547836304;0.43476131558418274;0.24261078238487244;0.8259376287460327;0.999996542930603;True
60;16;RIGHT_WRIST;0.3759974241256714;0.6626566052436829;0.01815486140549183;0.4863376021385193;0.9999808073043823;True
60;17;LEFT_PINKY;0.339429646730423;0.41871729493141174;0.25890451669692993;0.8119726181030273;0.9999837875366211;True
60;18;RIGHT_PINKY;0.3725612461566925;0.685301661491394;0.01559990644454956;0.49964311718940735;0.9999668598175049;True
60;19;LEFT_INDEX;0.34282538294792175;0.41785091161727905;0.2522144019603729;0.8064551949501038;0.9999755620956421;True
60;20;RIGHT_INDEX;0.36196067929267883;0.6868255138397217;0.01186315156519413;0.4920652210712433;0.9999586343765259;True
60;21;LEFT_THUMB;0.34282463788986206;0.42445436120033264;0.24340176582336426;0.7513691782951355;0.9999891519546509;True
60;22;RIGHT_THUMB;0.3574969172477722;0.6788384914398193;0.01602458395063877;0.4669710695743561;0.9999780654907227;True
60;23;LEFT_HIP;0.35438719391822815;0.6770398616790771;-0.01077460590749979;0.9999785423278809;0.9999998807907104;True
60;24;RIGHT_HIP;0.38365310430526733;0.6803744435310364;0.010604599490761757;0.9999747276306152;0.9999998807907104;True
60;25;LEFT_KNEE;0.3316635489463806;0.8037797808647156;-0.03733888640999794;0.9712840914726257;0.999995231628418;True
60;26;RIGHT_KNEE;0.38846224546432495;0.8011854290962219;-0.03505871817469597;0.8423298001289368;0.9999922513961792;True
60;27;LEFT_ANKLE;0.31247392296791077;0.9228608012199402;-0.08797059953212738;0.9447621703147888;0.9999779462814331;True
60;28;RIGHT_ANKLE;0.4146454632282257;0.9132992029190063;-0.06385459005832672;0.8879841566085815;0.9999805688858032;True
60;29;LEFT_HEEL;0.3129788339138031;0.9443519115447998;-0.09509936720132828;0.9528007507324219;0.9999122619628906;True
60;30;RIGHT_HEEL;0.4191592335700989;0.9314362406730652;-0.06673650443553925;0.9415445923805237;0.9999628067016602;True
60;31;LEFT_FOOT_INDEX;0.3035464286804199;0.9533228278160095;-0.1274005025625229;0.9104598760604858;0.9998767375946045;True
60;32;RIGHT_FOOT_INDEX;0.40682539343833923;0.9462031126022339;-0.0860132947564125;0.8400641679763794;0.9999128580093384;True
61;0;NOSE;0.3764576017856598;0.45952361822128296;0.15168814361095428;0.9992896914482117;0.9999997615814209;True
61;1;LEFT_EYE_INNER;0.375965416431427;0.45164892077445984;0.14003168046474457;0.999208927154541;0.9999996423721313;True
61;2;LEFT_EYE;0.3745802640914917;0.4513660669326782;0.13997334241867065;0.9991545677185059;0.9999996423721313;True
61;3;LEFT_EYE_OUTER;0.37308037281036377;0.45095762610435486;0.1398947685956955;0.9994507431983948;0.9999994039535522;True
61;4;RIGHT_EYE_INNER;0.38022753596305847;0.4524223804473877;0.13826599717140198;0.9994431138038635;0.9999996423721313;True
61;5;RIGHT_EYE;0.3820032775402069;0.45289257168769836;0.13804347813129425;0.9994300603866577;0.9999997615814209;True
61;6;RIGHT_EYE_OUTER;0.38393598794937134;0.4534603953361511;0.13792838156223297;0.9996024370193481;0.9999996423721313;True
61;7;LEFT_EAR;0.37027186155319214;0.45466265082359314;0.08949272334575653;0.9995711445808411;0.9999994039535522;True
61;8;RIGHT_EAR;0.38641899824142456;0.46009886264801025;0.09087353199720383;0.9992027282714844;0.9999996423721313;True
61;9;MOUTH_LEFT;0.3735712766647339;0.46747833490371704;0.13947679102420807;0.9991675019264221;0.9999992847442627;True
61;10;MOUTH_RIGHT;0.37789279222488403;0.46930286288261414;0.1366841048002243;0.9990143775939941;0.9999991655349731;True
61;11;LEFT_SHOULDER;0.3525031507015228;0.4978215992450714;0.04524528607726097;0.9999722242355347;0.9999971389770508;True
61;12;RIGHT_SHOULDER;0.39451706409454346;0.5202614068984985;0.0649791806936264;0.9998473525047302;0.9999986886978149;True
61;13;LEFT_ELBOW;0.32425233721733093;0.47889256477355957;0.10170551389455795;0.9613268375396729;0.9999940395355225;True
61;14;RIGHT_ELBOW;0.39732566475868225;0.6023543477058411;0.05241982266306877;0.46141964197158813;0.9999793767929077;True
61;15;LEFT_WRIST;0.3386572003364563;0.4313335120677948;0.21171261370182037;0.8308420181274414;0.9999951124191284;True
61;16;RIGHT_WRIST;0.38173967599868774;0.6684558391571045;0.04357297345995903;0.5226898193359375;0.9999972581863403;True
61;17;LEFT_PINKY;0.34057876467704773;0.41643908619880676;0.2261268049478531;0.8150989413261414;0.9999786615371704;True
61;18;RIGHT_PINKY;0.37610509991645813;0.6895080208778381;0.04240488260984421;0.53007972240448;0.9999945163726807;True
61;19;LEFT_INDEX;0.3439736068248749;0.4160104990005493;0.21909262239933014;0.810131847858429;0.9999686479568481;True
61;20;RIGHT_INDEX;0.3745051920413971;0.6909412741661072;0.03721097856760025;0.5218927264213562;0.9999933242797852;True
61;21;LEFT_THUMB;0.34373489022254944;0.4226136803627014;0.21236640214920044;0.7555364966392517;0.999985933303833;True
61;22;RIGHT_THUMB;0.3647439777851105;0.6834219694137573;0.041233163326978683;0.4898766875267029;0.999996542930603;True
61;23;LEFT_HIP;0.353448748588562;0.6769927144050598;-0.011364778503775597;0.9999802112579346;0.9999997615814209;True
61;24;RIGHT_HIP;0.38324984908103943;0.6779934167861938;0.011184917762875557;0.9999768733978271;0.9999998807907104;True
61;25;LEFT_KNEE;0.331114798784256;0.8025768399238586;-0.03701472654938698;0.9737676382064819;0.9999916553497314;True
61;26;RIGHT_KNEE;0.38908469676971436;0.7971611022949219;-0.047998830676078796;0.8574517369270325;0.9999934434890747;True
61;27;LEFT_ANKLE;0.31273555755615234;0.9226243495941162;-0.09536830335855484;0.9495452642440796;0.9999651908874512;True
61;28;RIGHT_ANKLE;0.413708359003067;0.91047203540802;-0.09041113406419754;0.8980002999305725;0.999981164932251;True
61;29;LEFT_HEEL;0.3132363557815552;0.9442381858825684;-0.10325869917869568;0.9562292098999023;0.9998704195022583;True
61;30;RIGHT_HEEL;0.41842424869537354;0.9305704236030579;-0.09470202028751373;0.9464054703712463;0.9999629259109497;True
61;31;LEFT_FOOT_INDEX;0.3031853139400482;0.9532743096351624;-0.1356377750635147;0.9147534966468811;0.9998561143875122;True
61;32;RIGHT_FOOT_INDEX;0.4074196517467499;0.9459482431411743;-0.11576361209154129;0.849666953086853;0.9999195337295532;True
62;0;NOSE;0.3744790852069855;0.44501134753227234;0.1537623405456543;0.999356746673584;0.9999998807907104;True
62;1;LEFT_EYE_INNER;0.37381312251091003;0.437546044588089;0.14015789330005646;0.9992846846580505;0.9999997615814209;True
62;2;LEFT_EYE;0.3724653422832489;0.4370991587638855;0.14006397128105164;0.999235212802887;0.9999997615814209;True
62;3;LEFT_EYE_OUTER;0.3709416091442108;0.43654292821884155;0.14000879228115082;0.9995020031929016;0.9999997615814209;True
62;4;RIGHT_EYE_INNER;0.3778993487358093;0.43879202008247375;0.14309543371200562;0.999497652053833;0.9999997615814209;True
62;5;RIGHT_EYE;0.379717081785202;0.4393787086009979;0.14290477335453033;0.9994861483573914;0.9999997615814209;True
62;6;RIGHT_EYE_OUTER;0.3816488981246948;0.43987521529197693;0.14283297955989838;0.999641478061676;0.9999997615814209;True
62;7;LEFT_EAR;0.3681749403476715;0.4404623508453369;0.08891673386096954;0.9996117949485779;0.9999997615814209;True
62;8;RIGHT_EAR;0.3841313123703003;0.44724059104919434;0.0913478285074234;0.9992814064025879;0.9999997615814209;True
62;9;MOUTH_LEFT;0.3717792332172394;0.4529283940792084;0.14036305248737335;0.9992418885231018;0.9999995231628418;True
62;10;MOUTH_RIGHT;0.37575700879096985;0.4548562467098236;0.1407604217529297;0.9991081953048706;0.9999994039535522;True
62;11;LEFT_SHOULDER;0.34892958402633667;0.48100852966308594;0.05143577978014946;0.9999730587005615;0.9999984502792358;True
62;12;RIGHT_SHOULDER;0.39289453625679016;0.5077558755874634;0.061077166348695755;0.9998615384101868;0.999998927116394;True
62;13;LEFT_ELBOW;0.32428276538848877;0.45548316836357117;0.09541185200214386;0.9639466404914856;0.999995231628418;True
62;14;RIGHT_ELBOW;0.39721500873565674;0.5963536500930786;0.04833094775676727;0.5042497515678406;0.9999712705612183;True
62;15;LEFT_WRIST;0.3390299379825592;0.40873610973358154;0.19001461565494537;0.842695415019989;0.9999949932098389;True
62;16;RIGHT_WRIST;0.3900660276412964;0.6641658544540405;0.04574039950966835;0.5582286715507507;0.9999940395355225;True
62;17;LEFT_PINKY;0.3401487171649933;0.38954800367355347;0.20271269977092743;0.8267309069633484;0.9999760389328003;True
62;18;RIGHT_PINKY;0.38127318024635315;0.6857297420501709;0.04524289816617966;0.5608689188957214;0.9999879598617554;True
62;19;LEFT_INDEX;0.3440404534339905;0.3900805115699768;0.1974157691001892;0.8222032785415649;0.9999662637710571;True
62;20;RIGHT_INDEX;0.3761177957057953;0.6881574392318726;0.04073859751224518;0.552011251449585;0.9999853372573853;True
62;21;LEFT_THUMB;0.3443964719772339;0.39720940589904785;0.19082693755626678;0.7702889442443848;0.9999847412109375;True
62;22;RIGHT_THUMB;0.37090864777565;0.6804354190826416;0.04395580291748047;0.5150238275527954;0.9999924898147583;True
62;23;LEFT_HIP;0.34961721301078796;0.6620261073112488;-0.006948427762836218;0.9999818801879883;0.9999997615814209;True
62;24;RIGHT_HIP;0.3801274597644806;0.6653322577476501;0.0067575364373624325;0.9999788999557495;0.9999998807907104;True
62;25;LEFT_KNEE;0.330142080783844;0.7901017069816589;-0.04300883784890175;0.9762751460075378;0.999991774559021;True
62;26;RIGHT_KNEE;0.38727501034736633;0.7804461717605591;-0.0603487603366375;0.8714919686317444;0.9999909400939941;True
62;27;LEFT_ANKLE;0.3138135075569153;0.919015645980835;-0.11631329357624054;0.9543667435646057;0.999958872795105;True
62;28;RIGHT_ANKLE;0.41146352887153625;0.9015218019485474;-0.11831799894571304;0.9077652096748352;0.9999656677246094;True
62;29;LEFT_HEEL;0.31510984897613525;0.9407569766044617;-0.12557311356067657;0.9602128863334656;0.9998276233673096;True
62;30;RIGHT_HEEL;0.4150252342224121;0.9220792055130005;-0.12450862675905228;0.9513353705406189;0.9999265670776367;True
62;31;LEFT_FOOT_INDEX;0.30642855167388916;0.9529585242271423;-0.15994688868522644;0.9216640591621399;0.999749481678009;True
62;32;RIGHT_FOOT_INDEX;0.4073350131511688;0.9445297122001648;-0.14967165887355804;0.8619360327720642;0.9998237490653992;True
63;0;NOSE;0.373830646276474;0.4461840093135834;0.1627846509218216;0.9994181990623474;1.0;True
63;1;LEFT_EYE_INNER;0.3731840252876282;0.4381595849990845;0.148776575922966;0.99935382604599;0.9999998807907104;True
63;2;LEFT_EYE;0.37176793813705444;0.43796879053115845;0.1487041860818863;0.9993089437484741;0.9999998807907104;True
63;3;LEFT_EYE_OUTER;0.37023061513900757;0.4376443028450012;0.1486630141735077;0.9995490312576294;0.9999998807907104;True
63;4;RIGHT_EYE_INNER;0.3776840269565582;0.43888911604881287;0.1507854014635086;0.9995471239089966;0.9999998807907104;True
63;5;RIGHT_EYE;0.37956908345222473;0.4394465386867523;0.1505609005689621;0.99953693151474;0.9999998807907104;True
63;6;RIGHT_EYE_OUTER;0.381598562002182;0.43997910618782043;0.15048527717590332;0.9996768832206726;0.9999998807907104;True
63;7;LEFT_EAR;0.3675725758075714;0.44038817286491394;0.09076046943664551;0.9996483325958252;0.9999997615814209;True
63;8;RIGHT_EAR;0.38418757915496826;0.44634440541267395;0.09520114213228226;0.9993525147438049;0.9999998807907104;True
63;9;MOUTH_LEFT;0.3708379566669464;0.4548962712287903;0.1464877724647522;0.9993094205856323;0.9999997615814209;True
63;10;MOUTH_RIGHT;0.375203013420105;0.45622366666793823;0.14708329737186432;0.9991933703422546;0.9999997615814209;True
63;11;LEFT_SHOULDER;0.3505382239818573;0.4819277226924896;0.042784806340932846;0.9999738335609436;0.9999982118606567;True
63;12;RIGHT_SHOULDER;0.3929278254508972;0.5103093385696411;0.07629962265491486;0.9998747110366821;0.9999994039535522;True
63;13;LEFT_ELBOW;0.32487770915031433;0.45587265491485596;0.06565435975790024;0.9666710495948792;0.9999936819076538;True
63;14;RIGHT_ELBOW;0.39695003628730774;0.5977192521095276;0.07536257803440094;0.5463104844093323;0.9999891519546509;True
63;15;LEFT_WRIST;0.33901694416999817;0.406913697719574;0.16762083768844604;0.8533449172973633;0.9999953508377075;True
63;16;RIGHT_WRIST;0.3929661214351654;0.6667006015777588;0.07892502844333649;0.5975049734115601;0.9999991655349731;True
63;17;LEFT_PINKY;0.34068262577056885;0.38911211490631104;0.18519726395606995;0.8375614285469055;0.9999797344207764;True
63;18;RIGHT_PINKY;0.38429656624794006;0.6889215111732483;0.08053474873304367;0.5978820323944092;0.9999979734420776;True
63;19;LEFT_INDEX;0.3445408046245575;0.38921114802360535;0.16485987603664398;0.8335279226303101;0.999974250793457;True
63;20;RIGHT_INDEX;0.3822173774242401;0.6908586621284485;0.07389316707849503;0.5894517302513123;0.9999977350234985;True
63;21;LEFT_THUMB;0.3446364402770996;0.3963954746723175;0.1606774628162384;0.7839149236679077;0.999988317489624;True
63;22;RIGHT_THUMB;0.3769572973251343;0.6847438812255859;0.07636746019124985;0.5517345666885376;0.999998927116394;True
63;23;LEFT_HIP;0.34811288118362427;0.6618647575378418;-0.01405926514416933;0.9999834299087524;0.9999997615814209;True
63;24;RIGHT_HIP;0.3798992931842804;0.6640178561210632;0.01386844553053379;0.9999808073043823;0.9999998807907104;True
63;25;LEFT_KNEE;0.32963037490844727;0.7892928719520569;-0.05944322422146797;0.9784857630729675;0.9999927282333374;True
63;26;RIGHT_KNEE;0.3878331780433655;0.7781379222869873;-0.05749275162816048;0.8840326070785522;0.9999947547912598;True
63;27;LEFT_ANKLE;0.31441327929496765;0.9178149104118347;-0.15021449327468872;0.9586549997329712;0.9999743700027466;True
63;28;RIGHT_ANKLE;0.41068610548973083;0.8978649377822876;-0.12320549041032791;0.9163355827331543;0.9999853372573853;True
63;29;LEFT_HEEL;0.31566381454467773;0.9381163716316223;-0.16123808920383453;0.9637760519981384;0.9998983144760132;True
63;30;RIGHT_HEEL;0.4149034917354584;0.9165636301040649;-0.13004203140735626;0.9556994438171387;0.9999690055847168;True
63;31;LEFT_FOOT_INDEX;0.3063308894634247;0.9525001645088196;-0.1986282765865326;0.9276444911956787;0.9998568296432495;True
63;32;RIGHT_FOOT_INDEX;0.40713822841644287;0.9430070519447327;-0.15485461056232452;0.8719390630722046;0.999923825263977;True
64;0;NOSE;0.3670103847980499;0.41318586468696594;0.17388711869716644;0.9994533061981201;0.9999991655349731;True
64;1;LEFT_EYE_INNER;0.36647236347198486;0.4044422209262848;0.15900979936122894;0.9994015693664551;0.9999992847442627;True
64;2;LEFT_EYE;0.3648754060268402;0.40375953912734985;0.1589048057794571;0.9993593096733093;0.9999994039535522;True
64;3;LEFT_EYE_OUTER;0.3632354438304901;0.40318354964256287;0.15886874496936798;0.9995794296264648;0.9999992847442627;True
64;4;RIGHT_EYE_INNER;0.37091735005378723;0.4064168632030487;0.1620325744152069;0.9995822310447693;0.9999984502792358;True
64;5;RIGHT_EYE;0.3725682497024536;0.40709388256073;0.16182678937911987;0.9995735883712769;0.9999983310699463;True
64;6;RIGHT_EYE_OUTER;0.37428373098373413;0.4077913165092468;0.16177056729793549;0.9997008442878723;0.9999977350234985;True
64;7;LEFT_EAR;0.36143991351127625;0.40533944964408875;0.09997300058603287;0.9996762275695801;0.9999995231628418;True
64;8;RIGHT_EAR;0.3766067624092102;0.41453245282173157;0.11045889556407928;0.9994000792503357;0.9999969005584717;True
64;9;MOUTH_LEFT;0.36305350065231323;0.4203028380870819;0.15673229098320007;0.9993365406990051;0.9999986886978149;True
64;10;MOUTH_RIGHT;0.36784619092941284;0.42294618487358093;0.15903761982917786;0.9992347955703735;0.9999957084655762;True
64;11;LEFT_SHOULDER;0.34084552526474;0.4392484426498413;0.0489172600209713;0.9999756217002869;0.9999992847442627;True
64;12;RIGHT_SHOULDER;0.38692328333854675;0.4687689244747162;0.08382125943899155;0.9998809099197388;0.999987006187439;True
64;13;LEFT_ELBOW;0.3164721727371216;0.40559864044189453;0.08867410570383072;0.9682391881942749;0.9999949932098389;True
64;14;RIGHT_ELBOW;0.38858655095100403;0.5339325666427612;0.06769586354494095;0.512561559677124;0.999398946762085;True
64;15;LEFT_WRIST;0.3283691108226776;0.3596324324607849;0.19350773096084595;0.8537738919258118;0.9999914169311523;True
64;16;RIGHT_WRIST;0.36374709010124207;0.5305131673812866;0.06262186914682388;0.5396460890769958;0.999798595905304;True
64;17;LEFT_PINKY;0.33021795749664307;0.34405869245529175;0.21105213463306427;0.8343853950500488;0.9999567270278931;True
64;18;RIGHT_PINKY;0.3576705753803253;0.5288113355636597;0.06673523038625717;0.5401661992073059;0.9997392296791077;True
64;19;LEFT_INDEX;0.33435550332069397;0.34585657715797424;0.20564569532871246;0.8307281732559204;0.9999306201934814;True
64;20;RIGHT_INDEX;0.35334479808807373;0.525411069393158;0.0626109391450882;0.5324632525444031;0.9996576309204102;True
64;21;LEFT_THUMB;0.33423253893852234;0.35240745544433594;0.19484969973564148;0.7804800868034363;0.9999685287475586;True
64;22;RIGHT_THUMB;0.35426193475723267;0.5241333246231079;0.05987657234072685;0.4984855651855469;0.9998069405555725;True
64;23;LEFT_HIP;0.33548837900161743;0.614422082901001;-0.007810812909156084;0.9999849796295166;1.0;True
64;24;RIGHT_HIP;0.36663827300071716;0.6172652840614319;0.007633182220160961;0.999982476234436;0.9999998807907104;True
64;25;LEFT_KNEE;0.3305724263191223;0.7450417280197144;-0.039274219423532486;0.979743242263794;0.9999918937683105;True
64;26;RIGHT_KNEE;0.3767101466655731;0.72147536277771;-0.10327456891536713;0.8945409655570984;0.9999892711639404;True
64;27;LEFT_ANKLE;0.32192257046699524;0.8609615564346313;-0.11783644556999207;0.9618515968322754;0.9999833106994629;True
64;28;RIGHT_ANKLE;0.39375540614128113;0.8304131031036377;-0.24579797685146332;0.9233461618423462;0.9999812841415405;True
64;29;LEFT_HEEL;0.32847899198532104;0.8719448447227478;-0.12682494521141052;0.9665576219558716;0.999945878982544;True
64;30;RIGHT_HEEL;0.39312297105789185;0.8459259271621704;-0.2604825794696808;0.9589309096336365;0.9999555349349976;True
64;31;LEFT_FOOT_INDEX;0.3174881041049957;0.9263567924499512;-0.15745119750499725;0.9312706589698792;0.9998486042022705;True
64;32;RIGHT_FOOT_INDEX;0.4004512429237366;0.8836326599121094;-0.30049630999565125;0.8804643750190735;0.9997863173484802;True
65;0;NOSE;0.3655730187892914;0.39431411027908325;0.18073344230651855;0.9995014071464539;0.9999997615814209;True
65;1;LEFT_EYE_INNER;0.36508458852767944;0.3861146569252014;0.16741830110549927;0.9994568228721619;0.9999998807907104;True
65;2;LEFT_EYE;0.363471120595932;0.38536110520362854;0.16729934513568878;0.9994181990623474;0.9999998807907104;True
65;3;LEFT_EYE_OUTER;0.36184632778167725;0.384581059217453;0.16724322736263275;0.9996176362037659;0.9999998807907104;True
65;4;RIGHT_EYE_INNER;0.36945679783821106;0.3884746730327606;0.16951949894428253;0.999620795249939;0.9999996423721313;True
65;5;RIGHT_EYE;0.3712414503097534;0.38955116271972656;0.16932977735996246;0.9996131062507629;0.9999996423721313;True
65;6;RIGHT_EYE_OUTER;0.3732752799987793;0.390743225812912;0.169293612241745;0.9997280836105347;0.9999994039535522;True
65;7;LEFT_EAR;0.35866543650627136;0.3874134123325348;0.11268346011638641;0.9997066855430603;0.9999998807907104;True
65;8;RIGHT_EAR;0.3756289482116699;0.3979738652706146;0.12001215666532516;0.9994532465934753;0.999998927116394;True
65;9;MOUTH_LEFT;0.36163416504859924;0.40113410353660583;0.16468554735183716;0.9993848204612732;0.9999994039535522;True
65;10;MOUTH_RIGHT;0.3663475811481476;0.4041922390460968;0.16601625084877014;0.9992932081222534;0.9999979734420776;True
65;11;LEFT_SHOULDER;0.3360915184020996;0.42266204953193665;0.06021367013454437;0.9999775290489197;0.9999995231628418;True
65;12;RIGHT_SHOULDER;0.3854202926158905;0.4563841223716736;0.0855499729514122;0.9998891949653625;0.9999876022338867;True
65;13;LEFT_ELBOW;0.30971160531044006;0.39747756719589233;0.10787822306156158;0.9700930118560791;0.9999971389770508;True
65;14;RIGHT_ELBOW;0.38128793239593506;0.4977589249610901;0.055149924010038376;0.4827615022659302;0.9995506405830383;True
65;15;LEFT_WRIST;0.32117968797683716;0.3502853810787201;0.21930810809135437;0.8580517768859863;0.9999949932098389;True
65;16;RIGHT_WRIST;0.3584780991077423;0.47500157356262207;0.03014163114130497;0.4906746745109558;0.9998277425765991;True
65;17;LEFT_PINKY;0.32203805446624756;0.33617103099823;0.2362583428621292;0.8356153964996338;0.9999723434448242;True
65;18;RIGHT_PINKY;0.3580142855644226;0.47343581914901733;0.03125303238630295;0.49225157499313354;0.9997300505638123;True
65;19;LEFT_INDEX;0.32680901885032654;0.336602121591568;0.23271368443965912;0.8324745893478394;0.9999572038650513;True
65;20;RIGHT_INDEX;0.35438182950019836;0.4692019522190094;0.029491761699318886;0.4849945306777954;0.99968421459198;True
65;21;LEFT_THUMB;0.3268619477748871;0.34241294860839844;0.22147764265537262;0.7825072407722473;0.9999812841415405;True
65;22;RIGHT_THUMB;0.3548985421657562;0.4695642292499542;0.027720032259821892;0.4540134370326996;0.9998304843902588;True
65;23;LEFT_HIP;0.32818272709846497;0.5940446853637695;-0.006640390958636999;0.9999863505363464;0.9999998807907104;True
65;24;RIGHT_HIP;0.3588801920413971;0.5961264371871948;0.0064742169342935085;0.9999840259552002;0.9999997615814209;True
65;25;LEFT_KNEE;0.32945287227630615;0.7236915826797485;-0.04804677516222;0.9801616668701172;0.9999855756759644;True
65;26;RIGHT_KNEE;0.3730942904949188;0.7091367840766907;-0.0907479003071785;0.9027391672134399;0.9999706745147705;True
65;27;LEFT_ANKLE;0.3322042226791382;0.8333821892738342;-0.14255495369434357;0.9628431797027588;0.9999668598175049;True
65;28;RIGHT_ANKLE;0.3893764913082123;0.8154944777488708;-0.21119855344295502;0.9268377423286438;0.9999302625656128;True
65;29;LEFT_HEEL;0.33787015080451965;0.842365026473999;-0.1527281254529953;0.968258798122406;0.9998986721038818;True
65;30;RIGHT_HEEL;0.3890381157398224;0.8322774171829224;-0.22327245771884918;0.960682213306427;0.9998606443405151;True
65;31;LEFT_FOOT_INDEX;0.333551287651062;0.8946950435638428;-0.17850922048091888;0.9297037124633789;0.9996768236160278;True
65;32;RIGHT_FOOT_INDEX;0.39050161838531494;0.8604455590248108;-0.2546408474445343;0.8803979158401489;0.9994798302650452;True
66;0;NOSE;0.36297816038131714;0.3812100291252136;0.1385616511106491;0.9995504021644592;1.0;True
66;1;LEFT_EYE_INNER;0.36263954639434814;0.37359538674354553;0.12602011859416962;0.9995107650756836;1.0;True
66;2;LEFT_EYE;0.36100688576698303;0.3728370666503906;0.12588869035243988;0.99947589635849;1.0;True
66;3;LEFT_EYE_OUTER;0.35933008790016174;0.3719312846660614;0.1258433312177658;0.9996554851531982;1.0;True
66;4;RIGHT_EYE_INNER;0.3668666481971741;0.37632787227630615;0.12648379802703857;0.9996584057807922;1.0;True
66;5;RIGHT_EYE;0.3686610758304596;0.3776741027832031;0.1263132244348526;0.9996515512466431;1.0;True
66;6;RIGHT_EYE_OUTER;0.37072113156318665;0.3791225254535675;0.1262732595205307;0.9997550249099731;0.9999998807907104;True
66;7;LEFT_EAR;0.3555954098701477;0.37459689378738403;0.07644185423851013;0.9997358322143555;1.0;True
66;8;RIGHT_EAR;0.3731079399585724;0.3861429989337921;0.07570528239011765;0.9995073080062866;0.9999997615814209;True
66;9;MOUTH_LEFT;0.3589605987071991;0.3879688084125519;0.12351532280445099;0.9994449019432068;0.9999998807907104;True
66;10;MOUTH_RIGHT;0.36359548568725586;0.39116644859313965;0.12256865203380585;0.9993622899055481;0.9999996423721313;True
66;11;LEFT_SHOULDER;0.33249399065971375;0.4132572412490845;0.0222153402864933;0.9999794363975525;0.9999996423721313;True
66;12;RIGHT_SHOULDER;0.38288310170173645;0.44285738468170166;0.035215552896261215;0.9998990297317505;0.999997615814209;True
66;13;LEFT_ELBOW;0.30459150671958923;0.39370453357696533;0.026774989441037178;0.9729991555213928;0.9999974966049194;True
66;14;RIGHT_ELBOW;0.3909768760204315;0.44970089197158813;-0.054291024804115295;0.5337247848510742;0.9999322891235352;True
66;15;LEFT_WRIST;0.30927643179893494;0.35308152437210083;0.07140033692121506;0.8715221285820007;0.9999983310699463;True
66;16;RIGHT_WRIST;0.36617010831832886;0.43730801343917847;-0.13714098930358887;0.5260627865791321;0.9999858140945435;True
66;17;LEFT_PINKY;0.30842316150665283;0.34260886907577515;0.0762188583612442;0.8507667779922485;0.999993085861206;True
66;18;RIGHT_PINKY;0.3685172200202942;0.43334388732910156;-0.15093573927879333;0.5242539048194885;0.9999724626541138;True
66;19;LEFT_INDEX;0.3116201162338257;0.3416072726249695;0.07572438567876816;0.8479841351509094;0.9999916553497314;True
66;20;RIGHT_INDEX;0.3690604567527771;0.4316437542438507;-0.1521446406841278;0.516581118106842;0.9999759197235107;True
66;21;LEFT_THUMB;0.3127628564834595;0.34566259384155273;0.07319985330104828;0.8022888898849487;0.9999958276748657;True
66;22;RIGHT_THUMB;0.36820781230926514;0.433912992477417;-0.1407887190580368;0.48325154185295105;0.9999871253967285;True
66;23;LEFT_HIP;0.3239014744758606;0.5777353644371033;-0.008107049390673637;0.9999876618385315;0.9999998807907104;True
66;24;RIGHT_HIP;0.3536011576652527;0.5819715857505798;0.007924826815724373;0.9999855160713196;0.9999998807907104;True
66;25;LEFT_KNEE;0.3279956877231598;0.7100346088409424;-0.04926300421357155;0.9819847345352173;0.9999794960021973;True
66;26;RIGHT_KNEE;0.3659747540950775;0.6928209662437439;-0.06512158364057541;0.9122810363769531;0.9999687671661377;True
66;27;LEFT_ANKLE;0.34135231375694275;0.8120476603507996;-0.1365085393190384;0.9663801193237305;0.9999734163284302;True
66;28;RIGHT_ANKLE;0.3900132179260254;0.763935387134552;-0.14835475385189056;0.933790922164917;0.999976634979248;True
66;29;LEFT_HEEL;0.3469114303588867;0.816344678401947;-0.1456931084394455;0.971338152885437;0.9999289512634277;True
66;30;RIGHT_HEEL;0.3951236307621002;0.7736585736274719;-0.156116783618927;0.9644477367401123;0.9999674558639526;True
66;31;LEFT_FOOT_INDEX;0.3468437194824219;0.8729328513145447;-0.17265628278255463;0.9362714886665344;0.9998179078102112;True
66;32;RIGHT_FOOT_INDEX;0.39241650700569153;0.8340380191802979;-0.1791190505027771;0.8913154006004333;0.9998847246170044;True
67;0;NOSE;0.36027106642723083;0.380058616399765;0.14052526652812958;0.9995505809783936;0.9999985694885254;True
67;1;LEFT_EYE_INNER;0.36054542660713196;0.37209072709083557;0.1269419640302658;0.9995394945144653;0.9999988079071045;True
67;2;LEFT_EYE;0.3592074513435364;0.3711978495121002;0.12682895362377167;0.9995033144950867;0.999998927116394;True
67;3;LEFT_EYE_OUTER;0.35779279470443726;0.37024247646331787;0.12677150964736938;0.9996727108955383;0.9999986886978149;True
67;4;RIGHT_EYE_INNER;0.3645331561565399;0.3746994733810425;0.13089215755462646;0.9996759295463562;0.9999978542327881;True
67;5;RIGHT_EYE;0.36627838015556335;0.3756888508796692;0.13071663677692413;0.9996682405471802;0.999997615814209;True
67;6;RIGHT_EYE_OUTER;0.368231862783432;0.37675991654396057;0.1306830495595932;0.9997668862342834;0.9999966621398926;True
67;7;LEFT_EAR;0.35464537143707275;0.3729120194911957;0.06943954527378082;0.9997497200965881;0.9999985694885254;True
67;8;RIGHT_EAR;0.37054458260536194;0.38317009806632996;0.08586207777261734;0.9995272159576416;0.9999948740005493;True
67;9;MOUTH_LEFT;0.3563542664051056;0.3865828216075897;0.12301725894212723;0.9994007349014282;0.9999959468841553;True
67;10;MOUTH_RIGHT;0.36083701252937317;0.3895544707775116;0.12694227695465088;0.9993331432342529;0.9999895095825195;True
67;11;LEFT_SHOULDER;0.3328867256641388;0.4114275574684143;0.009883373975753784;0.9999770522117615;0.9999942779541016;True
67;12;RIGHT_SHOULDER;0.3805028796195984;0.43903595209121704;0.0488702766597271;0.9998989701271057;0.9999774694442749;True
67;13;LEFT_ELBOW;0.3030156195163727;0.3944900929927826;0.029968252405524254;0.9739065766334534;0.9999874830245972;True
67;14;RIGHT_ELBOW;0.39266830682754517;0.44510823488235474;0.1200634315609932;0.5031101107597351;0.9999293088912964;True
67;15;LEFT_WRIST;0.3078750967979431;0.35248425602912903;0.10457845032215118;0.869497537612915;0.9999845027923584;True
67;16;RIGHT_WRIST;0.38147345185279846;0.43836086988449097;0.19629959762096405;0.5182328820228577;0.9999799728393555;True
67;17;LEFT_PINKY;0.30693894624710083;0.3401145040988922;0.10480836033821106;0.848228394985199;0.9999217987060547;True
67;18;RIGHT_PINKY;0.3871830999851227;0.4360502064228058;0.21226948499679565;0.5235770344734192;0.9999364614486694;True
67;19;LEFT_INDEX;0.30995944142341614;0.33936983346939087;0.07674571126699448;0.8462241291999817;0.9998984336853027;True
67;20;RIGHT_INDEX;0.38602474331855774;0.43460166454315186;0.20848990976810455;0.5172139406204224;0.999925971031189;True
67;21;LEFT_THUMB;0.31075319647789;0.34449851512908936;0.10274507850408554;0.799898624420166;0.9999518394470215;True
67;22;RIGHT_THUMB;0.3841584324836731;0.4369640648365021;0.19589297473430634;0.4815852642059326;0.9999644756317139;True
67;23;LEFT_HIP;0.32481104135513306;0.5762849450111389;-0.01961856707930565;0.9999884366989136;0.9999995231628418;True
67;24;RIGHT_HIP;0.3517538607120514;0.578198254108429;0.019441746175289154;0.9999864101409912;0.9999992847442627;True
67;25;LEFT_KNEE;0.32677486538887024;0.7063239216804504;-0.08043871819972992;0.9777076244354248;0.9997181296348572;True
67;26;RIGHT_KNEE;0.3628914952278137;0.6849840879440308;-0.05844428017735481;0.912206768989563;0.9997739195823669;True
67;27;LEFT_ANKLE;0.3410421907901764;0.8066491484642029;-0.17805194854736328;0.9616400003433228;0.9998112320899963;True
67;28;RIGHT_ANKLE;0.38828328251838684;0.7605500221252441;-0.15325473248958588;0.9280006885528564;0.9998493194580078;True
67;29;LEFT_HEEL;0.34672579169273376;0.8109439015388489;-0.1872137188911438;0.9706683158874512;0.9995723366737366;True
67;30;RIGHT_HEEL;0.39677855372428894;0.7671764492988586;-0.16257403790950775;0.9625318050384521;0.9997875094413757;True
67;31;LEFT_FOOT_INDEX;0.3451554477214813;0.8709258437156677;-0.20740000903606415;0.924210786819458;0.9986773133277893;True
67;32;RIGHT_FOOT_INDEX;0.3905191421508789;0.8283736705780029;-0.18054728209972382;0.8721472024917603;0.9990746974945068;True
68;0;NOSE;0.3578679859638214;0.36931660771369934;0.13146203756332397;0.9995267987251282;0.9999970197677612;True
68;1;LEFT_EYE_INNER;0.3583259880542755;0.3619914948940277;0.11722400784492493;0.999552845954895;0.9999978542327881;True
68;2;LEFT_EYE;0.3569352924823761;0.3614751100540161;0.11710648238658905;0.9995152950286865;0.9999982118606567;True
68;3;LEFT_EYE_OUTER;0.3554123342037201;0.36083781719207764;0.11704070121049881;0.9996817708015442;0.9999980926513672;True
68;4;RIGHT_EYE_INNER;0.36212825775146484;0.3641221225261688;0.11910177767276764;0.9996749758720398;0.999995231628418;True
68;5;RIGHT_EYE;0.363829642534256;0.36526474356651306;0.11893870681524277;0.9996663331985474;0.9999947547912598;True
68;6;RIGHT_EYE_OUTER;0.36573120951652527;0.3665204644203186;0.11888878792524338;0.9997624158859253;0.9999926090240479;True
68;7;LEFT_EAR;0.35194113850593567;0.36394381523132324;0.059231143444776535;0.9997587203979492;0.9999978542327881;True
68;8;RIGHT_EAR;0.3681142032146454;0.3734334409236908;0.06623341143131256;0.9994925260543823;0.9999849796295166;True
68;9;MOUTH_LEFT;0.3541344404220581;0.3765023946762085;0.11400069296360016;0.9993508458137512;0.9999946355819702;True
68;10;MOUTH_RIGHT;0.3584873080253601;0.37887486815452576;0.1151253804564476;0.9992536902427673;0.9999803304672241;True
68;11;LEFT_SHOULDER;0.32990410923957825;0.40243804454803467;0.004549936391413212;0.9999772906303406;0.9999973773956299;True
68;12;RIGHT_SHOULDER;0.3793112635612488;0.4298437237739563;0.03904411569237709;0.9998949766159058;0.9999716281890869;True
68;13;LEFT_ELBOW;0.29908767342567444;0.39258724451065063;0.030431006103754044;0.9762872457504272;0.9999953508377075;True
68;14;RIGHT_ELBOW;0.4013712704181671;0.43642210960388184;0.06082410365343094;0.5441902279853821;0.9998577833175659;True
68;15;LEFT_WRIST;0.298115074634552;0.36638662219047546;0.1095341145992279;0.8753905892372131;0.9999961853027344;True
68;16;RIGHT_WRIST;0.38298851251602173;0.42723992466926575;0.1155267134308815;0.4796852171421051;0.9999247789382935;True
68;17;LEFT_PINKY;0.29627466201782227;0.3574461340904236;0.11935777217149734;0.8513167500495911;0.9999819993972778;True
68;18;RIGHT_PINKY;0.3822147250175476;0.4242120683193207;0.12315013259649277;0.4823763072490692;0.9998270869255066;True
68;19;LEFT_INDEX;0.2982363700866699;0.35573670268058777;0.1132817417383194;0.8496966361999512;0.9999761581420898;True
68;20;RIGHT_INDEX;0.3784732222557068;0.4225085377693176;0.1186080276966095;0.47625407576560974;0.9997949004173279;True
68;21;LEFT_THUMB;0.2991659343242645;0.35948413610458374;0.11185391247272491;0.8043458461761475;0.999988317489624;True
68;22;RIGHT_THUMB;0.37919795513153076;0.42512261867523193;0.11361073702573776;0.4440667927265167;0.9998992681503296;True
68;23;LEFT_HIP;0.32200291752815247;0.5669472813606262;-0.015402266755700111;0.99998939037323;0.9999997615814209;True
68;24;RIGHT_HIP;0.3494340777397156;0.5698219537734985;0.01519160158932209;0.9999873638153076;0.9999995231628418;True
68;25;LEFT_KNEE;0.32374337315559387;0.6973608136177063;-0.06987234950065613;0.9770452380180359;0.9998881816864014;True
68;26;RIGHT_KNEE;0.3583095669746399;0.6741389036178589;-0.03586925193667412;0.9158516526222229;0.9997672438621521;True
68;27;LEFT_ANKLE;0.34434428811073303;0.7851755619049072;-0.171798974275589;0.9633476734161377;0.9999427795410156;True
68;28;RIGHT_ANKLE;0.3838382065296173;0.7311353087425232;-0.13773693144321442;0.9305191040039062;0.9998948574066162;True
68;29;LEFT_HEEL;0.3497418463230133;0.7842745780944824;-0.18153049051761627;0.9730662703514099;0.9998760223388672;True
68;30;RIGHT_HEEL;0.3912144601345062;0.7330246567726135;-0.1465551257133484;0.9648633003234863;0.9998853206634521;True
68;31;LEFT_FOOT_INDEX;0.3523505628108978;0.8425116539001465;-0.20034508407115936;0.9289259314537048;0.9996929168701172;True
68;32;RIGHT_FOOT_INDEX;0.3915003836154938;0.7934516072273254;-0.16546085476875305;0.8756967186927795;0.9996845722198486;True
69;0;NOSE;0.354248583316803;0.35925477743148804;0.1325959712266922;0.9995570182800293;0.9999995231628418;True
69;1;LEFT_EYE_INNER;0.3548550009727478;0.35195544362068176;0.11827920377254486;0.9995904564857483;0.9999995231628418;True
69;2;LEFT_EYE;0.35348033905029297;0.3513360619544983;0.11815415322780609;0.9995555877685547;0.9999996423721313;True
69;3;LEFT_EYE_OUTER;0.3520337641239166;0.35070446133613586;0.1181129738688469;0.9997071623802185;0.9999995231628418;True
69;4;RIGHT_EYE_INNER;0.35865458846092224;0.35361188650131226;0.12123730033636093;0.9997008442878723;0.9999992847442627;True
69;5;RIGHT_EYE;0.36010095477104187;0.3542342782020569;0.12105260789394379;0.9996934533119202;0.9999992847442627;True
69;6;RIGHT_EYE_OUTER;0.3617054522037506;0.3548828363418579;0.1210089921951294;0.9997814297676086;0.9999990463256836;True
69;7;LEFT_EAR;0.34994372725486755;0.3543355464935303;0.06001226231455803;0.999779462814331;0.9999996423721313;True
69;8;RIGHT_EAR;0.3643836975097656;0.362093448638916;0.07223570346832275;0.9995347261428833;0.999998927116394;True
69;9;MOUTH_LEFT;0.3509012460708618;0.36645686626434326;0.11529294401407242;0.9993792772293091;0.999998927116394;True
69;10;MOUTH_RIGHT;0.3549712300300598;0.36800265312194824;0.11779516190290451;0.999290406703949;0.9999972581863403;True
69;11;LEFT_SHOULDER;0.32667043805122375;0.3921753168106079;0.012073125690221786;0.9999775290489197;0.9999988079071045;True
69;12;RIGHT_SHOULDER;0.3769772946834564;0.4204193949699402;0.05608776584267616;0.999902606010437;0.9999966621398926;True
69;13;LEFT_ELBOW;0.29228487610816956;0.3899795114994049;0.08630702644586563;0.9746130108833313;0.999995231628418;True
69;14;RIGHT_ELBOW;0.40158021450042725;0.4249975085258484;0.12452160567045212;0.5315812826156616;0.9999862909317017;True
69;15;LEFT_WRIST;0.28600266575813293;0.37090757489204407;0.23761636018753052;0.8510632514953613;0.9999921321868896;True
69;16;RIGHT_WRIST;0.3980257213115692;0.4185061752796173;0.22700515389442444;0.4846896231174469;0.9999959468841553;True
69;17;LEFT_PINKY;0.28192779421806335;0.36537688970565796;0.2619834840297699;0.8225923776626587;0.9999654293060303;True
69;18;RIGHT_PINKY;0.4036000370979309;0.4190467596054077;0.24605584144592285;0.493938684463501;0.9999878406524658;True
69;19;LEFT_INDEX;0.2840529978275299;0.3630332350730896;0.2606288194656372;0.8216964602470398;0.9999527931213379;True
69;20;RIGHT_INDEX;0.40226641297340393;0.41802406311035156;0.24591435492038727;0.4884013235569;0.9999842643737793;True
69;21;LEFT_THUMB;0.2858482003211975;0.36545997858047485;0.24248264729976654;0.7727049589157104;0.999976396560669;True
69;22;RIGHT_THUMB;0.4010011851787567;0.41945239901542664;0.2292032539844513;0.44872766733169556;0.9999924898147583;True
69;23;LEFT_HIP;0.3205046057701111;0.5563231110572815;-0.015661953017115593;0.9999902844429016;0.9999998807907104;True
69;24;RIGHT_HIP;0.3455868065357208;0.5579624176025391;0.015458369627594948;0.9999883770942688;0.9999998807907104;True
69;25;LEFT_KNEE;0.31801509857177734;0.6836656928062439;-0.06975095719099045;0.9743316769599915;0.99985671043396;True
69;26;RIGHT_KNEE;0.35370078682899475;0.6630071401596069;-0.020792493596673012;0.9187383651733398;0.9998764991760254;True
69;27;LEFT_ANKLE;0.3455893397331238;0.7659735679626465;-0.17109647393226624;0.9574655890464783;0.9999420642852783;True
69;28;RIGHT_ANKLE;0.38252735137939453;0.7138603329658508;-0.1318501979112625;0.9273305535316467;0.9999440908432007;True
69;29;LEFT_HEEL;0.35354751348495483;0.7644696235656738;-0.1798192411661148;0.9729557037353516;0.9998648166656494;True
69;30;RIGHT_HEEL;0.38873761892318726;0.7131909728050232;-0.14011169970035553;0.9637150764465332;0.9999330043792725;True
69;31;LEFT_FOOT_INDEX;0.3544047176837921;0.817481279373169;-0.19239868223667145;0.9201257228851318;0.9996249675750732;True
69;32;RIGHT_FOOT_INDEX;0.39250242710113525;0.769810140132904;-0.15980173647403717;0.8618279099464417;0.9998076558113098;True
70;0;NOSE;0.35288116335868835;0.3565438985824585;0.12914445996284485;0.9995949268341064;0.9999997615814209;True
70;1;LEFT_EYE_INNER;0.35386085510253906;0.34941789507865906;0.11500927805900574;0.9996287822723389;0.9999998807907104;True
70;2;LEFT_EYE;0.35263773798942566;0.34893572330474854;0.11488868296146393;0.9995970129966736;0.9999998807907104;True
70;3;LEFT_EYE_OUTER;0.3513422906398773;0.34842649102211;0.11485009640455246;0.999734103679657;0.9999997615814209;True
70;4;RIGHT_EYE_INNER;0.3573581576347351;0.351061075925827;0.11788985133171082;0.999728262424469;0.9999996423721313;True
70;5;RIGHT_EYE;0.3589118421077728;0.35189682245254517;0.11771617829799652;0.9997217059135437;0.9999996423721313;True
70;6;RIGHT_EYE_OUTER;0.36060425639152527;0.35283568501472473;0.11766830831766129;0.9998011589050293;0.9999995231628418;True
70;7;LEFT_EAR;0.34941381216049194;0.3518090844154358;0.05884697288274765;0.9998003244400024;0.9999998807907104;True
70;8;RIGHT_EAR;0.3633188009262085;0.36025580763816833;0.07042504101991653;0.9995769262313843;0.9999994039535522;True
70;9;MOUTH_LEFT;0.34974178671836853;0.3637640178203583;0.11258845776319504;0.9994284510612488;0.9999995231628418;True
70;10;MOUTH_RIGHT;0.3536284267902374;0.36553338170051575;0.11489509791135788;0.9993458390235901;0.9999983310699463;True
70;11;LEFT_SHOULDER;0.3262791931629181;0.39166033267974854;0.012300456874072552;0.9999789595603943;0.9999995231628418;True
70;12;RIGHT_SHOULDER;0.37721142172813416;0.41925403475761414;0.05311641842126846;0.9999097585678101;0.9999974966049194;True
70;13;LEFT_ELBOW;0.2919464409351349;0.38807976245880127;0.07806860655546188;0.9767603278160095;0.9999971389770508;True
70;14;RIGHT_ELBOW;0.4061916470527649;0.424159973859787;0.10534325242042542;0.5662856101989746;0.9999723434448242;True
70;15;LEFT_WRIST;0.2853850722312927;0.37517622113227844;0.21503104269504547;0.8487941026687622;0.9999967813491821;True
70;16;RIGHT_WRIST;0.3967093527317047;0.41471755504608154;0.1930685192346573;0.45407572388648987;0.9999909400939941;True
70;17;LEFT_PINKY;0.2814404368400574;0.37016788125038147;0.23841935396194458;0.8136396408081055;0.9999861717224121;True
70;18;RIGHT_PINKY;0.40126144886016846;0.4136957824230194;0.2114275097846985;0.4615646302700043;0.9999786615371704;True
70;19;LEFT_INDEX;0.28315332531929016;0.36725685000419617;0.23681871592998505;0.8133893609046936;0.9999809265136719;True
70;20;RIGHT_INDEX;0.3992241621017456;0.41270557045936584;0.20945146679878235;0.4561356008052826;0.9999730587005615;True
70;21;LEFT_THUMB;0.2848515212535858;0.3700518012046814;0.21947002410888672;0.7632700204849243;0.9999902248382568;True
70;22;RIGHT_THUMB;0.40068113803863525;0.4154016673564911;0.19405971467494965;0.4182216227054596;0.9999862909317017;True
70;23;LEFT_HIP;0.32067346572875977;0.5560427308082581;-0.01531190238893032;0.9999910593032837;0.9999997615814209;True
70;24;RIGHT_HIP;0.3458675146102905;0.5567662715911865;0.015113522298634052;0.9999892711639404;0.9999996423721313;True
70;25;LEFT_KNEE;0.31728118658065796;0.682572603225708;-0.06550025194883347;0.9744687080383301;0.9998018145561218;True
70;26;RIGHT_KNEE;0.3529975712299347;0.6577628254890442;-0.025648415088653564;0.9239947199821472;0.9997833371162415;True
70;27;LEFT_ANKLE;0.3471303880214691;0.7618288993835449;-0.16656818985939026;0.957417905330658;0.9998905658721924;True
70;28;RIGHT_ANKLE;0.3821375072002411;0.7090160250663757;-0.15057538449764252;0.9295356869697571;0.9998457431793213;True
70;29;LEFT_HEEL;0.35681992769241333;0.7602900862693787;-0.17532168328762054;0.9747254252433777;0.9997584223747253;True
70;30;RIGHT_HEEL;0.38486209511756897;0.7077949047088623;-0.16191372275352478;0.9654132127761841;0.9998084902763367;True
70;31;LEFT_FOOT_INDEX;0.35946035385131836;0.8152759075164795;-0.18552355468273163;0.9219356775283813;0.9995138645172119;True
70;32;RIGHT_FOOT_INDEX;0.3922928273677826;0.7601639628410339;-0.17648962140083313;0.8632832765579224;0.9995710253715515;True
71;0;NOSE;0.35043200850486755;0.3509635031223297;0.11695702373981476;0.999579668045044;0.9999973773956299;True
71;1;LEFT_EYE_INNER;0.3511676788330078;0.3436644971370697;0.1022808700799942;0.9996378421783447;0.9999971389770508;True
71;2;LEFT_EYE;0.34996888041496277;0.3429640233516693;0.10215400159358978;0.99959796667099;0.9999974966049194;True
71;3;LEFT_EYE_OUTER;0.3487064242362976;0.3421790897846222;0.10210464149713516;0.9997361898422241;0.9999969005584717;True
71;4;RIGHT_EYE_INNER;0.35486656427383423;0.34514203667640686;0.10689017921686172;0.9997256398200989;0.9999942779541016;True
71;5;RIGHT_EYE;0.35632243752479553;0.34567397832870483;0.10673395544290543;0.9997139573097229;0.9999938011169434;True
71;6;RIGHT_EYE_OUTER;0.35781732201576233;0.3462011218070984;0.10667554289102554;0.9997969269752502;0.9999911785125732;True
71;7;LEFT_EAR;0.34760457277297974;0.3465486466884613;0.04457246512174606;0.9997934103012085;0.9999963045120239;True
71;8;RIGHT_EAR;0.36076828837394714;0.3534878194332123;0.06401124596595764;0.9995356798171997;0.9999837875366211;True
71;9;MOUTH_LEFT;0.3472595512866974;0.3581216335296631;0.09927616268396378;0.9993273615837097;0.9999933242797852;True
71;10;MOUTH_RIGHT;0.35112264752388;0.3595631718635559;0.1039247065782547;0.999188244342804;0.9999761581420898;True
71;11;LEFT_SHOULDER;0.32448485493659973;0.38713470101356506;-0.010190448723733425;0.9999786019325256;0.9999961853027344;True
71;12;RIGHT_SHOULDER;0.3769816756248474;0.4122806489467621;0.039618637412786484;0.9999109506607056;0.9999814033508301;True
71;13;LEFT_ELBOW;0.28545311093330383;0.39244136214256287;0.009023820981383324;0.9737579822540283;0.9999938011169434;True
71;14;RIGHT_ELBOW;0.4095950722694397;0.4180421531200409;0.055855654180049896;0.5738784074783325;0.99994957447052;True
71;15;LEFT_WRIST;0.27708491683006287;0.38430556654930115;0.09146925806999207;0.7996397614479065;0.9999837875366211;True
71;16;RIGHT_WRIST;0.3894146978855133;0.4055466651916504;0.11239885538816452;0.41216543316841125;0.9999480247497559;True
71;17;LEFT_PINKY;0.27407965064048767;0.3922441005706787;0.10511092096567154;0.7589039206504822;0.9999107122421265;True
71;18;RIGHT_PINKY;0.38192838430404663;0.4038171172142029;0.12475120276212692;0.4186204671859741;0.9998250603675842;True
71;19;LEFT_INDEX;0.2757425010204315;0.39426031708717346;0.10378968715667725;0.7592993974685669;0.9998776912689209;True
71;20;RIGHT_INDEX;0.37922659516334534;0.4043884873390198;0.11830354481935501;0.4135093688964844;0.9997846484184265;True
71;21;LEFT_THUMB;0.2773430049419403;0.3931214213371277;0.0944531112909317;0.7096092700958252;0.9999423027038574;True
71;22;RIGHT_THUMB;0.3813261389732361;0.4061456322669983;0.11030552536249161;0.3792698085308075;0.9999052286148071;True
71;23;LEFT_HIP;0.3175026476383209;0.5465515851974487;-0.015445869415998459;0.9999916553497314;0.9999996423721313;True
71;24;RIGHT_HIP;0.34255117177963257;0.5498263835906982;0.015234095975756645;0.9999899864196777;0.9999995231628418;True
71;25;LEFT_KNEE;0.3118656277656555;0.669774055480957;-0.05624577775597572;0.9294964075088501;0.99934321641922;True
71;26;RIGHT_KNEE;0.34820041060447693;0.657253086566925;-0.021606214344501495;0.9016892910003662;0.9994121789932251;True
71;27;LEFT_ANKLE;0.35128986835479736;0.7387077212333679;-0.16191226243972778;0.9087367057800293;0.9994962215423584;True
71;28;RIGHT_ANKLE;0.37815046310424805;0.7009550333023071;-0.14707349240779877;0.8875636458396912;0.9995172023773193;True
71;29;LEFT_HEEL;0.3604232966899872;0.7384009957313538;-0.16953741014003754;0.9641147255897522;0.9988852143287659;True
71;30;RIGHT_HEEL;0.37809130549430847;0.7007116079330444;-0.15844358503818512;0.9504709839820862;0.9993793964385986;True
71;31;LEFT_FOOT_INDEX;0.35971084237098694;0.7892042398452759;-0.1628853678703308;0.8767562508583069;0.9983183145523071;True
71;32;RIGHT_FOOT_INDEX;0.39157193899154663;0.7532792091369629;-0.17229370772838593;0.8146945238113403;0.9986181259155273;True
72;0;NOSE;0.3482551574707031;0.34857091307640076;0.10601521283388138;0.9996165037155151;0.9999998807907104;True
72;1;LEFT_EYE_INNER;0.3485841751098633;0.3402768075466156;0.09205625206232071;0.999671220779419;0.9999997615814209;True
72;2;LEFT_EYE;0.3473310172557831;0.33936700224876404;0.09192953258752823;0.9996341466903687;0.9999998807907104;True
72;3;LEFT_EYE_OUTER;0.34604084491729736;0.33833441138267517;0.09187760204076767;0.9997600317001343;0.9999997615814209;True
72;4;RIGHT_EYE_INNER;0.3524385988712311;0.34234175086021423;0.09544137120246887;0.9997495412826538;0.9999996423721313;True
72;5;RIGHT_EYE;0.35401904582977295;0.3431664705276489;0.09531163424253464;0.999738335609436;0.9999995231628418;True
72;6;RIGHT_EYE_OUTER;0.3557561933994293;0.3440612554550171;0.0952816754579544;0.9998140335083008;0.9999992847442627;True
72;7;LEFT_EAR;0.3445762097835541;0.3420775830745697;0.03759601339697838;0.9998107552528381;0.9999996423721313;True
72;8;RIGHT_EAR;0.35895422101020813;0.35153502225875854;0.051558077335357666;0.9995678067207336;0.9999982118606567;True
72;9;MOUTH_LEFT;0.3447776138782501;0.35530024766921997;0.08957675844430923;0.9993693232536316;0.9999990463256836;True
72;10;MOUTH_RIGHT;0.34899577498435974;0.3573565185070038;0.09264383465051651;0.9992258548736572;0.9999963045120239;True
72;11;LEFT_SHOULDER;0.3199446499347687;0.3807033896446228;-0.016287023201584816;0.9999797344207764;0.9999988079071045;True
72;12;RIGHT_SHOULDER;0.3732600808143616;0.4071778953075409;0.02322196774184704;0.9999165534973145;0.999992847442627;True
72;13;LEFT_ELBOW;0.28159233927726746;0.39738860726356506;-0.02936040796339512;0.9734107851982117;0.9999966621398926;True
72;14;RIGHT_ELBOW;0.4088211953639984;0.41111892461776733;0.015391567721962929;0.6023855209350586;0.9999774694442749;True
72;15;LEFT_WRIST;0.2655918300151825;0.4108118712902069;0.010222619399428368;0.789771318435669;0.9999945163726807;True
72;16;RIGHT_WRIST;0.38308340311050415;0.3868849575519562;0.049129169434309006;0.39078766107559204;0.9999799728393555;True
72;17;LEFT_PINKY;0.2586401104927063;0.41921618580818176;0.016378020867705345;0.7412787079811096;0.9999709129333496;True
72;18;RIGHT_PINKY;0.3759130835533142;0.3814556300640106;0.05586044490337372;0.3940553367137909;0.9999258518218994;True
72;19;LEFT_INDEX;0.2606053650379181;0.42284420132637024;0.01655440777540207;0.7417737245559692;0.999962568283081;True
72;20;RIGHT_INDEX;0.3726169466972351;0.38359126448631287;0.050521839410066605;0.3879511058330536;0.9999167919158936;True
72;21;LEFT_THUMB;0.26335248351097107;0.42258530855178833;0.01256270706653595;0.6881886720657349;0.9999818801879883;True
72;22;RIGHT_THUMB;0.37455517053604126;0.3867858648300171;0.04680180177092552;0.35539111495018005;0.9999645948410034;True
72;23;LEFT_HIP;0.31596413254737854;0.5407371520996094;-0.014055317267775536;0.9999922513961792;0.9999996423721313;True
72;24;RIGHT_HIP;0.33975526690483093;0.5475563406944275;0.013850618153810501;0.9999907612800598;0.9999995231628418;True
72;25;LEFT_KNEE;0.30670255422592163;0.6602471470832825;-0.056657638400793076;0.888281524181366;0.9997451901435852;True
72;26;RIGHT_KNEE;0.3409198522567749;0.653735876083374;-0.024920808151364326;0.8898516893386841;0.9997630715370178;True
72;27;LEFT_ANKLE;0.3497466444969177;0.7143846750259399;-0.16204462945461273;0.8694790005683899;0.9998235106468201;True
72;28;RIGHT_ANKLE;0.37020885944366455;0.6894682049751282;-0.1752011924982071;0.869236171245575;0.9997217059135437;True
72;29;LEFT_HEEL;0.35837000608444214;0.7120999097824097;-0.1718503087759018;0.9587075114250183;0.9995335340499878;True
72;30;RIGHT_HEEL;0.372233122587204;0.6950933337211609;-0.18994490802288055;0.9463561177253723;0.9996092915534973;True
72;31;LEFT_FOOT_INDEX;0.36036545038223267;0.7604238986968994;-0.17765656113624573;0.8525802493095398;0.9993224143981934;True
72;32;RIGHT_FOOT_INDEX;0.3887923061847687;0.7235361337661743;-0.21131208539009094;0.7975131869316101;0.9991428852081299;True
73;0;NOSE;0.3460034728050232;0.3490118384361267;0.08626807481050491;0.9995883703231812;0.9999986886978149;True
73;1;LEFT_EYE_INNER;0.3467641770839691;0.34040898084640503;0.07154291123151779;0.9996649026870728;0.9999980926513672;True
73;2;LEFT_EYE;0.34556087851524353;0.33961138129234314;0.07142443209886551;0.999613881111145;0.9999982118606567;True
73;3;LEFT_EYE_OUTER;0.3443891108036041;0.33878329396247864;0.07137849181890488;0.9997475743293762;0.999997615814209;True
73;4;RIGHT_EYE_INNER;0.35056227445602417;0.34246864914894104;0.07590584456920624;0.9997274875640869;0.999996542930603;True
73;5;RIGHT_EYE;0.35224801301956177;0.34329652786254883;0.07578899711370468;0.9997094869613647;0.9999960660934448;True
73;6;RIGHT_EYE_OUTER;0.3541974425315857;0.3441717028617859;0.07575433701276779;0.9997933506965637;0.9999939203262329;True
73;7;LEFT_EAR;0.3432198464870453;0.34233611822128296;0.01619107834994793;0.9997818470001221;0.999995231628418;True
73;8;RIGHT_EAR;0.3573330044746399;0.350620836019516;0.03484947979450226;0.9994707703590393;0.9999836683273315;True
73;9;MOUTH_LEFT;0.34292128682136536;0.3556677997112274;0.06973839551210403;0.9991822242736816;0.9999922513961792;True
73;10;MOUTH_RIGHT;0.3470967411994934;0.3578185737133026;0.0742325559258461;0.9989081621170044;0.9999728202819824;True
73;11;LEFT_SHOULDER;0.31939539313316345;0.3795994818210602;-0.04502078518271446;0.99997878074646;0.9999922513961792;True
73;12;RIGHT_SHOULDER;0.37248948216438293;0.4054943025112152;0.0073097203858196735;0.9999130964279175;0.9999643564224243;True
73;13;LEFT_ELBOW;0.2799779176712036;0.39902305603027344;-0.08831815421581268;0.9743918776512146;0.9999879598617554;True
73;14;RIGHT_ELBOW;0.40889739990234375;0.41089972853660583;-0.021532606333494186;0.630266010761261;0.999941349029541;True
73;15;LEFT_WRIST;0.26324573159217834;0.41831809282302856;-0.08411531895399094;0.7905688881874084;0.9999868869781494;True
73;16;RIGHT_WRIST;0.3818328082561493;0.3830256462097168;-0.013131972402334213;0.3695652484893799;0.9999631643295288;True
73;17;LEFT_PINKY;0.2565614879131317;0.42384347319602966;-0.08651750534772873;0.7366063594818115;0.9999258518218994;True
73;18;RIGHT_PINKY;0.3759479522705078;0.3782384693622589;-0.012384007684886456;0.3692263662815094;0.999848484992981;True
73;19;LEFT_INDEX;0.2584444284439087;0.4266974925994873;-0.0853147953748703;0.737297534942627;0.9999188184738159;True
73;20;RIGHT_INDEX;0.3725012242794037;0.37962204217910767;-0.016573194414377213;0.3623625934123993;0.9998512268066406;True
73;21;LEFT_THUMB;0.2615719437599182;0.42717990279197693;-0.08240359276533127;0.6787421703338623;0.9999607801437378;True
73;22;RIGHT_THUMB;0.3742181658744812;0.38302260637283325;-0.015895633026957512;0.3316168487071991;0.9999364614486694;True
73;23;LEFT_HIP;0.31610774993896484;0.5384766459465027;-0.015558447688817978;0.9999923706054688;0.999998927116394;True
73;24;RIGHT_HIP;0.33965376019477844;0.5446882247924805;0.01535790041089058;0.9999909996986389;0.999998927116394;True
73;25;LEFT_KNEE;0.30582210421562195;0.6585455536842346;-0.05855407565832138;0.8255887627601624;0.9990214109420776;True
73;26;RIGHT_KNEE;0.34005439281463623;0.6520188450813293;-0.023148085922002792;0.8496778607368469;0.9992715716362;True
73;27;LEFT_ANKLE;0.34857839345932007;0.71684330701828;-0.13917168974876404;0.8130963444709778;0.9993687272071838;True
73;28;RIGHT_ANKLE;0.36664822697639465;0.7117756009101868;-0.12786594033241272;0.8166566491127014;0.9994414448738098;True
73;29;LEFT_HEEL;0.35659700632095337;0.7184218168258667;-0.14625822007656097;0.9449105262756348;0.9987176656723022;True
73;30;RIGHT_HEEL;0.3693394660949707;0.716492235660553;-0.13777729868888855;0.9277181029319763;0.9993257522583008;True
73;31;LEFT_FOOT_INDEX;0.35698896646499634;0.7630165219306946;-0.15670832991600037;0.8063770532608032;0.9989022016525269;True
73;32;RIGHT_FOOT_INDEX;0.3805650472640991;0.7545182108879089;-0.15507067739963531;0.7464101314544678;0.9989129304885864;True
74;0;NOSE;0.3437424302101135;0.3415909707546234;0.05667223781347275;0.9995880126953125;0.9999992847442627;True
74;1;LEFT_EYE_INNER;0.344056099653244;0.3333338499069214;0.041955213993787766;0.9996687173843384;0.999998927116394;True
74;2;LEFT_EYE;0.34284061193466187;0.3325888216495514;0.04183150455355644;0.999613881111145;0.9999990463256836;True
74;3;LEFT_EYE_OUTER;0.34162619709968567;0.3316848874092102;0.04179266467690468;0.9997451901435852;0.9999986886978149;True
74;4;RIGHT_EYE_INNER;0.34791862964630127;0.33492380380630493;0.04659436643123627;0.9997155666351318;0.9999979734420776;True
74;5;RIGHT_EYE;0.34959232807159424;0.33544960618019104;0.0464809313416481;0.9996985793113708;0.999997615814209;True
74;6;RIGHT_EYE_OUTER;0.3513929545879364;0.33596131205558777;0.04646458476781845;0.9997782111167908;0.9999961853027344;True
74;7;LEFT_EAR;0.3410121500492096;0.33584752678871155;-0.009774358943104744;0.9997747540473938;0.9999974966049194;True
74;8;RIGHT_EAR;0.3544987142086029;0.34263432025909424;0.009886275976896286;0.9994043111801147;0.9999889135360718;True
74;9;MOUTH_LEFT;0.34052589535713196;0.34867364168167114;0.0416422039270401;0.9991196393966675;0.9999960660934448;True
74;10;MOUTH_RIGHT;0.34485486149787903;0.35028183460235596;0.04643337056040764;0.9987625479698181;0.9999852180480957;True
74;11;LEFT_SHOULDER;0.31659573316574097;0.3781425356864929;-0.06839488446712494;0.999979555606842;0.9999958276748657;True
74;12;RIGHT_SHOULDER;0.3701046407222748;0.39921194314956665;-0.009710012935101986;0.9999129772186279;0.9999642372131348;True
74;13;LEFT_ELBOW;0.2766496241092682;0.40206411480903625;-0.1273850053548813;0.9766497015953064;0.9999898672103882;True
74;14;RIGHT_ELBOW;0.408064067363739;0.40226805210113525;-0.05062628164887428;0.6603775024414062;0.9999212026596069;True
74;15;LEFT_WRIST;0.257345974445343;0.4391661286354065;-0.14508149027824402;0.8074373602867126;0.9999932050704956;True
74;16;RIGHT_WRIST;0.3791184723377228;0.36805471777915955;-0.05821997672319412;0.3619515299797058;0.9999719858169556;True
74;17;LEFT_PINKY;0.2485729157924652;0.446481317281723;-0.15389606356620789;0.754345715045929;0.9999669790267944;True
74;18;RIGHT_PINKY;0.373096764087677;0.36462798714637756;-0.06124989315867424;0.358003705739975;0.9999091625213623;True
74;19;LEFT_INDEX;0.25014275312423706;0.4498968720436096;-0.1510770320892334;0.7549576759338379;0.999967098236084;True
74;20;RIGHT_INDEX;0.3697088062763214;0.3652005195617676;-0.06667537987232208;0.35006189346313477;0.9999237060546875;True
74;21;LEFT_THUMB;0.25393378734588623;0.4507899582386017;-0.14336875081062317;0.6960523724555969;0.9999831914901733;True
74;22;RIGHT_THUMB;0.3713586926460266;0.3693535327911377;-0.061888404190540314;0.31854090094566345;0.9999638795852661;True
74;23;LEFT_HIP;0.31484392285346985;0.5340575575828552;-0.015582394786179066;0.9999926686286926;0.9999991655349731;True
74;24;RIGHT_HIP;0.3384588658809662;0.5401121377944946;0.015382871963083744;0.999991238117218;0.999998927116394;True
74;25;LEFT_KNEE;0.30429208278656006;0.650978684425354;-0.05165800824761391;0.7652238011360168;0.9995125532150269;True
74;26;RIGHT_KNEE;0.3390631377696991;0.6441431045532227;-0.024986006319522858;0.8126063346862793;0.9996863603591919;True
74;27;LEFT_ANKLE;0.34819334745407104;0.7094852924346924;-0.10365112870931625;0.7717627286911011;0.9997819066047668;True
74;28;RIGHT_ANKLE;0.362185001373291;0.7117259502410889;-0.12148357927799225;0.7850490808486938;0.999783456325531;True
74;29;LEFT_HEEL;0.35532793402671814;0.7098053097724915;-0.1094396561384201;0.9399895071983337;0.999588668346405;True
74;30;RIGHT_HEEL;0.3632768392562866;0.7184420228004456;-0.13129925727844238;0.9205478429794312;0.9997268319129944;True
74;31;LEFT_FOOT_INDEX;0.35609573125839233;0.7539585828781128;-0.1258053183555603;0.7812762260437012;0.999749481678009;True
74;32;RIGHT_FOOT_INDEX;0.37100109457969666;0.7513129115104675;-0.1548137068748474;0.7217556834220886;0.9996747970581055;True
75;0;NOSE;0.32986098527908325;0.32899010181427;0.079844631254673;0.9996213316917419;0.9999990463256836;True
75;1;LEFT_EYE_INNER;0.3290656507015228;0.32050102949142456;0.06474824994802475;0.999697208404541;0.9999990463256836;True
75;2;LEFT_EYE;0.32796767354011536;0.3198528289794922;0.06462232023477554;0.9996485114097595;0.9999992847442627;True
75;3;LEFT_EYE_OUTER;0.3269154131412506;0.3191637098789215;0.06459697335958481;0.9997676610946655;0.9999991655349731;True
75;4;RIGHT_EYE_INNER;0.33303117752075195;0.3219038248062134;0.07045485824346542;0.9997355341911316;0.9999974966049194;True
75;5;RIGHT_EYE;0.33489465713500977;0.32233649492263794;0.07033168524503708;0.9997208714485168;0.9999971389770508;True
75;6;RIGHT_EYE_OUTER;0.33689624071121216;0.32264864444732666;0.0703214481472969;0.9997916221618652;0.9999955892562866;True
75;7;LEFT_EAR;0.3270156681537628;0.3233172595500946;0.005991238635033369;0.99979567527771;0.9999994039535522;True
75;8;RIGHT_EAR;0.33959734439849854;0.32810547947883606;0.031163351610302925;0.9994469285011292;0.9999926090240479;True
75;9;MOUTH_LEFT;0.3275216519832611;0.3364860415458679;0.06246905401349068;0.999194860458374;0.9999985694885254;True
75;10;MOUTH_RIGHT;0.33190879225730896;0.3380374014377594;0.06872338801622391;0.9988513588905334;0.9999912977218628;True
75;11;LEFT_SHOULDER;0.3068579435348511;0.3723280131816864;-0.04877571389079094;0.9999814033508301;0.9999991655349731;True
75;12;RIGHT_SHOULDER;0.35911640524864197;0.3817611634731293;0.006038190331310034;0.9999155402183533;0.9999538660049438;True
75;13;LEFT_ELBOW;0.2781217396259308;0.42120516300201416;-0.07033608108758926;0.978597104549408;0.9999879598617554;True
75;14;RIGHT_ELBOW;0.38859614729881287;0.37737762928009033;0.06194896623492241;0.6604865193367004;0.9999185800552368;True
75;15;LEFT_WRIST;0.2548827528953552;0.47131720185279846;-0.04359151050448418;0.8261839747428894;0.9999969005584717;True
75;16;RIGHT_WRIST;0.374509334564209;0.3219239115715027;0.12565185129642487;0.42240121960639954;0.9999916553497314;True
75;17;LEFT_PINKY;0.24990764260292053;0.4890590012073517;-0.04313031956553459;0.7779152989387512;0.9999872446060181;True
75;18;RIGHT_PINKY;0.3721677362918854;0.3070272207260132;0.1371571272611618;0.4194520115852356;0.9999761581420898;True
75;19;LEFT_INDEX;0.2514878213405609;0.49207136034965515;-0.04001143202185631;0.7784157395362854;0.999985933303833;True
75;20;RIGHT_INDEX;0.36873066425323486;0.30648550391197205;0.13450445234775543;0.41212740540504456;0.9999765157699585;True
75;21;LEFT_THUMB;0.2549358308315277;0.4859131872653961;-0.04009829834103584;0.7244381904602051;0.999992847442627;True
75;22;RIGHT_THUMB;0.36886247992515564;0.3115851581096649;0.12487123906612396;0.3820440471172333;0.9999890327453613;True
75;23;LEFT_HIP;0.3118351399898529;0.5173591375350952;-0.021509511396288872;0.999993085861206;0.9999995231628418;True
75;24;RIGHT_HIP;0.3362593650817871;0.5214316844940186;0.021339232102036476;0.9999915957450867;0.9999988079071045;True
75;25;LEFT_KNEE;0.2924637794494629;0.6315939426422119;-0.04945826902985573;0.7459992170333862;0.9998756647109985;True
75;26;RIGHT_KNEE;0.3307783305644989;0.6288380026817322;-0.024474341422319412;0.809371829032898;0.9999030828475952;True
75;27;LEFT_ANKLE;0.31932517886161804;0.7108379602432251;-0.10197071731090546;0.7794702053070068;0.9999493360519409;True
75;28;RIGHT_ANKLE;0.35978633165359497;0.6943027377128601;-0.1275259107351303;0.7977250814437866;0.9999493360519409;True
75;29;LEFT_HEEL;0.32423320412635803;0.7136491537094116;-0.10698223859071732;0.9426344633102417;0.9998698234558105;True
75;30;RIGHT_HEEL;0.35433846712112427;0.7101755142211914;-0.1384882628917694;0.9260357618331909;0.9999262094497681;True
75;31;LEFT_FOOT_INDEX;0.3168693780899048;0.765161395072937;-0.11904707551002502;0.7943606376647949;0.9998231530189514;True
75;32;RIGHT_FOOT_INDEX;0.36042484641075134;0.7465485334396362;-0.1604340821504593;0.7421973347663879;0.9997567534446716;True
76;0;NOSE;0.3287924528121948;0.32518455386161804;0.09896620362997055;0.9996587038040161;1.0;True
76;1;LEFT_EYE_INNER;0.3285817801952362;0.317441463470459;0.08285629749298096;0.9997272491455078;1.0;True
76;2;LEFT_EYE;0.3274368941783905;0.31707727909088135;0.08271278440952301;0.9996834397315979;1.0;True
76;3;LEFT_EYE_OUTER;0.3262794315814972;0.3165290653705597;0.0827217549085617;0.9997907280921936;1.0;True
76;4;RIGHT_EYE_INNER;0.3322521150112152;0.3186427056789398;0.09113331139087677;0.9997615814208984;0.9999998807907104;True
76;5;RIGHT_EYE;0.3339232802391052;0.31922081112861633;0.09107032418251038;0.9997483491897583;0.9999998807907104;True
76;6;RIGHT_EYE_OUTER;0.3357548713684082;0.3196485638618469;0.09114716202020645;0.9998120069503784;0.9999998807907104;True
76;7;LEFT_EAR;0.32532158493995667;0.32143303751945496;0.007825067266821861;0.9998160004615784;1.0;True
76;8;RIGHT_EAR;0.3389163315296173;0.32610493898391724;0.05178476497530937;0.9995009303092957;0.9999996423721313;True
76;9;MOUTH_LEFT;0.3262852132320404;0.3337266147136688;0.07789244502782822;0.9992740154266357;0.9999998807907104;True
76;10;MOUTH_RIGHT;0.33057597279548645;0.3353157043457031;0.08814557641744614;0.9989628195762634;0.9999995231628418;True
76;11;LEFT_SHOULDER;0.30393022298812866;0.3708629608154297;-0.043764419853687286;0.9999831318855286;0.9999998807907104;True
76;12;RIGHT_SHOULDER;0.3561944365501404;0.3828928768634796;0.055370498448610306;0.9999215006828308;0.9999946355819702;True
76;13;LEFT_ELBOW;0.2775501310825348;0.42939919233322144;-0.033813197165727615;0.980100691318512;0.9999964237213135;True
76;14;RIGHT_ELBOW;0.3857429325580597;0.3752979338169098;0.09313535690307617;0.6674001812934875;0.9999715089797974;True
76;15;LEFT_WRIST;0.25381454825401306;0.47682222723960876;0.03402944281697273;0.8418332934379578;0.999998927116394;True
76;16;RIGHT_WRIST;0.37417715787887573;0.32077130675315857;0.1491227000951767;0.47656193375587463;0.9999960660934448;True
76;17;LEFT_PINKY;0.25029438734054565;0.49688342213630676;0.041809551417827606;0.7970774173736572;0.9999961853027344;True
76;18;RIGHT_PINKY;0.37307029962539673;0.30541133880615234;0.16105154156684875;0.4749413728713989;0.9999908208847046;True
76;19;LEFT_INDEX;0.2513444125652313;0.49877116084098816;0.04594949260354042;0.7974256873130798;0.9999958276748657;True
76;20;RIGHT_INDEX;0.3694919943809509;0.3045182526111603;0.16062679886817932;0.46820566058158875;0.9999901056289673;True
76;21;LEFT_THUMB;0.2543966770172119;0.4923013746738434;0.03958779573440552;0.7468007206916809;0.9999978542327881;True
76;22;RIGHT_THUMB;0.3691425919532776;0.3089808523654938;0.14939287304878235;0.43955129384994507;0.999995231628418;True
76;23;LEFT_HIP;0.3106289505958557;0.5181501507759094;-0.026635533198714256;0.9999933838844299;0.9999997615814209;True
76;24;RIGHT_HIP;0.33551135659217834;0.5228661298751831;0.02645190805196762;0.9999918937683105;0.9999994039535522;True
76;25;LEFT_KNEE;0.2903289496898651;0.6292353272438049;-0.055073387920856476;0.76473069190979;0.9999781847000122;True
76;26;RIGHT_KNEE;0.3313073217868805;0.6289957761764526;0.008471728302538395;0.8143105506896973;0.9999805688858032;True
76;27;LEFT_ANKLE;0.3128887116909027;0.6961944103240967;-0.1371568888425827;0.7968891859054565;0.9999864101409912;True
76;28;RIGHT_ANKLE;0.3597644567489624;0.6921916007995605;-0.11238396167755127;0.8118282556533813;0.999987006187439;True
76;29;LEFT_HEEL;0.3188137710094452;0.6997421979904175;-0.14524412155151367;0.9473046064376831;0.9999594688415527;True
76;30;RIGHT_HEEL;0.3533174395561218;0.7075870037078857;-0.12474144995212555;0.9314016699790955;0.9999744892120361;True
76;31;LEFT_FOOT_INDEX;0.3113176226615906;0.7476747632026672;-0.1532476246356964;0.8112772107124329;0.9999276399612427;True
76;32;RIGHT_FOOT_INDEX;0.35568708181381226;0.7399550080299377;-0.14227773249149323;0.7628895044326782;0.9999169111251831;True
77;0;NOSE;0.323949933052063;0.32308855652809143;0.13437236845493317;0.9996907114982605;0.9999998807907104;True
77;1;LEFT_EYE_INNER;0.32327941060066223;0.3158426582813263;0.12095698714256287;0.9997537136077881;0.9999998807907104;True
77;2;LEFT_EYE;0.32189956307411194;0.31544065475463867;0.12083175778388977;0.9997143149375916;0.9999998807907104;True
77;3;LEFT_EYE_OUTER;0.32069653272628784;0.31492555141448975;0.12080121040344238;0.9998111724853516;0.9999998807907104;True
77;4;RIGHT_EYE_INNER;0.3276822865009308;0.3168793320655823;0.12852372229099274;0.9997838735580444;0.9999997615814209;True
77;5;RIGHT_EYE;0.3293197751045227;0.31723523139953613;0.12842892110347748;0.9997717142105103;0.9999996423721313;True
77;6;RIGHT_EYE_OUTER;0.3309522271156311;0.31744927167892456;0.12845547497272491;0.9998289346694946;0.9999994039535522;True
77;7;LEFT_EAR;0.3203994333744049;0.3200458288192749;0.06097521632909775;0.9998341202735901;1.0;True
77;8;RIGHT_EAR;0.3343229293823242;0.32382723689079285;0.09537699818611145;0.9995461702346802;0.9999990463256836;True
77;9;MOUTH_LEFT;0.3209177553653717;0.33073943853378296;0.11604856699705124;0.9993438124656677;0.9999998807907104;True
77;10;MOUTH_RIGHT;0.3256129324436188;0.33200937509536743;0.12492752075195312;0.9990575909614563;0.9999991655349731;True
77;11;LEFT_SHOULDER;0.3018931448459625;0.371946781873703;-3.5093093174509704e-05;0.9999846816062927;0.9999998807907104;True
77;12;RIGHT_SHOULDER;0.35027170181274414;0.37661728262901306;0.09402330219745636;0.999925434589386;0.9999884366989136;True
77;13;LEFT_ELBOW;0.279462605714798;0.4379909038543701;-0.01761588454246521;0.9817248582839966;0.9999963045120239;True
77;14;RIGHT_ELBOW;0.3782733976840973;0.36488351225852966;0.12955501675605774;0.6593541502952576;0.9999587535858154;True
77;15;LEFT_WRIST;0.2553257644176483;0.4835050702095032;0.02643289975821972;0.8571183085441589;0.9999991655349731;True
77;16;RIGHT_WRIST;0.37284353375434875;0.315528005361557;0.19003038108348846;0.5240709781646729;0.999993085861206;True
77;17;LEFT_PINKY;0.2513214945793152;0.5016767978668213;0.029251109808683395;0.816394567489624;0.9999969005584717;True
77;18;RIGHT_PINKY;0.3729642927646637;0.3048395812511444;0.20202282071113586;0.5237935781478882;0.9999834299087524;True
77;19;LEFT_INDEX;0.25166428089141846;0.5013468861579895;0.03513159975409508;0.8166552186012268;0.9999966621398926;True
77;20;RIGHT_INDEX;0.36969390511512756;0.30253058671951294;0.20201322436332703;0.5176723599433899;0.9999829530715942;True
77;21;LEFT_THUMB;0.25406453013420105;0.49544423818588257;0.031864896416664124;0.7700998187065125;0.9999982118606567;True
77;22;RIGHT_THUMB;0.36898836493492126;0.3056156635284424;0.19037792086601257;0.48972010612487793;0.9999915361404419;True
77;23;LEFT_HIP;0.31146523356437683;0.5131275653839111;-0.028215425089001656;0.9999936819076538;0.9999997615814209;True
77;24;RIGHT_HIP;0.3349577486515045;0.5195997357368469;0.028003785759210587;0.9999922513961792;0.9999991655349731;True
77;25;LEFT_KNEE;0.287159264087677;0.6213154196739197;-0.07383442670106888;0.7794256210327148;0.9999691247940063;True
77;26;RIGHT_KNEE;0.3318425416946411;0.6307430863380432;-0.0024020341224968433;0.8248142600059509;0.9999587535858154;True
77;27;LEFT_ANKLE;0.30034923553466797;0.696584939956665;-0.18348518013954163;0.814418375492096;0.9999831914901733;True
77;28;RIGHT_ANKLE;0.35638588666915894;0.7044765949249268;-0.1360275000333786;0.8284716010093689;0.9999606609344482;True
77;29;LEFT_HEEL;0.3079690933227539;0.7030788064002991;-0.1943672001361847;0.9519175291061401;0.9999443292617798;True
77;30;RIGHT_HEEL;0.35831326246261597;0.7170525193214417;-0.15121866762638092;0.9374395608901978;0.9999251365661621;True
77;31;LEFT_FOOT_INDEX;0.2952727675437927;0.7562106251716614;-0.2181871384382248;0.8280278444290161;0.9998252987861633;True
77;32;RIGHT_FOOT_INDEX;0.35025107860565186;0.7420449256896973;-0.18239878118038177;0.7843198776245117;0.9996352195739746;True
78;0;NOSE;0.32196372747421265;0.3235868513584137;0.13893459737300873;0.9997174143791199;0.9999997615814209;True
78;1;LEFT_EYE_INNER;0.3220345675945282;0.31620660424232483;0.1264207661151886;0.9997764229774475;0.9999997615814209;True
78;2;LEFT_EYE;0.3209554851055145;0.31605076789855957;0.1262960135936737;0.9997410178184509;0.9999997615814209;True
78;3;LEFT_EYE_OUTER;0.31990206241607666;0.31579944491386414;0.12627188861370087;0.9998288154602051;0.9999997615814209;True
78;4;RIGHT_EYE_INNER;0.3256107568740845;0.3170531690120697;0.13358549773693085;0.9998021125793457;0.9999992847442627;True
78;5;RIGHT_EYE;0.3272744119167328;0.3175034523010254;0.1334831267595291;0.9997907876968384;0.9999991655349731;True
78;6;RIGHT_EYE_OUTER;0.3289937376976013;0.31783702969551086;0.13350293040275574;0.9998422861099243;0.9999986886978149;True
78;7;LEFT_EAR;0.31916025280952454;0.32066458463668823;0.06983006000518799;0.9998499155044556;0.9999998807907104;True
78;8;RIGHT_EAR;0.3321991562843323;0.3230941593647003;0.10168267041444778;0.9995813965797424;0.9999977350234985;True
78;9;MOUTH_LEFT;0.3196243941783905;0.33191466331481934;0.12119563668966293;0.9994028210639954;0.9999996423721313;True
78;10;MOUTH_RIGHT;0.32384008169174194;0.33336925506591797;0.12943007051944733;0.9991343021392822;0.9999982118606567;True
78;11;LEFT_SHOULDER;0.30215340852737427;0.37149491906166077;0.009931953623890877;0.999985933303833;0.9999996423721313;True
78;12;RIGHT_SHOULDER;0.3491881191730499;0.3769460618495941;0.0980062484741211;0.9999276399612427;0.9999803304672241;True
78;13;LEFT_ELBOW;0.28103503584861755;0.4373735785484314;-0.0045029353350400925;0.9826590418815613;0.9999933242797852;True
78;14;RIGHT_ELBOW;0.37404346466064453;0.3656739294528961;0.13244585692882538;0.6418660283088684;0.9999302625656128;True
78;15;LEFT_WRIST;0.2556045353412628;0.48244285583496094;0.03307131677865982;0.8699744343757629;0.9999979734420776;True
78;16;RIGHT_WRIST;0.37192296981811523;0.3167966604232788;0.19360685348510742;0.5624156594276428;0.9999868869781494;True
78;17;LEFT_PINKY;0.25143441557884216;0.5008844137191772;0.035292789340019226;0.8325002193450928;0.9999915361404419;True
78;18;RIGHT_PINKY;0.3726377487182617;0.3085269629955292;0.20525775849819183;0.5644323229789734;0.999963641166687;True
78;19;LEFT_INDEX;0.2513411045074463;0.501308262348175;0.041999928653240204;0.8326206207275391;0.9999916553497314;True
78;20;RIGHT_INDEX;0.3694647252559662;0.30523696541786194;0.206382617354393;0.5589935183525085;0.9999639987945557;True
78;21;LEFT_THUMB;0.25373074412345886;0.4955327808856964;0.03866316378116608;0.7886326313018799;0.9999955892562866;True
78;22;RIGHT_THUMB;0.36867615580558777;0.30798768997192383;0.19453705847263336;0.5300379991531372;0.9999825954437256;True
78;23;LEFT_HIP;0.3112433850765228;0.510036826133728;-0.027975082397460938;0.9999937415122986;0.9999995231628418;True
78;24;RIGHT_HIP;0.3345186412334442;0.5174339413642883;0.02774210087954998;0.9999921321868896;0.9999985694885254;True
78;25;LEFT_KNEE;0.2870851755142212;0.6216455698013306;-0.07990478724241257;0.7901698350906372;0.9999226331710815;True
78;26;RIGHT_KNEE;0.33302024006843567;0.6310875415802002;-0.009290860965847969;0.8278658390045166;0.9999066591262817;True
78;27;LEFT_ANKLE;0.29912668466567993;0.6973140835762024;-0.19948416948318481;0.82773756980896;0.9999616146087646;True
78;28;RIGHT_ANKLE;0.3553611934185028;0.710699200630188;-0.16455619037151337;0.8402824401855469;0.9999105930328369;True
78;29;LEFT_HEEL;0.3066520094871521;0.7013124227523804;-0.21126578748226166;0.9553002715110779;0.9998774528503418;True
78;30;RIGHT_HEEL;0.3563385307788849;0.7218255996704102;-0.18068045377731323;0.9410416483879089;0.99981290102005;True
78;31;LEFT_FOOT_INDEX;0.2953951954841614;0.7613638639450073;-0.2336455136537552;0.8399026989936829;0.9995030164718628;True
78;32;RIGHT_FOOT_INDEX;0.3475768268108368;0.7598206996917725;-0.21229980885982513;0.8002288341522217;0.9989369511604309;True
79;0;NOSE;0.3173292279243469;0.321912556886673;0.1340160071849823;0.9997429847717285;0.9999996423721313;True
79;1;LEFT_EYE_INNER;0.31717339158058167;0.3149275481700897;0.11799582093954086;0.9997973442077637;0.9999996423721313;True
79;2;LEFT_EYE;0.3160971701145172;0.31481632590293884;0.11786589026451111;0.9997657537460327;0.9999997615814209;True
79;3;LEFT_EYE_OUTER;0.3150539696216583;0.3146161139011383;0.11779918521642685;0.9998450875282288;0.9999996423721313;True
79;4;RIGHT_EYE_INNER;0.32066306471824646;0.315617173910141;0.12274062633514404;0.9998195767402649;0.9999991655349731;True
79;5;RIGHT_EYE;0.32213640213012695;0.31608831882476807;0.12262322008609772;0.9998093843460083;0.9999990463256836;True
79;6;RIGHT_EYE_OUTER;0.32366302609443665;0.31646648049354553;0.1226179376244545;0.9998555183410645;0.9999988079071045;True
79;7;LEFT_EAR;0.31482183933258057;0.3199039697647095;0.05947965383529663;0.9998644590377808;0.9999997615814209;True
79;8;RIGHT_EAR;0.3268914222717285;0.32196879386901855;0.09078934043645859;0.9996180534362793;0.9999984502792358;True
79;9;MOUTH_LEFT;0.3151785433292389;0.32946327328681946;0.1139436811208725;0.999458909034729;0.9999996423721313;True
79;10;MOUTH_RIGHT;0.31890755891799927;0.33139094710350037;0.11922665685415268;0.9992121458053589;0.9999984502792358;True
79;11;LEFT_SHOULDER;0.30069786310195923;0.3744499981403351;0.0019092595903202891;0.9999869465827942;0.9999995231628418;True
79;12;RIGHT_SHOULDER;0.3448048233985901;0.3696458339691162;0.10568035393953323;0.9999297857284546;0.9999879598617554;True
79;13;LEFT_ELBOW;0.2820601463317871;0.4442133605480194;-0.005209645256400108;0.9837883114814758;0.9999854564666748;True
79;14;RIGHT_ELBOW;0.35989367961883545;0.3428826928138733;0.18493305146694183;0.631429135799408;0.9999728202819824;True
79;15;LEFT_WRIST;0.25637829303741455;0.48707881569862366;0.02245585061609745;0.8820194005966187;0.9999972581863403;True
79;16;RIGHT_WRIST;0.3673051595687866;0.30563706159591675;0.289694219827652;0.59890216588974;0.9999973773956299;True
79;17;LEFT_PINKY;0.2513009309768677;0.5054567456245422;0.022571980953216553;0.8477078080177307;0.9999911785125732;True
79;18;RIGHT_PINKY;0.370503693819046;0.2988695502281189;0.3081406354904175;0.6020336747169495;0.999992847442627;True
79;19;LEFT_INDEX;0.24998979270458221;0.504652738571167;0.028880001977086067;0.8477513194084167;0.9999911785125732;True
79;20;RIGHT_INDEX;0.3689359724521637;0.29604485630989075;0.3082466125488281;0.596994936466217;0.999993085861206;True
79;21;LEFT_THUMB;0.2525719702243805;0.49877116084098816;0.027984866872429848;0.8063291311264038;0.999995231628418;True
79;22;RIGHT_THUMB;0.36758899688720703;0.29859915375709534;0.29165950417518616;0.567115306854248;0.9999964237213135;True
79;23;LEFT_HIP;0.3119504153728485;0.5111907720565796;-0.03490026667714119;0.9999934434890747;0.999998927116394;True
79;24;RIGHT_HIP;0.33455055952072144;0.5171121954917908;0.0346926711499691;0.9999915361404419;0.9999978542327881;True
79;25;LEFT_KNEE;0.28465768694877625;0.621015727519989;-0.09243818372488022;0.8071843981742859;0.9999587535858154;True
79;26;RIGHT_KNEE;0.33256277441978455;0.6315227746963501;-0.009296468459069729;0.838239312171936;0.9999692440032959;True
79;27;LEFT_ANKLE;0.2864168584346771;0.7015348076820374;-0.1856677234172821;0.843484103679657;0.9999783039093018;True
79;28;RIGHT_ANKLE;0.34517690539360046;0.7259766459465027;-0.11649516969919205;0.8537188172340393;0.9999678134918213;True
79;29;LEFT_HEEL;0.2943398058414459;0.7085411548614502;-0.1949208378791809;0.9587495923042297;0.999933123588562;True
79;30;RIGHT_HEEL;0.3515632748603821;0.7383090257644653;-0.12735499441623688;0.9444997310638428;0.9999394416809082;True
79;31;LEFT_FOOT_INDEX;0.27830296754837036;0.7651378512382507;-0.2179109752178192;0.8536739349365234;0.9997143149375916;True
79;32;RIGHT_FOOT_INDEX;0.3322734534740448;0.7820254564285278;-0.15430417656898499;0.8161475658416748;0.9996175765991211;True
80;0;NOSE;0.3108973503112793;0.3241104483604431;0.1281357854604721;0.9997639656066895;0.999998927116394;True
80;1;LEFT_EYE_INNER;0.3103964626789093;0.3179618716239929;0.11687242239713669;0.999815046787262;0.999998927116394;True
80;2;LEFT_EYE;0.3093308210372925;0.3179818093776703;0.1167357936501503;0.999786913394928;0.9999991655349731;True
80;3;LEFT_EYE_OUTER;0.3082602620124817;0.3178645968437195;0.11656813323497772;0.9998592138290405;0.9999991655349731;True
80;4;RIGHT_EYE_INNER;0.3139633536338806;0.31812769174575806;0.11872081458568573;0.9998332262039185;0.9999974966049194;True
80;5;RIGHT_EYE;0.31550902128219604;0.3184092342853546;0.11859796196222305;0.9998236298561096;0.9999970197677612;True
80;6;RIGHT_EYE_OUTER;0.31730741262435913;0.31857872009277344;0.11858456581830978;0.9998651146888733;0.9999959468841553;True
80;7;LEFT_EAR;0.3088054358959198;0.3229478895664215;0.05681813880801201;0.9998770952224731;0.9999994039535522;True
80;8;RIGHT_EAR;0.32119545340538025;0.32297569513320923;0.09183122962713242;0.9996447563171387;0.9999942779541016;True
80;9;MOUTH_LEFT;0.309171587228775;0.33178040385246277;0.11200173199176788;0.9995071291923523;0.9999990463256836;True
80;10;MOUTH_RIGHT;0.3129669427871704;0.3323341906070709;0.11520086228847504;0.9992754459381104;0.9999951124191284;True
80;11;LEFT_SHOULDER;0.30039945244789124;0.37553468346595764;0.00040567791438661516;0.9999874234199524;0.999998927116394;True
80;12;RIGHT_SHOULDER;0.3393556773662567;0.36296117305755615;0.11061763018369675;0.9999212026596069;0.9999611377716064;True
80;13;LEFT_ELBOW;0.28251174092292786;0.44639894366264343;-0.022339509800076485;0.9833433628082275;0.9999727010726929;True
80;14;RIGHT_ELBOW;0.3458192050457001;0.32454928755760193;0.18359851837158203;0.6173181533813477;0.9999514818191528;True
80;15;LEFT_WRIST;0.2574862539768219;0.48657137155532837;-0.009487105533480644;0.8903558850288391;0.9999963045120239;True
80;16;RIGHT_WRIST;0.35531461238861084;0.2909548878669739;0.2838255763053894;0.6142245531082153;0.9999849796295166;True
80;17;LEFT_PINKY;0.25232845544815063;0.5055224895477295;-0.013759714551270008;0.858121395111084;0.9999891519546509;True
80;18;RIGHT_PINKY;0.35960763692855835;0.2807796895503998;0.299578458070755;0.6188367605209351;0.9999556541442871;True
80;19;LEFT_INDEX;0.25081491470336914;0.5048365592956543;-0.00731505686417222;0.8579692244529724;0.9999891519546509;True
80;20;RIGHT_INDEX;0.3589645326137543;0.2769424021244049;0.29997286200523376;0.6122962832450867;0.9999547004699707;True
80;21;LEFT_THUMB;0.25344929099082947;0.49865156412124634;-0.004615593235939741;0.8149803280830383;0.9999939203262329;True
80;22;RIGHT_THUMB;0.35774901509284973;0.2783205211162567;0.2853374779224396;0.5773208141326904;0.9999773502349854;True
80;23;LEFT_HIP;0.3122190237045288;0.5113829374313354;-0.037794437259435654;0.9999925494194031;0.9999980926513672;True
80;24;RIGHT_HIP;0.3346562087535858;0.5179645419120789;0.037609703838825226;0.999989926815033;0.9999960660934448;True
80;25;LEFT_KNEE;0.282175749540329;0.6176602840423584;-0.08785367757081985;0.8231985569000244;0.9999663829803467;True
80;26;RIGHT_KNEE;0.33198821544647217;0.6328540444374084;-0.0005456520011648536;0.8416864275932312;0.9999693632125854;True
80;27;LEFT_ANKLE;0.27177053689956665;0.707900881767273;-0.17325861752033234;0.8573986291885376;0.9999643564224243;True
80;28;RIGHT_ANKLE;0.33540982007980347;0.738264799118042;-0.07588554173707962;0.8643182516098022;0.9999468326568604;True
80;29;LEFT_HEEL;0.2792451083660126;0.7155680060386658;-0.1831108182668686;0.9610679745674133;0.9998815059661865;True
80;30;RIGHT_HEEL;0.34100425243377686;0.7549616694450378;-0.08431345969438553;0.9457238912582397;0.9998903274536133;True
80;31;LEFT_FOOT_INDEX;0.2571888267993927;0.7677933573722839;-0.20405571162700653;0.8651266098022461;0.9995540976524353;True
80;32;RIGHT_FOOT_INDEX;0.321419358253479;0.7859622836112976;-0.11637965589761734;0.8266435861587524;0.9993670582771301;True
81;0;NOSE;0.30604317784309387;0.3264000713825226;0.13757191598415375;0.9997729063034058;0.9999934434890747;True
81;1;LEFT_EYE_INNER;0.3061475455760956;0.3204800486564636;0.12457335740327835;0.9998258352279663;0.9999948740005493;True
81;2;LEFT_EYE;0.30509501695632935;0.32060760259628296;0.12445346266031265;0.9998018145561218;0.9999961853027344;True
81;3;LEFT_EYE_OUTER;0.30407440662384033;0.32059937715530396;0.12443331629037857;0.9998694658279419;0.9999963045120239;True
81;4;RIGHT_EYE_INNER;0.30962073802948;0.3203781545162201;0.13273361325263977;0.9998374581336975;0.9999854564666748;True
81;5;RIGHT_EYE;0.31105372309684753;0.3205786347389221;0.1326097995042801;0.9998272657394409;0.9999830722808838;True
81;6;RIGHT_EYE_OUTER;0.31263571977615356;0.32059332728385925;0.1326013207435608;0.9998639822006226;0.999976634979248;True
81;7;LEFT_EAR;0.3045729994773865;0.3257582485675812;0.06534001231193542;0.9998875856399536;0.9999983310699463;True
81;8;RIGHT_EAR;0.31589266657829285;0.3252345025539398;0.10689777880907059;0.9996575713157654;0.9999743700027466;True
81;9;MOUTH_LEFT;0.3042451739311218;0.3344377875328064;0.12015564739704132;0.9995428919792175;0.999996542930603;True
81;10;MOUTH_RIGHT;0.30788442492485046;0.33463364839553833;0.13009878993034363;0.9993099570274353;0.9999798536300659;True
81;11;LEFT_SHOULDER;0.3013351857662201;0.3770195543766022;0.003207474946975708;0.9999874830245972;0.9999983310699463;True
81;12;RIGHT_SHOULDER;0.3303593695163727;0.3663650155067444;0.12768884003162384;0.9998863935470581;0.9998736381530762;True
81;13;LEFT_ELBOW;0.28309395909309387;0.453657865524292;-0.008000091649591923;0.9835123419761658;0.9999475479125977;True
81;14;RIGHT_ELBOW;0.33839181065559387;0.3523179888725281;0.2054404318332672;0.5708063840866089;0.9996860027313232;True
81;15;LEFT_WRIST;0.25636526942253113;0.4890398383140564;0.04746558144688606;0.8958714008331299;0.9999904632568359;True
81;16;RIGHT_WRIST;0.33810189366340637;0.3155376613140106;0.3178592026233673;0.5756742358207703;0.9998546838760376;True
81;17;LEFT_PINKY;0.250449001789093;0.5078487992286682;0.04937778413295746;0.8644429445266724;0.9999674558639526;True
81;18;RIGHT_PINKY;0.3414095640182495;0.30491527915000916;0.3374510407447815;0.5843023657798767;0.9996955394744873;True
81;19;LEFT_INDEX;0.2488676756620407;0.5059158205986023;0.057166438549757004;0.8638313412666321;0.9999682903289795;True
81;20;RIGHT_INDEX;0.33894553780555725;0.3020695447921753;0.3400270342826843;0.5760878920555115;0.9996910095214844;True
81;21;LEFT_THUMB;0.251494824886322;0.4998774826526642;0.05390418693423271;0.8185284733772278;0.9999829530715942;True
81;22;RIGHT_THUMB;0.3358384370803833;0.30623525381088257;0.3204314410686493;0.5415223240852356;0.9998258948326111;True
81;23;LEFT_HIP;0.3126417398452759;0.5142661333084106;-0.04265880957245827;0.9999911189079285;0.999996542930603;True
81;24;RIGHT_HIP;0.3347042500972748;0.5202900767326355;0.0425388365983963;0.999986469745636;0.9999923706054688;True
81;25;LEFT_KNEE;0.27890291810035706;0.6120694279670715;-0.08460969477891922;0.8394243717193604;0.9999752044677734;True
81;26;RIGHT_KNEE;0.3295547366142273;0.633240282535553;0.01662955805659294;0.8484545946121216;0.9999678134918213;True
81;27;LEFT_ANKLE;0.25911012291908264;0.7115591168403625;-0.1388230323791504;0.8706035614013672;0.9999401569366455;True
81;28;RIGHT_ANKLE;0.32645437121391296;0.7432757616043091;-0.03827057033777237;0.8748091459274292;0.9999125003814697;True
81;29;LEFT_HEEL;0.2639566957950592;0.722198486328125;-0.14402411878108978;0.9635055661201477;0.9997988343238831;True
81;30;RIGHT_HEEL;0.33197256922721863;0.7616285681724548;-0.04426512494683266;0.9485071897506714;0.9998248219490051;True
81;31;LEFT_FOOT_INDEX;0.23764076828956604;0.7668203711509705;-0.17434640228748322;0.8753693103790283;0.9992363452911377;True
81;32;RIGHT_FOOT_INDEX;0.30954229831695557;0.7863938212394714;-0.06989657133817673;0.8367956876754761;0.9989832043647766;True
82;0;NOSE;0.300091415643692;0.3270716071128845;0.14412501454353333;0.9997913837432861;0.9999986886978149;True
82;1;LEFT_EYE_INNER;0.3009999990463257;0.3213459849357605;0.13226589560508728;0.9998411536216736;0.999998927116394;True
82;2;LEFT_EYE;0.30046749114990234;0.32183122634887695;0.13215836882591248;0.9998194575309753;0.9999990463256836;True
82;3;LEFT_EYE_OUTER;0.2998560965061188;0.32228025794029236;0.13219691812992096;0.9998812675476074;0.999998927116394;True
82;4;RIGHT_EYE_INNER;0.3035169541835785;0.32129913568496704;0.14450640976428986;0.9998511672019958;0.9999978542327881;True
82;5;RIGHT_EYE;0.3046397566795349;0.3219987452030182;0.1443735808134079;0.9998415112495422;0.9999977350234985;True
82;6;RIGHT_EYE_OUTER;0.30573570728302;0.3224404454231262;0.1443747878074646;0.999875009059906;0.9999970197677612;True
82;7;LEFT_EAR;0.3020566999912262;0.3271454870700836;0.07654155045747757;0.9998978972434998;0.9999992847442627;True
82;8;RIGHT_EAR;0.30976393818855286;0.3279731869697571;0.13350185751914978;0.9996868968009949;0.9999969005584717;True
82;9;MOUTH_LEFT;0.29979652166366577;0.3359661102294922;0.12709297239780426;0.9995841383934021;0.999998927116394;True
82;10;MOUTH_RIGHT;0.3020710051059723;0.3351020812988281;0.1421191245317459;0.9993691444396973;0.9999955892562866;True
82;11;LEFT_SHOULDER;0.30250972509384155;0.3825891613960266;0.01144819799810648;0.9999865889549255;0.9999973773956299;True
82;12;RIGHT_SHOULDER;0.3275744318962097;0.37166133522987366;0.16156530380249023;0.9998722672462463;0.9999585151672363;True
82;13;LEFT_ELBOW;0.28506213426589966;0.4587555527687073;0.014437871053814888;0.9800111651420593;0.9998743534088135;True
82;14;RIGHT_ELBOW;0.32601654529571533;0.3611067235469818;0.24828119575977325;0.530816376209259;0.9998756647109985;True
82;15;LEFT_WRIST;0.25565019249916077;0.4957455098628998;0.09395838528871536;0.8913159966468811;0.9999861717224121;True
82;16;RIGHT_WRIST;0.3108598291873932;0.3111720681190491;0.35529425740242004;0.5644787549972534;0.999970555305481;True
82;17;LEFT_PINKY;0.24905285239219666;0.5132657885551453;0.09906097501516342;0.8597834706306458;0.9999603033065796;True
82;18;RIGHT_PINKY;0.30968883633613586;0.2962385416030884;0.3742239773273468;0.5772937536239624;0.9999313354492188;True
82;19;LEFT_INDEX;0.24712790548801422;0.5093384385108948;0.10495283454656601;0.8580921292304993;0.9999631643295288;True
82;20;RIGHT_INDEX;0.3080180883407593;0.2933341860771179;0.3751222789287567;0.5670295357704163;0.9999319314956665;True
82;21;LEFT_THUMB;0.2497701495885849;0.5042027235031128;0.10037621110677719;0.8075799345970154;0.9999806880950928;True
82;22;RIGHT_THUMB;0.30645760893821716;0.30003079771995544;0.3565244972705841;0.5332263708114624;0.9999644756317139;True
82;23;LEFT_HIP;0.312992662191391;0.5157939791679382;-0.049902595579624176;0.9999857544898987;0.9999914169311523;True
82;24;RIGHT_HIP;0.33422866463661194;0.5220474600791931;0.04979776591062546;0.9999802112579346;0.9999911785125732;True
82;25;LEFT_KNEE;0.2752290964126587;0.6140554547309875;-0.08164258301258087;0.8535313606262207;0.9999687671661377;True
82;26;RIGHT_KNEE;0.3240949213504791;0.634650468826294;0.010847827419638634;0.8528582453727722;0.9999837875366211;True
82;27;LEFT_ANKLE;0.24863985180854797;0.7136037349700928;-0.12003347277641296;0.8819108605384827;0.9998828172683716;True
82;28;RIGHT_ANKLE;0.32196903228759766;0.7477792501449585;-0.0424501858651638;0.8832277655601501;0.9999223947525024;True
82;29;LEFT_HEEL;0.2535317540168762;0.7399364113807678;-0.12446550279855728;0.9647189974784851;0.9996151924133301;True
82;30;RIGHT_HEEL;0.3276686370372772;0.7690244913101196;-0.04821699485182762;0.9500576853752136;0.9998268485069275;True
82;31;LEFT_FOOT_INDEX;0.22000454366207123;0.7538816332817078;-0.15941572189331055;0.8834768533706665;0.9990760087966919;True
82;32;RIGHT_FOOT_INDEX;0.2995743453502655;0.7880995869636536;-0.0779740959405899;0.8450195789337158;0.9992145299911499;True
83;0;NOSE;0.29951053857803345;0.3285812735557556;0.13836710155010223;0.9998111128807068;0.9999994039535522;True
83;1;LEFT_EYE_INNER;0.3006382882595062;0.32241323590278625;0.12724675238132477;0.9998564124107361;0.9999992847442627;True
83;2;LEFT_EYE;0.30015239119529724;0.3224351704120636;0.12714460492134094;0.999836802482605;0.9999992847442627;True
83;3;LEFT_EYE_OUTER;0.29959219694137573;0.32240650057792664;0.12717854976654053;0.9998927712440491;0.9999991655349731;True
83;4;RIGHT_EYE_INNER;0.30307233333587646;0.32308173179626465;0.13794833421707153;0.9998654127120972;0.9999988079071045;True
83;5;RIGHT_EYE;0.3042333722114563;0.32371675968170166;0.13781389594078064;0.9998565912246704;0.9999988079071045;True
83;6;RIGHT_EYE_OUTER;0.30539456009864807;0.3240780830383301;0.1378142535686493;0.9998868703842163;0.9999985694885254;True
83;7;LEFT_EAR;0.3013608753681183;0.32771387696266174;0.0758500024676323;0.9999078512191772;0.9999994039535522;True
83;8;RIGHT_EAR;0.30936315655708313;0.32922476530075073;0.12489093840122223;0.9997170567512512;0.9999985694885254;True
83;9;MOUTH_LEFT;0.29920193552970886;0.3364238739013672;0.1224379912018776;0.9996245503425598;0.9999992847442627;True
83;10;MOUTH_RIGHT;0.3014542758464813;0.33659058809280396;0.13538551330566406;0.9994299411773682;0.9999977350234985;True
83;11;LEFT_SHOULDER;0.3023545444011688;0.3863964378833771;0.016451049596071243;0.9999854564666748;0.9999958276748657;True
83;12;RIGHT_SHOULDER;0.32629960775375366;0.37487223744392395;0.14761710166931152;0.9998751282691956;0.9999792575836182;True
83;13;LEFT_ELBOW;0.2863582670688629;0.4619213938713074;0.03288327157497406;0.9773434400558472;0.9998527765274048;True
83;14;RIGHT_ELBOW;0.3138909637928009;0.3169829845428467;0.2167740911245346;0.5440655946731567;0.9999608993530273;True
83;15;LEFT_WRIST;0.2558133006095886;0.4958290457725525;0.12214015424251556;0.8924664258956909;0.9999808073043823;True
83;16;RIGHT_WRIST;0.30442026257514954;0.26084548234939575;0.3031025230884552;0.6017146706581116;0.9999899864196777;True
83;17;LEFT_PINKY;0.24899131059646606;0.5129175782203674;0.1291012018918991;0.8606317639350891;0.9999479055404663;True
83;18;RIGHT_PINKY;0.3027043044567108;0.2471276968717575;0.31727713346481323;0.6126695871353149;0.9999690055847168;True
83;19;LEFT_INDEX;0.24724987149238586;0.5093461871147156;0.13209356367588043;0.8583406805992126;0.9999496936798096;True
83;20;RIGHT_INDEX;0.30255889892578125;0.24850890040397644;0.3199354410171509;0.6025304794311523;0.9999697208404541;True
83;21;LEFT_THUMB;0.24950119853019714;0.5041598081588745;0.1273547112941742;0.8051769733428955;0.9999740123748779;True
83;22;RIGHT_THUMB;0.30241653323173523;0.25358009338378906;0.3046024739742279;0.5701358318328857;0.9999855756759644;True
83;23;LEFT_HIP;0.31322887539863586;0.5164495706558228;-0.04813890531659126;0.9999808073043823;0.9999829530715942;True
83;24;RIGHT_HIP;0.3337865471839905;0.5228414535522461;0.048030611127614975;0.9999768733978271;0.99998939037323;True
83;25;LEFT_KNEE;0.2741767466068268;0.6159124970436096;-0.084337517619133;0.866590142250061;0.9999608993530273;True
83;26;RIGHT_KNEE;0.3232786953449249;0.6355417370796204;0.015164774842560291;0.8589469194412231;0.9999868869781494;True
83;27;LEFT_ANKLE;0.2484762966632843;0.7143803834915161;-0.12743136286735535;0.8925685286521912;0.9998683929443359;True
83;28;RIGHT_ANKLE;0.31993189454078674;0.7494680881500244;-0.028441481292247772;0.8912568688392639;0.999915361404419;True
83;29;LEFT_HEEL;0.2524486482143402;0.7440463900566101;-0.13267973065376282;0.9668682217597961;0.9995706677436829;True
83;30;RIGHT_HEEL;0.32640722393989563;0.7698598504066467;-0.03349020704627037;0.9522737860679626;0.9998231530189514;True
83;31;LEFT_FOOT_INDEX;0.22083374857902527;0.7510553002357483;-0.1663237363100052;0.8921797275543213;0.9989821314811707;True
83;32;RIGHT_FOOT_INDEX;0.2987426817417145;0.7886524200439453;-0.06489572674036026;0.8532262444496155;0.9992178678512573;True
84;0;NOSE;0.2944384515285492;0.33220645785331726;0.13299013674259186;0.9998288750648499;0.9999994039535522;True
84;1;LEFT_EYE_INNER;0.2958070635795593;0.3260785937309265;0.12477654963731766;0.9998701810836792;0.9999992847442627;True
84;2;LEFT_EYE;0.29573073983192444;0.326723575592041;0.12472360581159592;0.9998524188995361;0.9999992847442627;True
84;3;LEFT_EYE_OUTER;0.295535683631897;0.3273046612739563;0.12486913055181503;0.99990314245224;0.9999991655349731;True
84;4;RIGHT_EYE_INNER;0.2973616421222687;0.3249867558479309;0.13246630132198334;0.9998781681060791;0.9999988079071045;True
84;5;RIGHT_EYE;0.29833224415779114;0.3249303698539734;0.13233596086502075;0.9998700022697449;0.9999986886978149;True
84;6;RIGHT_EYE_OUTER;0.2991662919521332;0.3245554268360138;0.13233430683612823;0.9998974204063416;0.9999982118606567;True
84;7;LEFT_EAR;0.29917389154434204;0.33284270763397217;0.06989946961402893;0.9999167323112488;0.9999992847442627;True
84;8;RIGHT_EAR;0.30354389548301697;0.3299546539783478;0.1245555728673935;0.9997435212135315;0.9999979734420776;True
84;9;MOUTH_LEFT;0.2953491806983948;0.34166964888572693;0.11948186904191971;0.9996609687805176;0.9999992847442627;True
84;10;MOUTH_RIGHT;0.29633933305740356;0.33991968631744385;0.12995237112045288;0.9994843006134033;0.9999973773956299;True
84;11;LEFT_SHOULDER;0.30253905057907104;0.39151114225387573;0.008766502141952515;0.999984622001648;0.9999969005584717;True
84;12;RIGHT_SHOULDER;0.3223184049129486;0.3742061257362366;0.1523974984884262;0.9998691082000732;0.9999725818634033;True
84;13;LEFT_ELBOW;0.2863750457763672;0.4685494303703308;-0.016866479068994522;0.9755374193191528;0.9998693466186523;True
84;14;RIGHT_ELBOW;0.30229127407073975;0.3047069311141968;0.20590966939926147;0.5248147249221802;0.9999487400054932;True
84;15;LEFT_WRIST;0.25484830141067505;0.5084396600723267;0.028353553265333176;0.8948476910591125;0.9999758005142212;True
84;16;RIGHT_WRIST;0.2850697338581085;0.2618515193462372;0.2753094434738159;0.6030194163322449;0.9999476671218872;True
84;17;LEFT_PINKY;0.24826619029045105;0.5264175534248352;0.02433166652917862;0.8630204796791077;0.9999290704727173;True
84;18;RIGHT_PINKY;0.2832079231739044;0.25322747230529785;0.28732240200042725;0.6107128858566284;0.9998388290405273;True
84;19;LEFT_INDEX;0.2463078647851944;0.5221717357635498;0.029396329075098038;0.8600437045097351;0.9999322891235352;True
84;20;RIGHT_INDEX;0.2820677161216736;0.2539525032043457;0.2873188555240631;0.5973570942878723;0.9998378753662109;True
84;21;LEFT_THUMB;0.24864116311073303;0.5171219706535339;0.03316662088036537;0.8037207722663879;0.9999650716781616;True
84;22;RIGHT_THUMB;0.28232231736183167;0.25898477435112;0.2749199867248535;0.5680714845657349;0.9999219179153442;True
84;23;LEFT_HIP;0.31226909160614014;0.5176266431808472;-0.050233177840709686;0.9999798536300659;0.999995231628418;True
84;24;RIGHT_HIP;0.33212172985076904;0.5237542390823364;0.05013280361890793;0.9999764561653137;0.9999966621398926;True
84;25;LEFT_KNEE;0.27130326628685;0.6197459697723389;-0.07483159750699997;0.8784865140914917;0.9999899864196777;True
84;26;RIGHT_KNEE;0.32055556774139404;0.6363256573677063;0.013913615606725216;0.8673654794692993;0.9999969005584717;True
84;27;LEFT_ANKLE;0.2397482544183731;0.7204275131225586;-0.1004732996225357;0.9026956558227539;0.999942421913147;True
84;28;RIGHT_ANKLE;0.3182643949985504;0.7530783414840698;-0.026911957189440727;0.9003868103027344;0.9999703168869019;True
84;29;LEFT_HEEL;0.2417970597743988;0.7502285242080688;-0.10538248717784882;0.96898353099823;0.9997803568840027;True
84;30;RIGHT_HEEL;0.3253067433834076;0.7726250290870667;-0.03236282616853714;0.9549959301948547;0.9999169111251831;True
84;31;LEFT_FOOT_INDEX;0.20819774270057678;0.7439809441566467;-0.1542813777923584;0.9011726379394531;0.9995121955871582;True
84;32;RIGHT_FOOT_INDEX;0.2949293851852417;0.7913795709609985;-0.07454895973205566;0.863735556602478;0.9995923638343811;True
85;0;NOSE;0.2933928668498993;0.33633020520210266;0.12745331227779388;0.9998452663421631;0.9999997615814209;True
85;1;LEFT_EYE_INNER;0.2950478494167328;0.3300841748714447;0.119552381336689;0.9998828172683716;0.9999997615814209;True
85;2;LEFT_EYE;0.29512840509414673;0.3306719958782196;0.11950332671403885;0.9998667240142822;0.9999996423721313;True
85;3;LEFT_EYE_OUTER;0.2950637638568878;0.3312973082065582;0.11966994404792786;0.9999126195907593;0.9999996423721313;True
85;4;RIGHT_EYE_INNER;0.29643312096595764;0.32875192165374756;0.13025328516960144;0.9998899698257446;0.9999995231628418;True
85;5;RIGHT_EYE;0.2973974943161011;0.3284226059913635;0.13012823462486267;0.9998824596405029;0.9999995231628418;True
85;6;RIGHT_EYE_OUTER;0.2981637716293335;0.3278300166130066;0.13012459874153137;0.9999072551727295;0.9999992847442627;True
85;7;LEFT_EAR;0.2992033064365387;0.3362243175506592;0.06721923500299454;0.9999248385429382;0.9999996423721313;True
85;8;RIGHT_EAR;0.30278927087783813;0.33133530616760254;0.12587754428386688;0.999768078327179;0.9999991655349731;True
85;9;MOUTH_LEFT;0.2946001887321472;0.3456282913684845;0.11480233073234558;0.9996939897537231;0.9999996423721313;True
85;10;MOUTH_RIGHT;0.2955164611339569;0.34366288781166077;0.12758751213550568;0.9995340704917908;0.9999988079071045;True
85;11;LEFT_SHOULDER;0.3022647500038147;0.3912121057510376;0.008436204865574837;0.9999841451644897;0.9999977350234985;True
85;12;RIGHT_SHOULDER;0.3232663869857788;0.3755269944667816;0.1554887592792511;0.9998704195022583;0.9999854564666748;True
85;13;LEFT_ELBOW;0.28670039772987366;0.4677741825580597;-0.01494672056287527;0.9738485813140869;0.999908447265625;True
85;14;RIGHT_ELBOW;0.3019113838672638;0.3071746230125427;0.2041015774011612;0.5198844075202942;0.9999656677246094;True
85;15;LEFT_WRIST;0.25474655628204346;0.5090612173080444;0.03531515598297119;0.8978270292282104;0.9999830722808838;True
85;16;RIGHT_WRIST;0.28301653265953064;0.2628765106201172;0.2629607617855072;0.6189026832580566;0.9999732971191406;True
85;17;LEFT_PINKY;0.24795322120189667;0.5272796750068665;0.03483731299638748;0.8664901256561279;0.9999500513076782;True
85;18;RIGHT_PINKY;0.2803595960140228;0.25585857033729553;0.27412816882133484;0.6236516833305359;0.9999161958694458;True
85;19;LEFT_INDEX;0.24588707089424133;0.5235688090324402;0.03940920531749725;0.8629289269447327;0.9999513626098633;True
85;20;RIGHT_INDEX;0.27909940481185913;0.2580762505531311;0.2739771604537964;0.6081915497779846;0.9999151229858398;True
85;21;LEFT_THUMB;0.24841158092021942;0.5182475447654724;0.040098968893289566;0.8043492436408997;0.9999749660491943;True
85;22;RIGHT_THUMB;0.2799537777900696;0.2616879343986511;0.26236218214035034;0.5807626843452454;0.9999598264694214;True
85;23;LEFT_HIP;0.3120819926261902;0.5176628232002258;-0.051206666976213455;0.9999790787696838;0.9999961853027344;True
85;24;RIGHT_HIP;0.3319531977176666;0.5243921875953674;0.0510980486869812;0.9999763369560242;0.999997615814209;True
85;25;LEFT_KNEE;0.27147233486175537;0.6200414299964905;-0.07473157346248627;0.8895004391670227;0.999991774559021;True
85;26;RIGHT_KNEE;0.3196744918823242;0.6367927193641663;0.010079714469611645;0.8758208751678467;0.9999977350234985;True
85;27;LEFT_ANKLE;0.23904433846473694;0.7229639291763306;-0.10173395276069641;0.9118760228157043;0.9999606609344482;True
85;28;RIGHT_ANKLE;0.31899166107177734;0.7535548210144043;-0.03614602982997894;0.9088590145111084;0.9999821186065674;True
85;29;LEFT_HEEL;0.24178767204284668;0.7510988712310791;-0.10654126852750778;0.9710085391998291;0.9998582601547241;True
85;30;RIGHT_HEEL;0.32575422525405884;0.773682177066803;-0.04170064255595207;0.9577230215072632;0.9999517202377319;True
85;31;LEFT_FOOT_INDEX;0.20782358944416046;0.7417628765106201;-0.15349559485912323;0.9096339344978333;0.9996637105941772;True
85;32;RIGHT_FOOT_INDEX;0.29512259364128113;0.7919535040855408;-0.08313027769327164;0.874152660369873;0.9997394680976868;True
86;0;NOSE;0.29012563824653625;0.3411006033420563;0.12030047923326492;0.9998599886894226;0.9999996423721313;True
86;1;LEFT_EYE_INNER;0.2915858030319214;0.33433228731155396;0.1078202947974205;0.9998940229415894;0.9999996423721313;True
86;2;LEFT_EYE;0.29146862030029297;0.335122674703598;0.10774719715118408;0.9998795390129089;0.9999996423721313;True
86;3;LEFT_EYE_OUTER;0.29120194911956787;0.3359173834323883;0.10784547030925751;0.9999210238456726;0.9999995231628418;True
86;4;RIGHT_EYE_INNER;0.2936519980430603;0.33197087049484253;0.12259648740291595;0.9999004006385803;0.9999994039535522;True
86;5;RIGHT_EYE;0.2948763966560364;0.33128786087036133;0.12248042225837708;0.9998936057090759;0.9999992847442627;True
86;6;RIGHT_EYE_OUTER;0.2959221601486206;0.33036619424819946;0.12249945849180222;0.9999160170555115;0.9999991655349731;True
86;7;LEFT_EAR;0.2953316867351532;0.3397969901561737;0.050142887979745865;0.9999321103096008;0.9999995231628418;True
86;8;RIGHT_EAR;0.3004313111305237;0.3332059681415558;0.11840339004993439;0.9997901916503906;0.999998927116394;True
86;9;MOUTH_LEFT;0.2911912202835083;0.35015419125556946;0.10414394736289978;0.9997239112854004;0.9999996423721313;True
86;10;MOUTH_RIGHT;0.29288169741630554;0.34772175550460815;0.12229973822832108;0.9995793104171753;0.9999988079071045;True
86;11;LEFT_SHOULDER;0.2990275025367737;0.3958268165588379;-0.017102833837270737;0.999984622001648;0.9999984502792358;True
86;12;RIGHT_SHOULDER;0.3200502097606659;0.37509068846702576;0.1475818008184433;0.9998770952224731;0.999990701675415;True
86;13;LEFT_ELBOW;0.28654590249061584;0.4736979305744171;-0.06266365200281143;0.9756956100463867;0.9999139308929443;True
86;14;RIGHT_ELBOW;0.3001449704170227;0.320394366979599;0.21389465034008026;0.538054347038269;0.9999793767929077;True
86;15;LEFT_WRIST;0.255388081073761;0.5230186581611633;-0.045342572033405304;0.9072555899620056;0.9999910593032837;True
86;16;RIGHT_WRIST;0.27682438492774963;0.2796758711338043;0.27915507555007935;0.6551417112350464;0.9999978542327881;True
86;17;LEFT_PINKY;0.24877159297466278;0.5411136746406555;-0.05372336879372597;0.8785255551338196;0.9999740123748779;True
86;18;RIGHT_PINKY;0.2710130512714386;0.2719767689704895;0.2914271056652069;0.659095287322998;0.9999934434890747;True
86;19;LEFT_INDEX;0.24676664173603058;0.5380401611328125;-0.04767583683133125;0.8752037286758423;0.9999768733978271;True
86;20;RIGHT_INDEX;0.2695385217666626;0.2724594473838806;0.28744617104530334;0.6449155807495117;0.9999936819076538;True
86;21;LEFT_THUMB;0.2492564469575882;0.5329006910324097;-0.04072627052664757;0.8208826780319214;0.9999884366989136;True
86;22;RIGHT_THUMB;0.2706280052661896;0.2762695252895355;0.2772198021411896;0.6196748614311218;0.9999970197677612;True
86;23;LEFT_HIP;0.3094538450241089;0.5199655890464783;-0.051913462579250336;0.9999775290489197;0.9999945163726807;True
86;24;RIGHT_HIP;0.3292694389820099;0.5256313681602478;0.05183030664920807;0.9999755620956421;0.999996542930603;True
86;25;LEFT_KNEE;0.2688799798488617;0.6223688125610352;-0.05866273120045662;0.8997855186462402;0.9999904632568359;True
86;26;RIGHT_KNEE;0.315571665763855;0.6381732225418091;0.009192084893584251;0.886341392993927;0.9999982118606567;True
86;27;LEFT_ANKLE;0.23339970409870148;0.7269631624221802;-0.07378873229026794;0.9204023480415344;0.9999678134918213;True
86;28;RIGHT_ANKLE;0.31722351908683777;0.7544735670089722;-0.021441476419568062;0.9171594977378845;0.9999885559082031;True
86;29;LEFT_HEEL;0.2352818101644516;0.754923939704895;-0.0775124803185463;0.9733851552009583;0.9998898506164551;True
86;30;RIGHT_HEEL;0.32477474212646484;0.7736090421676636;-0.02551618590950966;0.9609898924827576;0.9999690055847168;True
86;31;LEFT_FOOT_INDEX;0.20358729362487793;0.7435472011566162;-0.12144491076469421;0.9179047346115112;0.9997952580451965;True
86;32;RIGHT_FOOT_INDEX;0.2950184643268585;0.7952655553817749;-0.06414002925157547;0.8849086761474609;0.999860405921936;True
87;0;NOSE;0.28606921434402466;0.3571091592311859;0.1359744369983673;0.9998729228973389;0.9999996423721313;True
87;1;LEFT_EYE_INNER;0.28586915135383606;0.3488890528678894;0.12023816257715225;0.9999037981033325;0.9999996423721313;True
87;2;LEFT_EYE;0.28508052229881287;0.34914588928222656;0.12015184015035629;0.9998908042907715;0.9999996423721313;True
87;3;LEFT_EYE_OUTER;0.2841889560222626;0.34931516647338867;0.12020546942949295;0.9999285340309143;0.9999996423721313;True
87;4;RIGHT_EYE_INNER;0.28911006450653076;0.3468451201915741;0.13525061309337616;0.9999092221260071;0.9999991655349731;True
87;5;RIGHT_EYE;0.2905159890651703;0.34600239992141724;0.1351718008518219;0.9999029040336609;0.9999990463256836;True
87;6;RIGHT_EYE_OUTER;0.29172956943511963;0.3452114462852478;0.1352144181728363;0.9999232292175293;0.9999986886978149;True
87;7;LEFT_EAR;0.286689430475235;0.3514743447303772;0.05200307443737984;0.9999386072158813;0.9999997615814209;True
87;8;RIGHT_EAR;0.29489898681640625;0.34860530495643616;0.12060106545686722;0.9998087882995605;0.9999980926513672;True
87;9;MOUTH_LEFT;0.28610125184059143;0.36614933609962463;0.11482694000005722;0.9997507929801941;0.9999997615814209;True
87;10;MOUTH_RIGHT;0.2885201573371887;0.3645571768283844;0.13361883163452148;0.9996193051338196;0.9999983310699463;True
87;11;LEFT_SHOULDER;0.2929419279098511;0.40388765931129456;-0.023877250030636787;0.999985933303833;0.9999996423721313;True
87;12;RIGHT_SHOULDER;0.3130043148994446;0.3901447653770447;0.15355244278907776;0.999883234500885;0.9999831914901733;True
87;13;LEFT_ELBOW;0.28694209456443787;0.4871661067008972;-0.07806196063756943;0.977891206741333;0.9999666213989258;True
87;14;RIGHT_ELBOW;0.28473910689353943;0.3776133954524994;0.2208072990179062;0.5273085832595825;0.9999580383300781;True
87;15;LEFT_WRIST;0.2670406103134155;0.554928183555603;-0.07035671919584274;0.9162618517875671;0.9999967813491821;True
87;16;RIGHT_WRIST;0.25782787799835205;0.35687899589538574;0.28499335050582886;0.6857914924621582;0.9999983310699463;True
87;17;LEFT_PINKY;0.26469939947128296;0.5741416215896606;-0.08082567900419235;0.8900920748710632;0.9999862909317017;True
87;18;RIGHT_PINKY;0.2494499832391739;0.3502807319164276;0.29961130023002625;0.6887028217315674;0.9999949932098389;True
87;19;LEFT_INDEX;0.26322659850120544;0.5746169686317444;-0.07422375679016113;0.8870304822921753;0.9999877214431763;True
87;20;RIGHT_INDEX;0.24916890263557434;0.34935662150382996;0.29168087244033813;0.6756983995437622;0.9999954700469971;True
87;21;LEFT_THUMB;0.264112263917923;0.5683670043945312;-0.06589079648256302;0.8373244404792786;0.9999947547912598;True
87;22;RIGHT_THUMB;0.2514902949333191;0.3520983159542084;0.2815202474594116;0.652227520942688;0.9999979734420776;True
87;23;LEFT_HIP;0.3042578399181366;0.5343971848487854;-0.05292663723230362;0.9999760985374451;0.9999964237213135;True
87;24;RIGHT_HIP;0.3221898376941681;0.5397505760192871;0.052843231707811356;0.9999732375144958;0.9999947547912598;True
87;25;LEFT_KNEE;0.26374921202659607;0.6406217813491821;-0.03508656099438667;0.9076335430145264;0.9999927282333374;True
87;26;RIGHT_KNEE;0.3040875494480133;0.6530050039291382;0.014218891970813274;0.8918089866638184;0.9999960660934448;True
87;27;LEFT_ANKLE;0.22561897337436676;0.7465816140174866;-0.0457770936191082;0.9276766777038574;0.9999518394470215;True
87;28;RIGHT_ANKLE;0.31517165899276733;0.7598655223846436;-0.001991708530113101;0.9215975999832153;0.9999772310256958;True
87;29;LEFT_HEEL;0.2253139615058899;0.771190881729126;-0.0487682931125164;0.9750007390975952;0.9998176693916321;True
87;30;RIGHT_HEEL;0.3247218728065491;0.7757265567779541;-0.004243373870849609;0.9621608257293701;0.999940037727356;True
87;31;LEFT_FOOT_INDEX;0.20207156240940094;0.7468278408050537;-0.08114173263311386;0.9240146279335022;0.999683141708374;True
87;32;RIGHT_FOOT_INDEX;0.29835882782936096;0.8093376159667969;-0.029221801087260246;0.8890413045883179;0.9997430443763733;True
88;0;NOSE;0.2850445508956909;0.3639197051525116;0.14528368413448334;0.9998847842216492;0.9999997615814209;True
88;1;LEFT_EYE_INNER;0.2841939628124237;0.35561397671699524;0.13011057674884796;0.999912679195404;0.9999996423721313;True
88;2;LEFT_EYE;0.28326889872550964;0.35569724440574646;0.13002315163612366;0.9999009966850281;0.9999997615814209;True
88;3;LEFT_EYE_OUTER;0.2823028862476349;0.3556632101535797;0.1300605982542038;0.9999352693557739;0.9999996423721313;True
88;4;RIGHT_EYE_INNER;0.287628710269928;0.3543681800365448;0.1432921141386032;0.9999173879623413;0.9999994039535522;True
88;5;RIGHT_EYE;0.2890671193599701;0.35384100675582886;0.14322273433208466;0.9999114871025085;0.9999992847442627;True
88;6;RIGHT_EYE_OUTER;0.2904229164123535;0.353315144777298;0.143269345164299;0.9999299645423889;0.9999990463256836;True
88;7;LEFT_EAR;0.283582478761673;0.3587678372859955;0.06101695075631142;0.9999444484710693;0.9999997615814209;True
88;8;RIGHT_EAR;0.2935441732406616;0.3568563163280487;0.1231352761387825;0.9998260140419006;0.9999985694885254;True
88;9;MOUTH_LEFT;0.28446346521377563;0.37270188331604004;0.12396240234375;0.9997750520706177;0.9999997615814209;True
88;10;MOUTH_RIGHT;0.2874321937561035;0.3713633716106415;0.14049215614795685;0.999655544757843;0.9999986886978149;True
88;11;LEFT_SHOULDER;0.29051634669303894;0.4099882245063782;-0.017791608348488808;0.9999870657920837;0.9999995231628418;True
88;12;RIGHT_SHOULDER;0.3101908266544342;0.3987269401550293;0.15037421882152557;0.9998902678489685;0.9999867677688599;True
88;13;LEFT_ELBOW;0.2891613841056824;0.4923644959926605;-0.0680978000164032;0.9795476794242859;0.9999561309814453;True
88;14;RIGHT_ELBOW;0.28176870942115784;0.39560312032699585;0.21785522997379303;0.5180994272232056;0.9999643564224243;True
88;15;LEFT_WRIST;0.2772502899169922;0.5595719218254089;-0.06631907820701599;0.92402184009552;0.9999943971633911;True
88;16;RIGHT_WRIST;0.25454047322273254;0.3788290321826935;0.28416383266448975;0.7136421799659729;0.9999985694885254;True
88;17;LEFT_PINKY;0.27484074234962463;0.5801365375518799;-0.07631437480449677;0.8998372554779053;0.9999746084213257;True
88;18;RIGHT_PINKY;0.2484189122915268;0.37850597500801086;0.2988394498825073;0.7155582308769226;0.9999948740005493;True
88;19;LEFT_INDEX;0.27374324202537537;0.5810841917991638;-0.0712733268737793;0.8969456553459167;0.9999783039093018;True
88;20;RIGHT_INDEX;0.2474985420703888;0.3780728578567505;0.29033106565475464;0.703574001789093;0.9999953508377075;True
88;21;LEFT_THUMB;0.27444884181022644;0.5737853646278381;-0.06282145529985428;0.8507723808288574;0.9999910593032837;True
88;22;RIGHT_THUMB;0.2499483972787857;0.37887001037597656;0.28059133887290955;0.6816757321357727;0.9999980926513672;True
88;23;LEFT_HIP;0.30068063735961914;0.5405170321464539;-0.050978884100914;0.9999751448631287;0.9999961853027344;True
88;24;RIGHT_HIP;0.3176802098751068;0.5455705523490906;0.05088621750473976;0.9999717473983765;0.9999951124191284;True
88;25;LEFT_KNEE;0.26092660427093506;0.652143120765686;-0.032108061015605927;0.9132877588272095;0.9999891519546509;True
88;26;RIGHT_KNEE;0.3001106083393097;0.6618995666503906;0.014211775735020638;0.8940679430961609;0.9999943971633911;True
88;27;LEFT_ANKLE;0.2260439544916153;0.759151041507721;-0.046151913702487946;0.9337231516838074;0.9999364614486694;True
88;28;RIGHT_ANKLE;0.3130626976490021;0.7686951756477356;-0.0019494593143463135;0.9232502579689026;0.9999686479568481;True
88;29;LEFT_HEEL;0.22450989484786987;0.7816023230552673;-0.04935874417424202;0.9759613871574402;0.9997610449790955;True
88;30;RIGHT_HEEL;0.3233035206794739;0.7820189595222473;-0.004138083662837744;0.9617271423339844;0.9999206066131592;True
88;31;LEFT_FOOT_INDEX;0.20488080382347107;0.7525123953819275;-0.07947564870119095;0.9279133677482605;0.999538779258728;True
88;32;RIGHT_FOOT_INDEX;0.2989048659801483;0.8178672790527344;-0.027050936594605446;0.8877391219139099;0.9996547698974609;True
89;0;NOSE;0.284377783536911;0.3649003207683563;0.14138665795326233;0.9998933672904968;0.999998927116394;True
89;1;LEFT_EYE_INNER;0.28356704115867615;0.3565397262573242;0.12672215700149536;0.9999188184738159;0.9999986886978149;True
89;2;LEFT_EYE;0.28266143798828125;0.35659417510032654;0.1266304850578308;0.9999081492424011;0.9999988079071045;True
89;3;LEFT_EYE_OUTER;0.2817089259624481;0.3565059304237366;0.1266651600599289;0.9999402761459351;0.9999988079071045;True
89;4;RIGHT_EYE_INNER;0.2867581248283386;0.3555404245853424;0.13894155621528625;0.9999227523803711;0.9999977350234985;True
89;5;RIGHT_EYE;0.28800493478775024;0.35519224405288696;0.13885781168937683;0.9999169707298279;0.999997615814209;True
89;6;RIGHT_EYE_OUTER;0.28923624753952026;0.35481396317481995;0.13889162242412567;0.9999342560768127;0.9999971389770508;True
89;7;LEFT_EAR;0.2826482653617859;0.3596840500831604;0.060900066047906876;0.9999488592147827;0.9999990463256836;True
89;8;RIGHT_EAR;0.29229891300201416;0.3583824336528778;0.12173185497522354;0.9998383522033691;0.9999963045120239;True
89;9;MOUTH_LEFT;0.28377941250801086;0.3734525144100189;0.12094267457723618;0.9997954368591309;0.9999992847442627;True
89;10;MOUTH_RIGHT;0.28680622577667236;0.3726349174976349;0.1361950784921646;0.9996849894523621;0.9999967813491821;True
89;11;LEFT_SHOULDER;0.2898942828178406;0.4126388430595398;-0.016921017318964005;0.9999877214431763;0.9999988079071045;True
89;12;RIGHT_SHOULDER;0.30906790494918823;0.40114131569862366;0.1475224792957306;0.9998935461044312;0.9999802112579346;True
89;13;LEFT_ELBOW;0.2895946204662323;0.49563169479370117;-0.06608180701732635;0.9800941944122314;0.9999151229858398;True
89;14;RIGHT_ELBOW;0.2813588082790375;0.39865073561668396;0.20984452962875366;0.5044032335281372;0.9999483823776245;True
89;15;LEFT_WRIST;0.277890145778656;0.5629011392593384;-0.06230657547712326;0.9297567009925842;0.9999856948852539;True
89;16;RIGHT_WRIST;0.25375959277153015;0.3802793025970459;0.27552130818367004;0.7365084290504456;0.9999974966049194;True
89;17;LEFT_PINKY;0.27647846937179565;0.5831887125968933;-0.07068546861410141;0.9067007899284363;0.9999403953552246;True
89;18;RIGHT_PINKY;0.24851495027542114;0.37981244921684265;0.2922278046607971;0.7374883890151978;0.9999916553497314;True
89;19;LEFT_INDEX;0.2751724421977997;0.5853303670883179;-0.06660334020853043;0.9037409424781799;0.9999463558197021;True
89;20;RIGHT_INDEX;0.24754966795444489;0.37983131408691406;0.2760346233844757;0.7261693477630615;0.9999926090240479;True
89;21;LEFT_THUMB;0.2755049467086792;0.577703058719635;-0.05913133919239044;0.8589942455291748;0.9999767541885376;True
89;22;RIGHT_THUMB;0.24973852932453156;0.3807404339313507;0.2686040997505188;0.70537930727005;0.9999969005584717;True
89;23;LEFT_HIP;0.2987201511859894;0.543864369392395;-0.050872668623924255;0.9999743700027466;0.9999967813491821;True
89;24;RIGHT_HIP;0.3173998296260834;0.5485079884529114;0.0507398322224617;0.9999707341194153;0.9999964237213135;True
89;25;LEFT_KNEE;0.2598906457424164;0.6560842394828796;-0.027590835466980934;0.9189767241477966;0.9999881982803345;True
89;26;RIGHT_KNEE;0.29971373081207275;0.6638385057449341;0.008428267203271389;0.8976962566375732;0.9999954700469971;True
89;27;LEFT_ANKLE;0.2256649285554886;0.7625071406364441;-0.040078215301036835;0.9394677877426147;0.9999403953552246;True
89;28;RIGHT_ANKLE;0.312315434217453;0.7699794769287109;-0.014842232689261436;0.926720917224884;0.9999765157699585;True
89;29;LEFT_HEEL;0.22453373670578003;0.78408282995224;-0.043119531124830246;0.9769589304924011;0.9997735619544983;True
89;30;RIGHT_HEEL;0.32181888818740845;0.7843731045722961;-0.01750030741095543;0.9621687531471252;0.9999396800994873;True
89;31;LEFT_FOOT_INDEX;0.20394428074359894;0.7589501738548279;-0.07071645557880402;0.9320655465126038;0.9994884729385376;True
89;32;RIGHT_FOOT_INDEX;0.29913491010665894;0.8213825225830078;-0.03921276330947876;0.8895166516304016;0.9996441602706909;True
90;0;NOSE;0.2829858958721161;0.3717890977859497;0.15121404826641083;0.9999030232429504;0.9999997615814209;True
90;1;LEFT_EYE_INNER;0.28207507729530334;0.36358121037483215;0.13558216392993927;0.999925971031189;0.9999997615814209;True
90;2;LEFT_EYE;0.2810005843639374;0.3634568452835083;0.13548295199871063;0.9999164342880249;0.9999997615814209;True
90;3;LEFT_EYE_OUTER;0.2799372673034668;0.36328861117362976;0.13551045954227448;0.9999457597732544;0.9999997615814209;True
90;4;RIGHT_EYE_INNER;0.28550654649734497;0.3631650507450104;0.1475822776556015;0.9999292492866516;0.9999994039535522;True
90;5;RIGHT_EYE;0.2868206799030304;0.3629240393638611;0.14751781523227692;0.999923825263977;0.9999992847442627;True
90;6;RIGHT_EYE_OUTER;0.28819066286087036;0.3626658320426941;0.14756472408771515;0.999939501285553;0.9999990463256836;True
90;7;LEFT_EAR;0.280872642993927;0.3670591115951538;0.06590641289949417;0.9999536275863647;0.9999998807907104;True
90;8;RIGHT_EAR;0.2913805842399597;0.3667287230491638;0.12281699478626251;0.9998514652252197;0.9999983310699463;True
90;9;MOUTH_LEFT;0.28200361132621765;0.3799835741519928;0.12944981455802917;0.999815046787262;0.9999997615814209;True
90;10;MOUTH_RIGHT;0.28500303626060486;0.3795998692512512;0.144460067152977;0.9997137188911438;0.9999986886978149;True
90;11;LEFT_SHOULDER;0.28696969151496887;0.4186358153820038;-0.015378355048596859;0.9999887943267822;0.9999997615814209;True
90;12;RIGHT_SHOULDER;0.3069015443325043;0.40933141112327576;0.14499065279960632;0.9998974800109863;0.999983549118042;True
90;13;LEFT_ELBOW;0.2910727560520172;0.49519217014312744;-0.06699223071336746;0.9817510843276978;0.9999803304672241;True
90;14;RIGHT_ELBOW;0.28236326575279236;0.41653358936309814;0.19953781366348267;0.4866611361503601;0.9999414682388306;True
90;15;LEFT_WRIST;0.2810915410518646;0.5679304599761963;-0.07653875648975372;0.9364547729492188;0.9999973773956299;True
90;16;RIGHT_WRIST;0.25635039806365967;0.40576308965682983;0.23772703111171722;0.7539360523223877;0.9999973773956299;True
90;17;LEFT_PINKY;0.2805526554584503;0.587567150592804;-0.08790143579244614;0.9153363108634949;0.999988317489624;True
90;18;RIGHT_PINKY;0.25034207105636597;0.40138885378837585;0.2487129420042038;0.7544931769371033;0.9999935626983643;True
90;19;LEFT_INDEX;0.27821218967437744;0.5901609659194946;-0.08382990956306458;0.9125836491584778;0.9999896287918091;True
90;20;RIGHT_INDEX;0.24913562834262848;0.40074267983436584;0.23878251016139984;0.7435187697410583;0.999994158744812;True
90;21;LEFT_THUMB;0.27831873297691345;0.5834149718284607;-0.07368507981300354;0.8714113235473633;0.9999957084655762;True
90;22;RIGHT_THUMB;0.25162604451179504;0.40298154950141907;0.23287010192871094;0.723258376121521;0.9999973773956299;True
90;23;LEFT_HIP;0.2957151532173157;0.553471565246582;-0.050258949398994446;0.9999749064445496;0.9999984502792358;True
90;24;RIGHT_HIP;0.31434568762779236;0.5575483441352844;0.050103288143873215;0.999970018863678;0.9999969005584717;True
90;25;LEFT_KNEE;0.2569165527820587;0.6659166216850281;-0.02671726793050766;0.9254268407821655;0.9999972581863403;True
90;26;RIGHT_KNEE;0.2983071506023407;0.6715423464775085;0.010966700501739979;0.9021989703178406;0.9999974966049194;True
90;27;LEFT_ANKLE;0.22511987388134003;0.7750407457351685;-0.04407031461596489;0.9448906183242798;0.9999696016311646;True
90;28;RIGHT_ANKLE;0.3102574348449707;0.78021240234375;-0.00883879978209734;0.9301831722259521;0.9999822378158569;True
90;29;LEFT_HEEL;0.22427822649478912;0.7968941330909729;-0.04813675954937935;0.9783926010131836;0.9998658895492554;True
90;30;RIGHT_HEEL;0.32002654671669006;0.7936893105506897;-0.011752795428037643;0.9635311365127563;0.9999488592147827;True
90;31;LEFT_FOOT_INDEX;0.2074510157108307;0.758980393409729;-0.07851551473140717;0.9367370009422302;0.9997628331184387;True
90;32;RIGHT_FOOT_INDEX;0.2966124713420868;0.826216459274292;-0.03395799547433853;0.8926050662994385;0.99980229139328;True
91;0;NOSE;0.2810496687889099;0.37797078490257263;0.1319708526134491;0.9999117851257324;0.9999996423721313;True
91;1;LEFT_EYE_INNER;0.2798847258090973;0.3698533773422241;0.11570635437965393;0.999932587146759;0.9999996423721313;True
91;2;LEFT_EYE;0.2788647711277008;0.3698546588420868;0.11560880392789841;0.9999240636825562;0.9999997615814209;True
91;3;LEFT_EYE_OUTER;0.2778600752353668;0.36978214979171753;0.11562845855951309;0.9999507665634155;0.9999997615814209;True
91;4;RIGHT_EYE_INNER;0.28343161940574646;0.3690844178199768;0.13035711646080017;0.9999353289604187;0.9999991655349731;True
91;5;RIGHT_EYE;0.28482764959335327;0.36872026324272156;0.13030752539634705;0.9999302625656128;0.9999990463256836;True
91;6;RIGHT_EYE_OUTER;0.28627052903175354;0.3683178126811981;0.13035449385643005;0.9999445080757141;0.9999985694885254;True
91;7;LEFT_EAR;0.27896085381507874;0.3730950653553009;0.04595841094851494;0.9999579787254333;0.9999998807907104;True
91;8;RIGHT_EAR;0.28986260294914246;0.37260401248931885;0.11254572868347168;0.9998639225959778;0.9999978542327881;True
91;9;MOUTH_LEFT;0.28042852878570557;0.3856775462627411;0.10934577137231827;0.9998329281806946;0.9999997615814209;True
91;10;MOUTH_RIGHT;0.2835204303264618;0.3859054446220398;0.12780074775218964;0.9997403621673584;0.9999986886978149;True
91;11;LEFT_SHOULDER;0.2871662974357605;0.42414116859436035;-0.0391809418797493;0.9999898076057434;0.9999998807907104;True
91;12;RIGHT_SHOULDER;0.3042050898075104;0.41718819737434387;0.14293913543224335;0.9999008774757385;0.9999829530715942;True
91;13;LEFT_ELBOW;0.2931114137172699;0.4968063235282898;-0.10022130608558655;0.9832562208175659;0.999983549118042;True
91;14;RIGHT_ELBOW;0.2856788635253906;0.4396829903125763;0.17760998010635376;0.4530975818634033;0.9999322891235352;True
91;15;LEFT_WRIST;0.2850942611694336;0.5784522294998169;-0.10986983776092529;0.9425612092018127;0.9999961853027344;True
91;16;RIGHT_WRIST;0.258891761302948;0.4285387694835663;0.19547291100025177;0.7616543173789978;0.9999963045120239;True
91;17;LEFT_PINKY;0.28511813282966614;0.5992439389228821;-0.1218564584851265;0.9232614636421204;0.999980092048645;True
91;18;RIGHT_PINKY;0.2525089979171753;0.42276355624198914;0.20368428528308868;0.7638459801673889;0.9999903440475464;True
91;19;LEFT_INDEX;0.28186309337615967;0.6004071831703186;-0.11754072457551956;0.9207271933555603;0.9999816417694092;True
91;20;RIGHT_INDEX;0.2514116168022156;0.420547753572464;0.19449108839035034;0.7530257105827332;0.9999909400939941;True
91;21;LEFT_THUMB;0.28152406215667725;0.5941820740699768;-0.10674149543046951;0.8829857707023621;0.9999924898147583;True
91;22;RIGHT_THUMB;0.2537536025047302;0.42274945974349976;0.1903136819601059;0.733100414276123;0.9999958276748657;True
91;23;LEFT_HIP;0.2924503684043884;0.564454972743988;-0.05500379577279091;0.9999752044677734;0.9999982118606567;True
91;24;RIGHT_HIP;0.31012099981307983;0.5674047470092773;0.05492698773741722;0.9999685883522034;0.999996542930603;True
91;25;LEFT_KNEE;0.2546182870864868;0.6776763796806335;-0.035760167986154556;0.9293906092643738;0.999993085861206;True
91;26;RIGHT_KNEE;0.29584646224975586;0.6820693612098694;0.013834631070494652;0.8939692378044128;0.9999939203262329;True
91;27;LEFT_ANKLE;0.22565637528896332;0.7874435186386108;-0.053315792232751846;0.9491266012191772;0.9999252557754517;True
91;28;RIGHT_ANKLE;0.3069087862968445;0.7911388278007507;-0.005211447831243277;0.9263399243354797;0.9999768733978271;True
91;29;LEFT_HEEL;0.2283828854560852;0.811111330986023;-0.057028450071811676;0.9782894253730774;0.9996800422668457;True
91;30;RIGHT_HEEL;0.3163389563560486;0.8038883805274963;-0.008002901449799538;0.960960328578949;0.9999351501464844;True
91;31;LEFT_FOOT_INDEX;0.20203106105327606;0.8038747906684875;-0.09079936891794205;0.9401843547821045;0.9994925260543823;True
91;32;RIGHT_FOOT_INDEX;0.29149118065834045;0.8399836421012878;-0.03058423288166523;0.8905604481697083;0.9997250437736511;True
92;0;NOSE;0.279734343290329;0.3794359266757965;0.12302015721797943;0.9999200105667114;0.9999996423721313;True
92;1;LEFT_EYE_INNER;0.2788469195365906;0.3717218041419983;0.10646666586399078;0.9999388456344604;0.9999996423721313;True
92;2;LEFT_EYE;0.2779737412929535;0.3718184530735016;0.10637595504522324;0.9999311566352844;0.9999997615814209;True
92;3;LEFT_EYE_OUTER;0.27710628509521484;0.3718084990978241;0.1064009889960289;0.999955415725708;0.9999997615814209;True
92;4;RIGHT_EYE_INNER;0.2821647524833679;0.3708212077617645;0.12209269404411316;0.9999411702156067;0.9999992847442627;True
92;5;RIGHT_EYE;0.28363606333732605;0.3704306185245514;0.12203463912010193;0.9999365210533142;0.9999991655349731;True
92;6;RIGHT_EYE_OUTER;0.285000741481781;0.369945228099823;0.12207786738872528;0.9999493956565857;0.9999988079071045;True
92;7;LEFT_EAR;0.2791801989078522;0.37514835596084595;0.03595812991261482;0.9999620318412781;0.9999998807907104;True
92;8;RIGHT_EAR;0.2889157831668854;0.3741951882839203;0.107298344373703;0.9998761415481567;0.9999982118606567;True
92;9;MOUTH_LEFT;0.2796157896518707;0.3877600431442261;0.10030005872249603;0.999849259853363;0.9999998807907104;True
92;10;MOUTH_RIGHT;0.2823992371559143;0.3875269293785095;0.12002198398113251;0.9997650980949402;0.9999988079071045;True
92;11;LEFT_SHOULDER;0.28697746992111206;0.42823806405067444;-0.048256803303956985;0.999990701675415;0.9999998807907104;True
92;12;RIGHT_SHOULDER;0.30515924096107483;0.4184609353542328;0.14151374995708466;0.999904453754425;0.999982476234436;True
92;13;LEFT_ELBOW;0.29380369186401367;0.4989822804927826;-0.10794394463300705;0.9846814870834351;0.9999759197235107;True
92;14;RIGHT_ELBOW;0.2849322557449341;0.43695130944252014;0.17389918863773346;0.41932612657546997;0.9999101161956787;True
92;15;LEFT_WRIST;0.28529664874076843;0.5774400234222412;-0.11291281878948212;0.9481112957000732;0.9999947547912598;True
92;16;RIGHT_WRIST;0.2595386207103729;0.42886242270469666;0.18803760409355164;0.766741931438446;0.999995231628418;True
92;17;LEFT_PINKY;0.28513509035110474;0.5988224148750305;-0.12487620860338211;0.9305082559585571;0.9999748468399048;True
92;18;RIGHT_PINKY;0.2531479001045227;0.4231792390346527;0.19617481529712677;0.7719249129295349;0.9999886751174927;True
92;19;LEFT_INDEX;0.2822176218032837;0.6013941168785095;-0.12095337361097336;0.9281845688819885;0.9999762773513794;True
92;20;RIGHT_INDEX;0.2520357072353363;0.42237645387649536;0.1863250583410263;0.7613412737846375;0.9999890327453613;True
92;21;LEFT_THUMB;0.28172025084495544;0.5948078036308289;-0.10995463281869888;0.8936761617660522;0.9999902248382568;True
92;22;RIGHT_THUMB;0.2545296549797058;0.4248822331428528;0.18253888189792633;0.7418525815010071;0.9999949932098389;True
92;23;LEFT_HIP;0.2918246388435364;0.5656688809394836;-0.05911136791110039;0.9999749660491943;0.9999966621398926;True
92;24;RIGHT_HIP;0.3089258074760437;0.5692006945610046;0.059048816561698914;0.9999663829803467;0.999994158744812;True
92;25;LEFT_KNEE;0.2533860206604004;0.6817905902862549;-0.043463464826345444;0.9340250492095947;0.9999915361404419;True
92;26;RIGHT_KNEE;0.29548871517181396;0.6832391619682312;0.018131127581000328;0.8858497738838196;0.9999934434890747;True
92;27;LEFT_ANKLE;0.22557014226913452;0.7909186482429504;-0.06090029329061508;0.9533217549324036;0.9998985528945923;True
92;28;RIGHT_ANKLE;0.30600878596305847;0.7923426628112793;-0.0021432554349303246;0.9239987730979919;0.9999719858169556;True
92;29;LEFT_HEEL;0.23001298308372498;0.8129766583442688;-0.06473268568515778;0.9788618087768555;0.9995359182357788;True
92;30;RIGHT_HEEL;0.31571710109710693;0.8086664080619812;-0.0051518096588552;0.9598059058189392;0.9999138116836548;True
92;31;LEFT_FOOT_INDEX;0.19952982664108276;0.8133215308189392;-0.09874200820922852;0.9441676139831543;0.9993523955345154;True
92;32;RIGHT_FOOT_INDEX;0.2889491319656372;0.8409022688865662;-0.026623273268342018;0.8911779522895813;0.9996931552886963;True
93;0;NOSE;0.2798735797405243;0.3796912729740143;0.11952938884496689;0.9999273419380188;0.9999997615814209;True
93;1;LEFT_EYE_INNER;0.27908092737197876;0.3720493018627167;0.1031138077378273;0.9999443888664246;0.9999996423721313;True
93;2;LEFT_EYE;0.2782359719276428;0.37206122279167175;0.10302160680294037;0.9999374747276306;0.9999997615814209;True
93;3;LEFT_EYE_OUTER;0.2773922383785248;0.37199750542640686;0.1030513197183609;0.9999595284461975;0.9999997615814209;True
93;4;RIGHT_EYE_INNER;0.28228694200515747;0.37123173475265503;0.11833073198795319;0.9999463558197021;0.9999992847442627;True
93;5;RIGHT_EYE;0.2837388217449188;0.37083756923675537;0.11826874315738678;0.9999420642852783;0.9999991655349731;True
93;6;RIGHT_EYE_OUTER;0.28507280349731445;0.3703659474849701;0.1183120533823967;0.9999536871910095;0.9999988079071045;True
93;7;LEFT_EAR;0.27936309576034546;0.37537020444869995;0.03406844660639763;0.9999656081199646;0.9999998807907104;True
93;8;RIGHT_EAR;0.2888008952140808;0.3743417263031006;0.10388612747192383;0.9998868703842163;0.9999983310699463;True
93;9;MOUTH_LEFT;0.2797662019729614;0.38821718096733093;0.09763865917921066;0.999863862991333;0.9999997615814209;True
93;10;MOUTH_RIGHT;0.2823759913444519;0.3881556987762451;0.11682470887899399;0.9997870326042175;0.9999988079071045;True
93;11;LEFT_SHOULDER;0.2870936393737793;0.42774879932403564;-0.04909045249223709;0.9999915361404419;0.9999998807907104;True
93;12;RIGHT_SHOULDER;0.3039983808994293;0.4187585115432739;0.1406884789466858;0.9999068379402161;0.9999812841415405;True
93;13;LEFT_ELBOW;0.2941648066043854;0.49940434098243713;-0.10624467581510544;0.9859801530838013;0.9999741315841675;True
93;14;RIGHT_ELBOW;0.28544947504997253;0.43639299273490906;0.17230947315692902;0.38863369822502136;0.9999058246612549;True
93;15;LEFT_WRIST;0.2853764593601227;0.5768172740936279;-0.11000551283359528;0.9531144499778748;0.9999955892562866;True
93;16;RIGHT_WRIST;0.26020291447639465;0.4295678436756134;0.18554973602294922;0.7735486030578613;0.9999963045120239;True
93;17;LEFT_PINKY;0.28494977951049805;0.5983603596687317;-0.12165168672800064;0.937047004699707;0.9999799728393555;True
93;18;RIGHT_PINKY;0.25323405861854553;0.4239800274372101;0.19375452399253845;0.7813218832015991;0.9999915361404419;True
93;19;LEFT_INDEX;0.2819792330265045;0.6010239124298096;-0.11765942722558975;0.9349166750907898;0.999981164932251;True
93;20;RIGHT_INDEX;0.2522013187408447;0.4225284159183502;0.18386071920394897;0.7710984349250793;0.9999920129776001;True
93;21;LEFT_THUMB;0.28150030970573425;0.5945145487785339;-0.10694217681884766;0.9033457636833191;0.9999921321868896;True
93;22;RIGHT_THUMB;0.2546762228012085;0.42487022280693054;0.18003858625888824;0.7518407702445984;0.9999961853027344;True
93;23;LEFT_HIP;0.2915748059749603;0.5656159520149231;-0.060603078454732895;0.9999739527702332;0.9999963045120239;True
93;24;RIGHT_HIP;0.3084493577480316;0.5695459842681885;0.06054311618208885;0.999962329864502;0.9999934434890747;True
93;25;LEFT_KNEE;0.25332555174827576;0.6822971105575562;-0.05194467678666115;0.9383757710456848;0.9999923706054688;True
93;26;RIGHT_KNEE;0.2954874634742737;0.6840723752975464;0.023084016516804695;0.8737776279449463;0.9999938011169434;True
93;27;LEFT_ANKLE;0.22608844935894012;0.7910154461860657;-0.06624191999435425;0.9571875929832458;0.9999123811721802;True
93;28;RIGHT_ANKLE;0.30588647723197937;0.7915865182876587;0.004662733990699053;0.9203134179115295;0.9999771118164062;True
93;29;LEFT_HEEL;0.23013173043727875;0.8137434124946594;-0.07038471102714539;0.9795556664466858;0.99959796667099;True
93;30;RIGHT_HEEL;0.3158269226551056;0.8078122735023499;0.0018088157521560788;0.9583038091659546;0.9999310970306396;True
93;31;LEFT_FOOT_INDEX;0.19975878298282623;0.8130925893783569;-0.10948271304368973;0.9479972124099731;0.999470055103302;True
93;32;RIGHT_FOOT_INDEX;0.2883220613002777;0.8391607403755188;-0.019125329330563545;0.8906439542770386;0.9997772574424744;True
94;0;NOSE;0.27690595388412476;0.3998585641384125;0.1223173439502716;0.9999333620071411;0.9999997615814209;True
94;1;LEFT_EYE_INNER;0.27596864104270935;0.3927769958972931;0.10670957714319229;0.9999488592147827;0.9999997615814209;True
94;2;LEFT_EYE;0.27500492334365845;0.39275315403938293;0.10661552101373672;0.9999427199363708;0.9999998807907104;True
94;3;LEFT_EYE_OUTER;0.27407631278038025;0.3926459848880768;0.10664474964141846;0.9999629855155945;0.9999998807907104;True
94;4;RIGHT_EYE_INNER;0.2801206409931183;0.39193403720855713;0.1198771521449089;0.9999502301216125;0.9999994039535522;True
94;5;RIGHT_EYE;0.2818588316440582;0.3915462791919708;0.11979331076145172;0.9999460577964783;0.9999992847442627;True
94;6;RIGHT_EYE_OUTER;0.28343895077705383;0.3910590410232544;0.1198246031999588;0.9999566078186035;0.999998927116394;True
94;7;LEFT_EAR;0.27595868706703186;0.39558425545692444;0.037357427179813385;0.9999686479568481;0.9999998807907104;True
94;8;RIGHT_EAR;0.2859688699245453;0.39487406611442566;0.11791156232357025;0.9998941421508789;0.9999982118606567;True
94;9;MOUTH_LEFT;0.2763926088809967;0.40823042392730713;0.10131678730249405;0.9998765587806702;0.9999997615814209;True
94;10;MOUTH_RIGHT;0.2798077166080475;0.4077244699001312;0.11743002384901047;0.9998050332069397;0.9999984502792358;True
94;11;LEFT_SHOULDER;0.28668710589408875;0.4464941918849945;-0.040009986609220505;0.999992311000824;0.9999998807907104;True
94;12;RIGHT_SHOULDER;0.2996216118335724;0.43986713886260986;0.15806536376476288;0.9999098777770996;0.9999761581420898;True
94;13;LEFT_ELBOW;0.29538336396217346;0.5135742425918579;-0.10563341528177261;0.9871984720230103;0.9999805688858032;True
94;14;RIGHT_ELBOW;0.28828269243240356;0.48551928997039795;0.19064727425575256;0.3597356975078583;0.9999105930328369;True
94;15;LEFT_WRIST;0.29145675897598267;0.5913057327270508;-0.1261659562587738;0.9576600790023804;0.9999961853027344;True
94;16;RIGHT_WRIST;0.261954665184021;0.47831952571868896;0.2003161907196045;0.7806313037872314;0.9999974966049194;True
94;17;LEFT_PINKY;0.2932046353816986;0.6111767888069153;-0.14058642089366913;0.9430134892463684;0.9999810457229614;True
94;18;RIGHT_PINKY;0.25620219111442566;0.4765363931655884;0.2086065113544464;0.7908549308776855;0.9999940395355225;True
94;19;LEFT_INDEX;0.2892569899559021;0.6148740649223328;-0.13595564663410187;0.9410655498504639;0.9999829530715942;True
94;20;RIGHT_INDEX;0.255100280046463;0.4724363386631012;0.19730506837368011;0.7814361453056335;0.9999943971633911;True
94;21;LEFT_THUMB;0.2882041037082672;0.6086289882659912;-0.12318649142980576;0.9122622013092041;0.999992847442627;True
94;22;RIGHT_THUMB;0.2579232156276703;0.47400981187820435;0.19429849088191986;0.7622931599617004;0.9999973773956299;True
94;23;LEFT_HIP;0.2854991555213928;0.5860552787780762;-0.06443501263856888;0.9999717473983765;0.9999947547912598;True
94;24;RIGHT_HIP;0.30251839756965637;0.5859967470169067;0.06433434784412384;0.9999545216560364;0.9999868869781494;True
94;25;LEFT_KNEE;0.24818643927574158;0.7024276852607727;-0.07648524641990662;0.9399775862693787;0.9999818801879883;True
94;26;RIGHT_KNEE;0.29232698678970337;0.7015555500984192;0.024330992251634598;0.8429672122001648;0.9999749660491943;True
94;27;LEFT_ANKLE;0.22775012254714966;0.8170455098152161;-0.12444125860929489;0.9591553807258606;0.9997382760047913;True
94;28;RIGHT_ANKLE;0.2997155487537384;0.811508297920227;-0.004918144550174475;0.8998189568519592;0.9998917579650879;True
94;29;LEFT_HEEL;0.23179498314857483;0.840286374092102;-0.1317426711320877;0.9783391356468201;0.9987762570381165;True
94;30;RIGHT_HEEL;0.3077598512172699;0.8300260901451111;-0.008228030055761337;0.9509670734405518;0.9997112154960632;True
94;31;LEFT_FOOT_INDEX;0.20265629887580872;0.8460367321968079;-0.1711008995771408;0.9492694735527039;0.9981689453125;True
94;32;RIGHT_FOOT_INDEX;0.2818921208381653;0.8577103614807129;-0.03073425404727459;0.8786581158638;0.999158501625061;True
95;0;NOSE;0.27515465021133423;0.4032323360443115;0.0889136791229248;0.999934732913971;0.9999972581863403;True
95;1;LEFT_EYE_INNER;0.2748609185218811;0.3950335383415222;0.07374178618192673;0.9999493360519409;0.9999973773956299;True
95;2;LEFT_EYE;0.27399298548698425;0.3950065076351166;0.07363899052143097;0.9999442100524902;0.9999979734420776;True
95;3;LEFT_EYE_OUTER;0.27309074997901917;0.3948594629764557;0.07366837561130524;0.9999641180038452;0.9999980926513672;True
95;4;RIGHT_EYE_INNER;0.27861547470092773;0.39413294196128845;0.09148981422185898;0.9999499917030334;0.9999942779541016;True
95;5;RIGHT_EYE;0.2802329957485199;0.39374783635139465;0.09140152484178543;0.9999459385871887;0.9999939203262329;True
95;6;RIGHT_EYE_OUTER;0.28181374073028564;0.3932732343673706;0.09141599386930466;0.9999557733535767;0.9999918937683105;True
95;7;LEFT_EAR;0.27544787526130676;0.3974112868309021;0.015023755840957165;0.9999704360961914;0.999998927116394;True
95;8;RIGHT_EAR;0.28510114550590515;0.39672577381134033;0.09907285869121552;0.9998935461044312;0.9999903440475464;True
95;9;MOUTH_LEFT;0.27498874068260193;0.411908894777298;0.0705469474196434;0.9998862743377686;0.9999990463256836;True
95;10;MOUTH_RIGHT;0.27789485454559326;0.4121130704879761;0.09293916076421738;0.9998170733451843;0.999994158744812;True
95;11;LEFT_SHOULDER;0.2870493233203888;0.4475022852420807;-0.06348828971385956;0.9999929666519165;0.9999996423721313;True
95;12;RIGHT_SHOULDER;0.2981845438480377;0.44078800082206726;0.1522640436887741;0.9999061822891235;0.9999600648880005;True
95;13;LEFT_ELBOW;0.2971510887145996;0.5142155885696411;-0.1328301876783371;0.9880561828613281;0.9999592304229736;True
95;14;RIGHT_ELBOW;0.2872929573059082;0.4926537275314331;0.14268288016319275;0.32770729064941406;0.9997724890708923;True
95;15;LEFT_WRIST;0.29292407631874084;0.5946840643882751;-0.15725132822990417;0.9615449905395508;0.9999878406524658;True
95;16;RIGHT_WRIST;0.2623526453971863;0.4831405580043793;0.09069054573774338;0.7623799443244934;0.9999902248382568;True
95;17;LEFT_PINKY;0.29504358768463135;0.6150118112564087;-0.17368510365486145;0.9480752944946289;0.9999526739120483;True
95;18;RIGHT_PINKY;0.2556477189064026;0.4804883599281311;0.08891799300909042;0.7828733325004578;0.9999822378158569;True
95;19;LEFT_INDEX;0.29098278284072876;0.6180251240730286;-0.170456662774086;0.9462562799453735;0.999954342842102;True
95;20;RIGHT_INDEX;0.25451186299324036;0.4779425859451294;0.07695916295051575;0.7740890383720398;0.9999841451644897;True
95;21;LEFT_THUMB;0.2898634970188141;0.611788809299469;-0.15490595996379852;0.9195339679718018;0.9999780654907227;True
95;22;RIGHT_THUMB;0.2579185962677002;0.47921544313430786;0.08258926868438721;0.7535266280174255;0.9999915361404419;True
95;23;LEFT_HIP;0.284179151058197;0.5912595987319946;-0.06452050060033798;0.999971330165863;0.9999972581863403;True
95;24;RIGHT_HIP;0.2996525764465332;0.5912618041038513;0.06445036828517914;0.9999513626098633;0.9999940395355225;True
95;25;LEFT_KNEE;0.2480313777923584;0.7043295502662659;-0.07149515300989151;0.942939817905426;0.9999885559082031;True
95;26;RIGHT_KNEE;0.2918582856655121;0.7060922980308533;0.017012571915984154;0.8168573379516602;0.9999881982803345;True
95;27;LEFT_ANKLE;0.22762107849121094;0.8218315839767456;-0.10247399657964706;0.9624432325363159;0.9998935461044312;True
95;28;RIGHT_ANKLE;0.29881158471107483;0.8151808381080627;-0.007357449270784855;0.891255795955658;0.9999693632125854;True
95;29;LEFT_HEEL;0.2330467849969864;0.8424132466316223;-0.10817785561084747;0.9782171845436096;0.9995018243789673;True
95;30;RIGHT_HEEL;0.30759143829345703;0.8333249688148499;-0.010782483033835888;0.9448227286338806;0.9999150037765503;True
95;31;LEFT_FOOT_INDEX;0.20158903300762177;0.850968062877655;-0.15282849967479706;0.9531092643737793;0.9993330836296082;True
95;32;RIGHT_FOOT_INDEX;0.28192076086997986;0.859258770942688;-0.04051118716597557;0.8787468075752258;0.9997146725654602;True
96;0;NOSE;0.2735951840877533;0.4146014153957367;0.08557749539613724;0.9999365210533142;0.9999982118606567;True
96;1;LEFT_EYE_INNER;0.27297067642211914;0.40574291348457336;0.07047530263662338;0.9999507665634155;0.9999985694885254;True
96;2;LEFT_EYE;0.27200746536254883;0.4055469036102295;0.07036348432302475;0.9999467134475708;0.999998927116394;True
96;3;LEFT_EYE_OUTER;0.27102723717689514;0.40527305006980896;0.07039278000593185;0.9999656677246094;0.9999990463256836;True
96;4;RIGHT_EYE_INNER;0.2771018147468567;0.40534546971321106;0.08939723670482635;0.9999505877494812;0.9999966621398926;True
96;5;RIGHT_EYE;0.2788195013999939;0.4051344692707062;0.08930209279060364;0.9999468922615051;0.9999964237213135;True
96;6;RIGHT_EYE_OUTER;0.2803891897201538;0.4048272371292114;0.08931974321603775;0.9999557137489319;0.999995231628418;True
96;7;LEFT_EAR;0.27332791686058044;0.40742820501327515;0.012380046769976616;0.999972403049469;0.9999994039535522;True
96;8;RIGHT_EAR;0.283113956451416;0.4076745808124542;0.09924096614122391;0.9998955130577087;0.9999940395355225;True
96;9;MOUTH_LEFT;0.273127019405365;0.423183411359787;0.06720758974552155;0.9998953342437744;0.9999992847442627;True
96;10;MOUTH_RIGHT;0.2762314975261688;0.4232625663280487;0.09124068170785904;0.9998290538787842;0.9999955892562866;True
96;11;LEFT_SHOULDER;0.287040650844574;0.4557704031467438;-0.0673457533121109;0.9999935626983643;0.9999997615814209;True
96;12;RIGHT_SHOULDER;0.2962711453437805;0.4576428532600403;0.15072312951087952;0.9999058246612549;0.9999667406082153;True
96;13;LEFT_ELBOW;0.2965583801269531;0.5218047499656677;-0.14170809090137482;0.9890289902687073;0.9999552965164185;True
96;14;RIGHT_ELBOW;0.2858159840106964;0.5147402286529541;0.1602986454963684;0.30172213912010193;0.9997819066047668;True
96;15;LEFT_WRIST;0.29449737071990967;0.6010606288909912;-0.16889290511608124;0.9651637077331543;0.9999864101409912;True
96;16;RIGHT_WRIST;0.26135608553886414;0.511853039264679;0.13889692723751068;0.7623607516288757;0.9999938011169434;True
96;17;LEFT_PINKY;0.2975539267063141;0.6215282678604126;-0.18570801615715027;0.9528389573097229;0.9999511241912842;True
96;18;RIGHT_PINKY;0.2553902864456177;0.5081181526184082;0.14201170206069946;0.7887507081031799;0.9999889135360718;True
96;19;LEFT_INDEX;0.294269859790802;0.6240355372428894;-0.1813415139913559;0.9511524438858032;0.9999531507492065;True
96;20;RIGHT_INDEX;0.2540426552295685;0.5030534267425537;0.1285928189754486;0.7810500860214233;0.9999898672103882;True
96;21;LEFT_THUMB;0.29222244024276733;0.6179226040840149;-0.16607128083705902;0.9265907406806946;0.9999768733978271;True
96;22;RIGHT_THUMB;0.2568720281124115;0.5043588876724243;0.1309998333454132;0.7600228190422058;0.9999945163726807;True
96;23;LEFT_HIP;0.28085920214653015;0.6036058664321899;-0.06812035292387009;0.9999715685844421;0.9999972581863403;True
96;24;RIGHT_HIP;0.2947460114955902;0.604514479637146;0.06801936030387878;0.9999497532844543;0.9999924898147583;True
96;25;LEFT_KNEE;0.24563437700271606;0.7146444320678711;-0.087807297706604;0.9478646516799927;0.9999868869781494;True
96;26;RIGHT_KNEE;0.2886950373649597;0.7183017134666443;0.021397007629275322;0.8134667277336121;0.9999806880950928;True
96;27;LEFT_ANKLE;0.22751089930534363;0.8361651301383972;-0.12644055485725403;0.9659459590911865;0.9999079704284668;True
96;28;RIGHT_ANKLE;0.2955239713191986;0.8278007507324219;-0.005785120185464621;0.8943871855735779;0.9999632835388184;True
96;29;LEFT_HEEL;0.23376505076885223;0.8539972305297852;-0.1330496221780777;0.9796016812324524;0.9995695948600769;True
96;30;RIGHT_HEEL;0.30428454279899597;0.8440207839012146;-0.009707452729344368;0.9453253746032715;0.9999092817306519;True
96;31;LEFT_FOOT_INDEX;0.20295526087284088;0.8705703616142273;-0.18215550482273102;0.9573807120323181;0.9991937279701233;True
96;32;RIGHT_FOOT_INDEX;0.27823880314826965;0.8758517503738403;-0.03803560510277748;0.8859581351280212;0.9996676445007324;True
97;0;NOSE;0.2682780623435974;0.42951256036758423;0.034395989030599594;0.9999415278434753;0.999998927116394;True
97;1;LEFT_EYE_INNER;0.2692902982234955;0.41984057426452637;0.020010311156511307;0.9999547004699707;0.9999994039535522;True
97;2;LEFT_EYE;0.26916736364364624;0.41958367824554443;0.019895067438483238;0.9999512434005737;0.9999995231628418;True
97;3;LEFT_EYE_OUTER;0.2689412832260132;0.4191826581954956;0.01993871107697487;0.9999684691429138;0.9999994039535522;True
97;4;RIGHT_EYE_INNER;0.27160578966140747;0.4197317659854889;0.04121600091457367;0.9999544024467468;0.9999985694885254;True
97;5;RIGHT_EYE;0.27305907011032104;0.41956061124801636;0.04109184443950653;0.9999511241912842;0.9999984502792358;True
97;6;RIGHT_EYE_OUTER;0.27438509464263916;0.41920289397239685;0.04109795764088631;0.9999590516090393;0.9999979734420776;True
97;7;LEFT_EAR;0.27302640676498413;0.42143794894218445;-0.02987784892320633;0.9999748468399048;0.9999996423721313;True
97;8;RIGHT_EAR;0.27921515703201294;0.421684205532074;0.0673644170165062;0.9999037384986877;0.9999973773956299;True
97;9;MOUTH_LEFT;0.2695445120334625;0.4377935528755188;0.019247181713581085;0.9999046921730042;0.9999992847442627;True
97;10;MOUTH_RIGHT;0.27135762572288513;0.4377310276031494;0.0461808517575264;0.9998435974121094;0.9999964237213135;True
97;11;LEFT_SHOULDER;0.2855605483055115;0.47011491656303406;-0.09407553821802139;0.9999940395355225;0.9999995231628418;True
97;12;RIGHT_SHOULDER;0.29217424988746643;0.47138604521751404;0.13556979596614838;0.9999074339866638;0.9999743700027466;True
97;13;LEFT_ELBOW;0.2961767017841339;0.5453487038612366;-0.16060180962085724;0.9899308085441589;0.9999337196350098;True
97;14;RIGHT_ELBOW;0.28504690527915955;0.535670280456543;0.1730237752199173;0.2826872169971466;0.9998283386230469;True
97;15;LEFT_WRIST;0.2959338128566742;0.614002525806427;-0.1819344460964203;0.9684690833091736;0.9999759197235107;True
97;16;RIGHT_WRIST;0.26133882999420166;0.5387204885482788;0.1673734337091446;0.7742040157318115;0.999995231628418;True
97;17;LEFT_PINKY;0.29963767528533936;0.633480429649353;-0.19761371612548828;0.9572058320045471;0.9999136924743652;True
97;18;RIGHT_PINKY;0.25402241945266724;0.5349256992340088;0.1736651360988617;0.8011587262153625;0.9999904632568359;True
97;19;LEFT_INDEX;0.2970886826515198;0.6362231373786926;-0.1945187747478485;0.9556555151939392;0.9999117851257324;True
97;20;RIGHT_INDEX;0.2529633641242981;0.5311383605003357;0.15945030748844147;0.7943907976150513;0.9999898672103882;True
97;21;LEFT_THUMB;0.29511627554893494;0.6300916075706482;-0.17946964502334595;0.9331845641136169;0.9999561309814453;True
97;22;RIGHT_THUMB;0.25630128383636475;0.5317603945732117;0.1599121242761612;0.7741893529891968;0.9999946355819702;True
97;23;LEFT_HIP;0.2770935595035553;0.618577241897583;-0.07023981958627701;0.999971330165863;0.9999934434890747;True
97;24;RIGHT_HIP;0.2896733582019806;0.6181588768959045;0.07016187161207199;0.9999481439590454;0.9999850988388062;True
97;25;LEFT_KNEE;0.24440111219882965;0.726618230342865;-0.09088324010372162;0.9523783326148987;0.9999638795852661;True
97;26;RIGHT_KNEE;0.286390095949173;0.7305378317832947;0.028486218303442;0.8134350776672363;0.9999657869338989;True
97;27;LEFT_ANKLE;0.22784079611301422;0.8479515314102173;-0.11370833218097687;0.9690986275672913;0.9998063445091248;True
97;28;RIGHT_ANKLE;0.2917490303516388;0.8418132066726685;0.012549410574138165;0.898093044757843;0.9999148845672607;True
97;29;LEFT_HEEL;0.2342114895582199;0.8650004267692566;-0.11885073781013489;0.9807497262954712;0.9991903901100159;True
97;30;RIGHT_HEEL;0.2996028661727905;0.8576534390449524;0.00941734854131937;0.9445565938949585;0.9998024106025696;True
97;31;LEFT_FOOT_INDEX;0.2040257751941681;0.8892103433609009;-0.16493628919124603;0.961296021938324;0.9984232187271118;True
97;32;RIGHT_FOOT_INDEX;0.27414658665657043;0.8854637742042542;-0.01846727542579174;0.8929560780525208;0.9992814660072327;True
98;0;NOSE;0.2679300308227539;0.42900350689888;0.058514371514320374;0.9999444484710693;0.9999986886978149;True
98;1;LEFT_EYE_INNER;0.26912155747413635;0.420331746339798;0.04412897676229477;0.9999572038650513;0.999998927116394;True
98;2;LEFT_EYE;0.2688870429992676;0.4204670488834381;0.044019248336553574;0.9999542832374573;0.9999991655349731;True
98;3;LEFT_EYE_OUTER;0.268584281206131;0.4205060601234436;0.04405878111720085;0.9999703168869019;0.9999991655349731;True
98;4;RIGHT_EYE_INNER;0.2718026041984558;0.4197268784046173;0.06342466175556183;0.9999566078186035;0.999997615814209;True
98;5;RIGHT_EYE;0.27338913083076477;0.41955164074897766;0.06331325322389603;0.9999536275863647;0.9999973773956299;True
98;6;RIGHT_EYE_OUTER;0.2747460901737213;0.4192787706851959;0.06332948058843613;0.9999606013298035;0.9999963045120239;True
98;7;LEFT_EAR;0.2727610468864441;0.424253910779953;-0.009508275426924229;0.9999766945838928;0.9999994039535522;True
98;8;RIGHT_EAR;0.27949196100234985;0.4232185184955597;0.078858382999897;0.9999082088470459;0.9999954700469971;True
98;9;MOUTH_LEFT;0.26884734630584717;0.43830618262290955;0.04178404062986374;0.9999121427536011;0.9999992847442627;True
98;10;MOUTH_RIGHT;0.27089980244636536;0.4382397532463074;0.06627238541841507;0.9998539686203003;0.9999957084655762;True
98;11;LEFT_SHOULDER;0.28370577096939087;0.47778019309043884;-0.07881825417280197;0.9999944567680359;0.9999995231628418;True
98;12;RIGHT_SHOULDER;0.2933630049228668;0.4696669578552246;0.13534604012966156;0.9999043941497803;0.9999592304229736;True
98;13;LEFT_ELBOW;0.29606395959854126;0.5505934953689575;-0.15076065063476562;0.9902595281600952;0.9999046325683594;True
98;14;RIGHT_ELBOW;0.28634101152420044;0.534405529499054;0.1572531759738922;0.25849539041519165;0.9995425939559937;True
98;15;LEFT_WRIST;0.2972978949546814;0.6152401566505432;-0.179594486951828;0.9711279273033142;0.9999591112136841;True
98;16;RIGHT_WRIST;0.26082277297973633;0.5368744134902954;0.1198086366057396;0.7614847421646118;0.9999814033508301;True
98;17;LEFT_PINKY;0.30016419291496277;0.6357696652412415;-0.19545850157737732;0.9606818556785583;0.9998650550842285;True
98;18;RIGHT_PINKY;0.25468626618385315;0.5359600782394409;0.12211202830076218;0.797732412815094;0.9999688863754272;True
98;19;LEFT_INDEX;0.2988683581352234;0.6378709077835083;-0.19259460270404816;0.9592227935791016;0.9998682737350464;True
98;20;RIGHT_INDEX;0.2529793977737427;0.5320222973823547;0.10769675672054291;0.7914294600486755;0.9999704360961914;True
98;21;LEFT_THUMB;0.2972398102283478;0.6320058703422546;-0.17760062217712402;0.9381422996520996;0.9999315738677979;True
98;22;RIGHT_THUMB;0.2564186155796051;0.5326505899429321;0.11129811406135559;0.7704795002937317;0.9999833106994629;True
98;23;LEFT_HIP;0.27670547366142273;0.6213443875312805;-0.0685025006532669;0.9999712109565735;0.9999955892562866;True
98;24;RIGHT_HIP;0.2888401746749878;0.6210446953773499;0.06841627508401871;0.9999465346336365;0.9999899864196777;True
98;25;LEFT_KNEE;0.24310500919818878;0.7284455895423889;-0.08582403510808945;0.9559798240661621;0.9999727010726929;True
98;26;RIGHT_KNEE;0.28497427701950073;0.7319974899291992;0.027772624045610428;0.8098007440567017;0.9999712705612183;True
98;27;LEFT_ANKLE;0.2278311550617218;0.8504440188407898;-0.11771547794342041;0.9719051718711853;0.9998658895492554;True
98;28;RIGHT_ANKLE;0.29058197140693665;0.8420501947402954;-0.003869672305881977;0.901715099811554;0.9999505281448364;True
98;29;LEFT_HEEL;0.23447513580322266;0.8690609931945801;-0.12402047961950302;0.9817007184028625;0.999393105506897;True
98;30;RIGHT_HEEL;0.2984972894191742;0.8590579032897949;-0.00930267944931984;0.9446239471435547;0.9998698234558105;True
98;31;LEFT_FOOT_INDEX;0.2046467363834381;0.8903069496154785;-0.17363736033439636;0.9647108912467957;0.9988192915916443;True
98;32;RIGHT_FOOT_INDEX;0.27262285351753235;0.8916717171669006;-0.042415253818035126;0.8990512490272522;0.999477207660675;True
99;0;NOSE;0.2666471302509308;0.4427782893180847;0.03466353192925453;0.9999448657035828;0.9999953508377075;True
99;1;LEFT_EYE_INNER;0.26777637004852295;0.43400946259498596;0.020817125216126442;0.9999578595161438;0.9999972581863403;True
99;2;LEFT_EYE;0.2674885392189026;0.43377795815467834;0.020710235461592674;0.9999558329582214;0.9999978542327881;True
99;3;LEFT_EYE_OUTER;0.26712721586227417;0.43345293402671814;0.02075737714767456;0.9999710321426392;0.9999978542327881;True
99;4;RIGHT_EYE_INNER;0.27064406871795654;0.43408167362213135;0.04039241001009941;0.9999569058418274;0.9999945163726807;True
99;5;RIGHT_EYE;0.2722512483596802;0.433996319770813;0.04026802256703377;0.9999542236328125;0.9999943971633911;True
99;6;RIGHT_EYE_OUTER;0.27362003922462463;0.43378981947898865;0.04026341810822487;0.9999604821205139;0.999993085861206;True
99;7;LEFT_EAR;0.27106422185897827;0.4362337291240692;-0.028068071231245995;0.9999777674674988;0.9999985694885254;True
99;8;RIGHT_EAR;0.27777576446533203;0.43692857027053833;0.06179971620440483;0.9999104738235474;0.9999921321868896;True
99;9;MOUTH_LEFT;0.2673570215702057;0.45116811990737915;0.01992880553007126;0.9999176263809204;0.9999977350234985;True
99;10;MOUTH_RIGHT;0.26960375905036926;0.45093095302581787;0.04469487816095352;0.999861478805542;0.999988317489624;True
99;11;LEFT_SHOULDER;0.28158894181251526;0.4875886142253876;-0.09582164138555527;0.999994695186615;0.9999988079071045;True
99;12;RIGHT_SHOULDER;0.2890147566795349;0.4882137179374695;0.1266341656446457;0.9998999238014221;0.9999639987945557;True
99;13;LEFT_ELBOW;0.2942337095737457;0.5622435212135315;-0.17445102334022522;0.9909377694129944;0.9998394250869751;True
99;14;RIGHT_ELBOW;0.28643906116485596;0.5527699589729309;0.19824057817459106;0.25444626808166504;0.9997480511665344;True
99;15;LEFT_WRIST;0.2972278296947479;0.6302658915519714;-0.21172134578227997;0.9731406569480896;0.9999467134475708;True
99;16;RIGHT_WRIST;0.26164424419403076;0.5644938945770264;0.23736555874347687;0.7178441882133484;0.9999912977218628;True
99;17;LEFT_PINKY;0.3015170693397522;0.6471327543258667;-0.22847118973731995;0.9629920125007629;0.999842643737793;True
99;18;RIGHT_PINKY;0.25559502840042114;0.5637964010238647;0.25235164165496826;0.7513357996940613;0.9999836683273315;True
99;19;LEFT_INDEX;0.3002106547355652;0.6508029699325562;-0.22470992803573608;0.9615308046340942;0.9998364448547363;True
99;20;RIGHT_INDEX;0.25334593653678894;0.5600551962852478;0.23466143012046814;0.7455623149871826;0.9999819993972778;True
99;21;LEFT_THUMB;0.2979281544685364;0.6457758545875549;-0.20946092903614044;0.9409483075141907;0.9999127388000488;True
99;22;RIGHT_THUMB;0.2568605840206146;0.5600607395172119;0.22974732518196106;0.7275665402412415;0.9999899864196777;True
99;23;LEFT_HIP;0.27301257848739624;0.6331258416175842;-0.07056345045566559;0.9999708533287048;0.9999934434890747;True
99;24;RIGHT_HIP;0.2851971685886383;0.6325488090515137;0.07048078626394272;0.9999442100524902;0.999987006187439;True
99;25;LEFT_KNEE;0.24091506004333496;0.7423054575920105;-0.08624759316444397;0.9591212272644043;0.9999536275863647;True
99;26;RIGHT_KNEE;0.2824200987815857;0.7451996803283691;0.031699616461992264;0.804146945476532;0.9999591112136841;True
99;27;LEFT_ANKLE;0.2279053032398224;0.865628719329834;-0.113204225897789;0.9743936657905579;0.9998083710670471;True
99;28;RIGHT_ANKLE;0.28743746876716614;0.8580289483070374;0.02039446122944355;0.9028078317642212;0.9999197721481323;True
99;29;LEFT_HEEL;0.2346709817647934;0.8808836936950684;-0.12299434095621109;0.9824352860450745;0.9992809891700745;True
99;30;RIGHT_HEEL;0.2946822941303253;0.8725110292434692;0.017697036266326904;0.9422165751457214;0.9998290538787842;True
99;31;LEFT_FOOT_INDEX;0.20504263043403625;0.9093919396400452;-0.16374459862709045;0.9677560925483704;0.9986804127693176;True
99;32;RIGHT_FOOT_INDEX;0.26949161291122437;0.9019994735717773;-0.010791251435875893;0.9022879600524902;0.999338686466217;True
100;0;NOSE;0.2663397192955017;0.443573921918869;0.03259744122624397;0.9999369382858276;0.999985933303833;True
100;1;LEFT_EYE_INNER;0.2673768401145935;0.434811532497406;0.01811978779733181;0.9999507069587708;0.9999891519546509;True
100;2;LEFT_EYE;0.2669955790042877;0.43498218059539795;0.0180206336081028;0.9999505281448364;0.9999915361404419;True
100;3;LEFT_EYE_OUTER;0.26656559109687805;0.43507158756256104;0.01806688867509365;0.9999666213989258;0.9999914169311523;True
100;4;RIGHT_EYE_INNER;0.27052947878837585;0.4341380298137665;0.0366373248398304;0.9999491572380066;0.9999809265136719;True
100;5;RIGHT_EYE;0.2721152603626251;0.43400582671165466;0.03650885820388794;0.9999474287033081;0.9999817609786987;True
100;6;RIGHT_EYE_OUTER;0.2735278308391571;0.4337828755378723;0.03650029003620148;0.9999533891677856;0.9999781847000122;True
100;7;LEFT_EAR;0.27045729756355286;0.4390523433685303;-0.03259356692433357;0.9999760985374451;0.9999945163726807;True
100;8;RIGHT_EAR;0.2776465117931366;0.437824547290802;0.05255807936191559;0.9999022483825684;0.9999797344207764;True
100;9;MOUTH_LEFT;0.26675859093666077;0.452602744102478;0.017329515889286995;0.9999173879623413;0.9999945163726807;True
100;10;MOUTH_RIGHT;0.26908257603645325;0.4524497985839844;0.04074260964989662;0.9998584985733032;0.9999747276306152;True
100;11;LEFT_SHOULDER;0.2793022394180298;0.49141669273376465;-0.09817668795585632;0.9999946355819702;0.9999978542327881;True
100;12;RIGHT_SHOULDER;0.289995014667511;0.4846510589122772;0.11231629550457001;0.9998935461044312;0.9999567270278931;True
100;13;LEFT_ELBOW;0.29418501257896423;0.566406786441803;-0.18023110926151276;0.9910765886306763;0.9996607303619385;True
100;14;RIGHT_ELBOW;0.28697192668914795;0.5497782230377197;0.19262835383415222;0.2457749992609024;0.9996399879455566;True
100;15;LEFT_WRIST;0.2966245412826538;0.631229043006897;-0.2227713018655777;0.9728140830993652;0.9998629093170166;True
100;16;RIGHT_WRIST;0.2620057165622711;0.5644593238830566;0.21539881825447083;0.6674215197563171;0.999985933303833;True
100;17;LEFT_PINKY;0.30068010091781616;0.6493973731994629;-0.24008096754550934;0.9620876312255859;0.9996564388275146;True
100;18;RIGHT_PINKY;0.255820095539093;0.5657930374145508;0.22825132310390472;0.7001181244850159;0.9999748468399048;True
100;19;LEFT_INDEX;0.2997111678123474;0.6509847640991211;-0.2362687736749649;0.9604060053825378;0.9996495246887207;True
100;20;RIGHT_INDEX;0.2541256844997406;0.5615280866622925;0.21246500313282013;0.694644033908844;0.9999736547470093;True
100;21;LEFT_THUMB;0.2980928122997284;0.6460956335067749;-0.22080039978027344;0.937892496585846;0.9998020529747009;True
100;22;RIGHT_THUMB;0.25736844539642334;0.5614641904830933;0.20840983092784882;0.6788708567619324;0.999984860420227;True
100;23;LEFT_HIP;0.2726108431816101;0.6362919807434082;-0.06962478905916214;0.9999698996543884;0.999992847442627;True
100;24;RIGHT_HIP;0.2852973937988281;0.6356706619262695;0.06953462958335876;0.9999412894248962;0.9999881982803345;True
100;25;LEFT_KNEE;0.2404545247554779;0.7435687780380249;-0.08932864665985107;0.9615138173103333;0.9999544620513916;True
100;26;RIGHT_KNEE;0.2818746864795685;0.7453940510749817;0.03575892746448517;0.7901544570922852;0.9999666213989258;True
100;27;LEFT_ANKLE;0.22795970737934113;0.8682611584663391;-0.11451632529497147;0.9766204953193665;0.999866247177124;True
100;28;RIGHT_ANKLE;0.28616130352020264;0.8567031621932983;0.020140182226896286;0.9030693173408508;0.9999407529830933;True
100;29;LEFT_HEEL;0.23475304245948792;0.8844376802444458;-0.12036219239234924;0.9830630421638489;0.9994877576828003;True
100;30;RIGHT_HEEL;0.29346564412117004;0.8717998266220093;0.016976241022348404;0.9392303228378296;0.9998708963394165;True
100;31;LEFT_FOOT_INDEX;0.2053462713956833;0.908242404460907;-0.16361485421657562;0.9704676866531372;0.999018669128418;True
100;32;RIGHT_FOOT_INDEX;0.2691660225391388;0.9058343768119812;-0.009662660770118237;0.9044537544250488;0.9995328187942505;True
101;0;NOSE;0.2590411603450775;0.49209266901016235;-0.012341647408902645;0.9999355673789978;0.9999874830245972;True
101;1;LEFT_EYE_INNER;0.2599063515663147;0.48265329003334045;-0.027360398322343826;0.9999495148658752;0.9999938011169434;True
101;2;LEFT_EYE;0.2598629891872406;0.4825507700443268;-0.0274839885532856;0.9999504685401917;0.9999958276748657;True
101;3;LEFT_EYE_OUTER;0.2596772313117981;0.48230940103530884;-0.027463864535093307;0.9999663829803467;0.9999960660934448;True
101;4;RIGHT_EYE_INNER;0.26239436864852905;0.4826272428035736;-0.007042014505714178;0.9999456405639648;0.999983549118042;True
101;5;RIGHT_EYE;0.2640077471733093;0.48247623443603516;-0.007165966555476189;0.9999441504478455;0.9999825954437256;True
101;6;RIGHT_EYE_OUTER;0.2655237317085266;0.4821554124355316;-0.0071932110004127026;0.9999496340751648;0.9999744892120361;True
101;7;LEFT_EAR;0.26409652829170227;0.48603978753089905;-0.07034733891487122;0.9999761581420898;0.9999964237213135;True
101;8;RIGHT_EAR;0.2710694372653961;0.48546069860458374;0.022138668224215508;0.9998853206634521;0.9999550580978394;True
101;9;MOUTH_LEFT;0.2605951130390167;0.5015525817871094;-0.024056242778897285;0.999914288520813;0.9999908208847046;True
101;10;MOUTH_RIGHT;0.2625710666179657;0.5014005303382874;0.0014948510797694325;0.9998430609703064;0.999942421913147;True
101;11;LEFT_SHOULDER;0.2714462876319885;0.539232611656189;-0.12885645031929016;0.999994695186615;0.9999988079071045;True
101;12;RIGHT_SHOULDER;0.28574103116989136;0.5367676615715027;0.09500338137149811;0.9998283982276917;0.9998369216918945;True
101;13;LEFT_ELBOW;0.2850984036922455;0.6145521998405457;-0.18503984808921814;0.9917790293693542;0.9999557733535767;True
101;14;RIGHT_ELBOW;0.2873818576335907;0.6039484143257141;0.1092933714389801;0.22231484949588776;0.9993546605110168;True
101;15;LEFT_WRIST;0.29259252548217773;0.6843322515487671;-0.20452822744846344;0.9747905135154724;0.9999533891677856;True
101;16;RIGHT_WRIST;0.2672956883907318;0.6637035012245178;0.05071024224162102;0.6024356484413147;0.9995156526565552;True
101;17;LEFT_PINKY;0.29963570833206177;0.7020381689071655;-0.22385336458683014;0.9643808603286743;0.9998593330383301;True
101;18;RIGHT_PINKY;0.2644176781177521;0.6771196126937866;0.047224294394254684;0.6332882642745972;0.9994231462478638;True
101;19;LEFT_INDEX;0.2992609739303589;0.7057963609695435;-0.22339028120040894;0.9627728462219238;0.9998179078102112;True
101;20;RIGHT_INDEX;0.2584931254386902;0.6753111481666565;0.030284378677606583;0.6283897161483765;0.999233603477478;True
101;21;LEFT_THUMB;0.2945076525211334;0.7000096440315247;-0.20344232022762299;0.9411348104476929;0.9998915195465088;True
101;22;RIGHT_THUMB;0.2600443959236145;0.6742309927940369;0.04051874205470085;0.6145155429840088;0.999473512172699;True
101;23;LEFT_HIP;0.26435717940330505;0.693244993686676;-0.0708460584282875;0.9999713897705078;0.9999982118606567;True
101;24;RIGHT_HIP;0.27923282980918884;0.6927233338356018;0.0707755908370018;0.9999417066574097;0.9999940395355225;True
101;25;LEFT_KNEE;0.23139621317386627;0.7889117002487183;-0.07199203968048096;0.9650381803512573;0.9999886751174927;True
101;26;RIGHT_KNEE;0.272504985332489;0.7912644743919373;0.10085465013980865;0.7852168083190918;0.9999749660491943;True
101;27;LEFT_ANKLE;0.23464816808700562;0.9039505124092102;-0.026738133281469345;0.9787291288375854;0.9999076128005981;True
101;28;RIGHT_ANKLE;0.2872254252433777;0.8940138816833496;0.13887709379196167;0.9065831899642944;0.9999642372131348;True
101;29;LEFT_HEEL;0.24247731268405914;0.9229663610458374;-0.025383947417140007;0.9832914471626282;0.9996541738510132;True
101;30;RIGHT_HEEL;0.294725626707077;0.9107491970062256;0.14050620794296265;0.938797116279602;0.9999336004257202;True
101;31;LEFT_FOOT_INDEX;0.20818836987018585;0.9310111403465271;-0.07048282027244568;0.9729964733123779;0.9995444416999817;True
101;32;RIGHT_FOOT_INDEX;0.26704108715057373;0.9234107136726379;0.11410138010978699;0.9089417457580566;0.9998296499252319;True
102;0;NOSE;0.2537548243999481;0.5085288286209106;-0.04008406773209572;0.9999217987060547;0.999972939491272;True
102;1;LEFT_EYE_INNER;0.25579479336738586;0.4995325803756714;-0.05581841990351677;0.9999352097511292;0.9999760389328003;True
102;2;LEFT_EYE;0.2560041546821594;0.4993632137775421;-0.05594015493988991;0.9999375939369202;0.9999836683273315;True
102;3;LEFT_EYE_OUTER;0.2560473084449768;0.4991283714771271;-0.055918511003255844;0.999957799911499;0.999983549118042;True
102;4;RIGHT_EYE_INNER;0.2576737701892853;0.4994557201862335;-0.03460734710097313;0.9999242424964905;0.9999408721923828;True
102;5;RIGHT_EYE;0.259233683347702;0.4992283582687378;-0.034722406417131424;0.9999197125434875;0.9999366998672485;True
102;6;RIGHT_EYE_OUTER;0.2607097029685974;0.4989127218723297;-0.03474804386496544;0.9999285340309143;0.9999068975448608;True
102;7;LEFT_EAR;0.26087766885757446;0.5019144415855408;-0.09967359155416489;0.9999701380729675;0.9999881982803345;True
102;8;RIGHT_EAR;0.2669992744922638;0.5019508004188538;-0.0029458473436534405;0.9998141527175903;0.9998925924301147;True
102;9;MOUTH_LEFT;0.2559785544872284;0.5178419351577759;-0.05192131921648979;0.9998927116394043;0.9999847412109375;True
102;10;MOUTH_RIGHT;0.2573859989643097;0.5180658102035522;-0.025106728076934814;0.999782919883728;0.9999101161956787;True
102;11;LEFT_SHOULDER;0.26828405261039734;0.558237612247467;-0.15346437692642212;0.9999943971633911;0.9999978542327881;True
102;12;RIGHT_SHOULDER;0.2815864384174347;0.5544290542602539;0.07151283323764801;0.999763011932373;0.999836802482605;True
102;13;LEFT_ELBOW;0.27962979674339294;0.6355994939804077;-0.21286806464195251;0.991430401802063;0.9999041557312012;True
102;14;RIGHT_ELBOW;0.2863002419471741;0.6259130239486694;0.09146974980831146;0.20036594569683075;0.9994803071022034;True
102;15;LEFT_WRIST;0.2849181592464447;0.7045533061027527;-0.23167896270751953;0.9711863994598389;0.9998326301574707;True
102;16;RIGHT_WRIST;0.2726745009422302;0.6858258843421936;0.050976917147636414;0.5427467226982117;0.9995902180671692;True
102;17;LEFT_PINKY;0.28958889842033386;0.7244541645050049;-0.2523217797279358;0.9581006169319153;0.9995033740997314;True
102;18;RIGHT_PINKY;0.2723041772842407;0.7041478753089905;0.048587679862976074;0.5710845589637756;0.9994673132896423;True
102;19;LEFT_INDEX;0.28814923763275146;0.7285500168800354;-0.2507387399673462;0.9557884931564331;0.9993871450424194;True
102;20;RIGHT_INDEX;0.2691148519515991;0.7066494822502136;0.03427109867334366;0.5666313767433167;0.9993060827255249;True
102;21;LEFT_THUMB;0.28494903445243835;0.7220956683158875;-0.2301357239484787;0.9280858635902405;0.999643087387085;True
102;22;RIGHT_THUMB;0.2686747908592224;0.7016960978507996;0.04248170927166939;0.554253876209259;0.9995403289794922;True
102;23;LEFT_HIP;0.2608255445957184;0.7130545377731323;-0.0717267245054245;0.9999717473983765;0.9999986886978149;True
102;24;RIGHT_HIP;0.2762901484966278;0.7112450003623962;0.07166262716054916;0.9999406337738037;0.9999971389770508;True
102;25;LEFT_KNEE;0.22466839849948883;0.8032341599464417;-0.042521823197603226;0.9651882648468018;0.9999854564666748;True
102;26;RIGHT_KNEE;0.26636216044425964;0.8060702681541443;0.13135077059268951;0.7385772466659546;0.9999827146530151;True
102;27;LEFT_ANKLE;0.23817279934883118;0.9109901189804077;0.020999347791075706;0.9789997339248657;0.9998575448989868;True
102;28;RIGHT_ANKLE;0.2875215709209442;0.9015171527862549;0.1750258505344391;0.8918266892433167;0.9999682903289795;True
102;29;LEFT_HEEL;0.24617837369441986;0.926446795463562;0.02452496998012066;0.9766761064529419;0.9994568228721619;True
102;30;RIGHT_HEEL;0.2951052784919739;0.9173259139060974;0.17754264175891876;0.92528235912323;0.9999361038208008;True
102;31;LEFT_FOOT_INDEX;0.21059991419315338;0.9331507086753845;-0.013037596829235554;0.972467303276062;0.9994916915893555;True
102;32;RIGHT_FOOT_INDEX;0.2669875919818878;0.9249280691146851;0.15829573571681976;0.8980457782745361;0.9998371601104736;True
